2024-09-10 12:26:28 [::1][-][au5o7c8s28cl8iui6k3of8d2j8][error][Error] Error: Interface "Yii\web\IdentityInterface" not found in /opt/lampp/htdocs/models/User.php:23
Stack trace:
#0 /opt/lampp/htdocs/vendor/yiisoft/yii2/BaseYii.php(293): include()
#1 /opt/lampp/htdocs/models/LoginForm.php(76): yii\BaseYii::autoload('app\\models\\User')
#2 /opt/lampp/htdocs/models/LoginForm.php(48): app\models\LoginForm->getUser()
#3 /opt/lampp/htdocs/vendor/yiisoft/yii2/validators/InlineValidator.php(77): app\models\LoginForm->validatePassword('password', NULL, Object(yii\validators\InlineValidator), '133')
#4 /opt/lampp/htdocs/vendor/yiisoft/yii2/validators/Validator.php(260): yii\validators\InlineValidator->validateAttribute(Object(app\models\LoginForm), 'password')
#5 /opt/lampp/htdocs/vendor/yiisoft/yii2/base/Model.php(368): yii\validators\Validator->validateAttributes(Object(app\models\LoginForm), Array)
#6 /opt/lampp/htdocs/models/LoginForm.php(62): yii\base\Model->validate()
#7 /opt/lampp/htdocs/controllers/SiteController.php(79): app\models\LoginForm->login()
#8 [internal function]: app\controllers\SiteController->actionLogin()
#9 /opt/lampp/htdocs/vendor/yiisoft/yii2/base/InlineAction.php(57): call_user_func_array(Array, Array)
#10 /opt/lampp/htdocs/vendor/yiisoft/yii2/base/Controller.php(178): yii\base\InlineAction->runWithParams(Array)
#11 /opt/lampp/htdocs/vendor/yiisoft/yii2/base/Module.php(552): yii\base\Controller->runAction('login', Array)
#12 /opt/lampp/htdocs/vendor/yiisoft/yii2/web/Application.php(103): yii\base\Module->runAction('site/login', Array)
#13 /opt/lampp/htdocs/vendor/yiisoft/yii2/base/Application.php(384): yii\web\Application->handleRequest(Object(yii\web\Request))
#14 /opt/lampp/htdocs/web/index.php(12): yii\base\Application->run()
#15 {main}
2024-09-10 12:26:28 [::1][-][au5o7c8s28cl8iui6k3of8d2j8][info][application] $_GET = []

$_POST = [
    '_csrf' => 'As4hpJkc44TXDYFjrkp06tOrLno9I8n3f8kY9FSeEUFOjGLX_26b6LI_0VTbJRyCh8JxCW5q-rMsgG27ZMknMQ=='
    'LoginForm' => [
        'username' => '123'
        'password' => '133'
        'rememberMe' => '1'
    ]
    'login-button' => ''
]

$_FILES = []

$_COOKIE = [
    'PHPSESSID' => 'au5o7c8s28cl8iui6k3of8d2j8'
    '_csrf' => '0ba4f8a72a860a61f58e337124fb2d235da38d099aed2e7259e6beb1260e483ca:2:{i:0;s:5:\"_csrf\";i:1;s:32:\"LBCsfrxle2P7uohhTi_sSI3DSIuO0W6p\";}'
]

$_SESSION = [
    '__flash' => []
]

$_SERVER = [
    'REDIRECT_REDIRECT_UNIQUE_ID' => 'ZuAe1OsbZWNnlS1bo-1tuAAAAAA'
    'REDIRECT_REDIRECT_STATUS' => '200'
    'REDIRECT_UNIQUE_ID' => 'ZuAe1OsbZWNnlS1bo-1tuAAAAAA'
    'REDIRECT_STATUS' => '200'
    'UNIQUE_ID' => 'ZuAe1OsbZWNnlS1bo-1tuAAAAAA'
    'HTTP_HOST' => 'localhost'
    'HTTP_CONNECTION' => 'keep-alive'
    'CONTENT_LENGTH' => '224'
    'HTTP_CACHE_CONTROL' => 'max-age=0'
    'HTTP_SEC_CH_UA' => '\"Chromium\";v=\"127\", \"Not)A;Brand\";v=\"99\"'
    'HTTP_SEC_CH_UA_MOBILE' => '?0'
    'HTTP_SEC_CH_UA_PLATFORM' => '\"Linux\"'
    'HTTP_UPGRADE_INSECURE_REQUESTS' => '1'
    'HTTP_ORIGIN' => 'http://localhost'
    'CONTENT_TYPE' => 'application/x-www-form-urlencoded'
    'HTTP_USER_AGENT' => 'Mozilla/5.0 (X11; Linux x86_64; Chromium GOST) AppleWebKit/537.36 (KHTML, like Gecko) Chrome/127.0.0.0 Safari/537.36'
    'HTTP_ACCEPT' => 'text/html,application/xhtml+xml,application/xml;q=0.9,image/avif,image/webp,image/apng,*/*;q=0.8,application/signed-exchange;v=b3;q=0.7'
    'HTTP_SEC_FETCH_SITE' => 'same-origin'
    'HTTP_SEC_FETCH_MODE' => 'navigate'
    'HTTP_SEC_FETCH_USER' => '?1'
    'HTTP_SEC_FETCH_DEST' => 'document'
    'HTTP_REFERER' => 'http://localhost/site/login'
    'HTTP_ACCEPT_ENCODING' => 'gzip, deflate, br, zstd'
    'HTTP_ACCEPT_LANGUAGE' => 'ru-RU,ru;q=0.9,en-US;q=0.8,en;q=0.7'
    'HTTP_COOKIE' => 'PHPSESSID=au5o7c8s28cl8iui6k3of8d2j8; _csrf=0ba4f8a72a860a61f58e337124fb2d235da38d099aed2e7259e6beb1260e483ca%3A2%3A%7Bi%3A0%3Bs%3A5%3A%22_csrf%22%3Bi%3A1%3Bs%3A32%3A%22LBCsfrxle2P7uohhTi_sSI3DSIuO0W6p%22%3B%7D'
    'PATH' => '/root/.local/bin:/root/bin:/home/kabinet303/.local/bin:/home/kabinet303/bin:/usr/local/bin:/usr/bin:/bin:/usr/local/sbin:/usr/sbin:/sbin'
    'LD_LIBRARY_PATH' => '/opt/lampp/lib:/opt/lampp/lib'
    'SERVER_SIGNATURE' => ''
    'SERVER_SOFTWARE' => 'Apache/2.4.58 (Unix) OpenSSL/1.1.1w PHP/8.2.12 mod_perl/2.0.12 Perl/v5.34.1'
    'SERVER_NAME' => 'localhost'
    'SERVER_ADDR' => '::1'
    'SERVER_PORT' => '80'
    'REMOTE_ADDR' => '::1'
    'DOCUMENT_ROOT' => '/opt/lampp/htdocs'
    'REQUEST_SCHEME' => 'http'
    'CONTEXT_PREFIX' => ''
    'CONTEXT_DOCUMENT_ROOT' => '/opt/lampp/htdocs'
    'SERVER_ADMIN' => 'you@example.com'
    'SCRIPT_FILENAME' => '/opt/lampp/htdocs/web/index.php'
    'REMOTE_PORT' => '41446'
    'REDIRECT_URL' => '/web/site/login'
    'GATEWAY_INTERFACE' => 'CGI/1.1'
    'SERVER_PROTOCOL' => 'HTTP/1.1'
    'REQUEST_METHOD' => 'POST'
    'QUERY_STRING' => ''
    'REQUEST_URI' => '/site/login'
    'SCRIPT_NAME' => '/web/index.php'
    'PHP_SELF' => '/web/index.php'
    'REQUEST_TIME_FLOAT' => 1725963988.6983
    'REQUEST_TIME' => 1725963988
]
2024-09-10 12:37:51 [::1][-][au5o7c8s28cl8iui6k3of8d2j8][error][Error] Error: Interface "Yii\web\IdentityInterface" not found in /opt/lampp/htdocs/models/User.php:23
Stack trace:
#0 /opt/lampp/htdocs/vendor/yiisoft/yii2/BaseYii.php(293): include()
#1 /opt/lampp/htdocs/models/LoginForm.php(85): yii\BaseYii::autoload('app\\models\\User')
#2 /opt/lampp/htdocs/models/LoginForm.php(48): app\models\LoginForm->getUser()
#3 /opt/lampp/htdocs/vendor/yiisoft/yii2/validators/InlineValidator.php(77): app\models\LoginForm->validatePassword('password', NULL, Object(yii\validators\InlineValidator), '123')
#4 /opt/lampp/htdocs/vendor/yiisoft/yii2/validators/Validator.php(260): yii\validators\InlineValidator->validateAttribute(Object(app\models\LoginForm), 'password')
#5 /opt/lampp/htdocs/vendor/yiisoft/yii2/base/Model.php(368): yii\validators\Validator->validateAttributes(Object(app\models\LoginForm), Array)
#6 /opt/lampp/htdocs/models/LoginForm.php(71): yii\base\Model->validate()
#7 /opt/lampp/htdocs/controllers/SiteController.php(79): app\models\LoginForm->login()
#8 [internal function]: app\controllers\SiteController->actionLogin()
#9 /opt/lampp/htdocs/vendor/yiisoft/yii2/base/InlineAction.php(57): call_user_func_array(Array, Array)
#10 /opt/lampp/htdocs/vendor/yiisoft/yii2/base/Controller.php(178): yii\base\InlineAction->runWithParams(Array)
#11 /opt/lampp/htdocs/vendor/yiisoft/yii2/base/Module.php(552): yii\base\Controller->runAction('login', Array)
#12 /opt/lampp/htdocs/vendor/yiisoft/yii2/web/Application.php(103): yii\base\Module->runAction('site/login', Array)
#13 /opt/lampp/htdocs/vendor/yiisoft/yii2/base/Application.php(384): yii\web\Application->handleRequest(Object(yii\web\Request))
#14 /opt/lampp/htdocs/web/index.php(12): yii\base\Application->run()
#15 {main}
2024-09-10 12:37:51 [::1][-][au5o7c8s28cl8iui6k3of8d2j8][info][application] $_GET = []

$_POST = [
    '_csrf' => 'iyVKr4cvT-M_MySx4FRn40RzxJMp9owcp0AnEsgOq_bHZwnc4V03j1oBdIaVOw-LEBqb4Hq_v1j0CVJd-Fmdhg=='
    'LoginForm' => [
        'username' => '123'
        'password' => '123'
        'rememberMe' => '1'
    ]
    'login-button' => ''
]

$_FILES = []

$_COOKIE = [
    'PHPSESSID' => 'au5o7c8s28cl8iui6k3of8d2j8'
    '_csrf' => '0ba4f8a72a860a61f58e337124fb2d235da38d099aed2e7259e6beb1260e483ca:2:{i:0;s:5:\"_csrf\";i:1;s:32:\"LBCsfrxle2P7uohhTi_sSI3DSIuO0W6p\";}'
]

$_SESSION = [
    '__flash' => []
]

$_SERVER = [
    'REDIRECT_REDIRECT_UNIQUE_ID' => 'ZuAhf6BPE-hboo_Af2FhNAAAAAQ'
    'REDIRECT_REDIRECT_STATUS' => '200'
    'REDIRECT_UNIQUE_ID' => 'ZuAhf6BPE-hboo_Af2FhNAAAAAQ'
    'REDIRECT_STATUS' => '200'
    'UNIQUE_ID' => 'ZuAhf6BPE-hboo_Af2FhNAAAAAQ'
    'HTTP_HOST' => 'localhost'
    'HTTP_CONNECTION' => 'keep-alive'
    'CONTENT_LENGTH' => '224'
    'HTTP_CACHE_CONTROL' => 'max-age=0'
    'HTTP_SEC_CH_UA' => '\"Chromium\";v=\"127\", \"Not)A;Brand\";v=\"99\"'
    'HTTP_SEC_CH_UA_MOBILE' => '?0'
    'HTTP_SEC_CH_UA_PLATFORM' => '\"Linux\"'
    'HTTP_UPGRADE_INSECURE_REQUESTS' => '1'
    'HTTP_ORIGIN' => 'http://localhost'
    'CONTENT_TYPE' => 'application/x-www-form-urlencoded'
    'HTTP_USER_AGENT' => 'Mozilla/5.0 (X11; Linux x86_64; Chromium GOST) AppleWebKit/537.36 (KHTML, like Gecko) Chrome/127.0.0.0 Safari/537.36'
    'HTTP_ACCEPT' => 'text/html,application/xhtml+xml,application/xml;q=0.9,image/avif,image/webp,image/apng,*/*;q=0.8,application/signed-exchange;v=b3;q=0.7'
    'HTTP_SEC_FETCH_SITE' => 'same-origin'
    'HTTP_SEC_FETCH_MODE' => 'navigate'
    'HTTP_SEC_FETCH_USER' => '?1'
    'HTTP_SEC_FETCH_DEST' => 'document'
    'HTTP_REFERER' => 'http://localhost/site/login'
    'HTTP_ACCEPT_ENCODING' => 'gzip, deflate, br, zstd'
    'HTTP_ACCEPT_LANGUAGE' => 'ru-RU,ru;q=0.9,en-US;q=0.8,en;q=0.7'
    'HTTP_COOKIE' => 'PHPSESSID=au5o7c8s28cl8iui6k3of8d2j8; _csrf=0ba4f8a72a860a61f58e337124fb2d235da38d099aed2e7259e6beb1260e483ca%3A2%3A%7Bi%3A0%3Bs%3A5%3A%22_csrf%22%3Bi%3A1%3Bs%3A32%3A%22LBCsfrxle2P7uohhTi_sSI3DSIuO0W6p%22%3B%7D'
    'PATH' => '/root/.local/bin:/root/bin:/home/kabinet303/.local/bin:/home/kabinet303/bin:/usr/local/bin:/usr/bin:/bin:/usr/local/sbin:/usr/sbin:/sbin'
    'LD_LIBRARY_PATH' => '/opt/lampp/lib:/opt/lampp/lib'
    'SERVER_SIGNATURE' => ''
    'SERVER_SOFTWARE' => 'Apache/2.4.58 (Unix) OpenSSL/1.1.1w PHP/8.2.12 mod_perl/2.0.12 Perl/v5.34.1'
    'SERVER_NAME' => 'localhost'
    'SERVER_ADDR' => '::1'
    'SERVER_PORT' => '80'
    'REMOTE_ADDR' => '::1'
    'DOCUMENT_ROOT' => '/opt/lampp/htdocs'
    'REQUEST_SCHEME' => 'http'
    'CONTEXT_PREFIX' => ''
    'CONTEXT_DOCUMENT_ROOT' => '/opt/lampp/htdocs'
    'SERVER_ADMIN' => 'you@example.com'
    'SCRIPT_FILENAME' => '/opt/lampp/htdocs/web/index.php'
    'REMOTE_PORT' => '34282'
    'REDIRECT_URL' => '/web/site/login'
    'GATEWAY_INTERFACE' => 'CGI/1.1'
    'SERVER_PROTOCOL' => 'HTTP/1.1'
    'REQUEST_METHOD' => 'POST'
    'QUERY_STRING' => ''
    'REQUEST_URI' => '/site/login'
    'SCRIPT_NAME' => '/web/index.php'
    'PHP_SELF' => '/web/index.php'
    'REQUEST_TIME_FLOAT' => 1725964671.2799
    'REQUEST_TIME' => 1725964671
]
2024-09-10 12:38:22 [::1][-][au5o7c8s28cl8iui6k3of8d2j8][error][Error] Error: Interface "Yii\web\IdentityInterface" not found in /opt/lampp/htdocs/models/User.php:23
Stack trace:
#0 /opt/lampp/htdocs/vendor/yiisoft/yii2/BaseYii.php(293): include()
#1 /opt/lampp/htdocs/models/LoginForm.php(85): yii\BaseYii::autoload('app\\models\\User')
#2 /opt/lampp/htdocs/models/LoginForm.php(48): app\models\LoginForm->getUser()
#3 /opt/lampp/htdocs/vendor/yiisoft/yii2/validators/InlineValidator.php(77): app\models\LoginForm->validatePassword('password', NULL, Object(yii\validators\InlineValidator), '123')
#4 /opt/lampp/htdocs/vendor/yiisoft/yii2/validators/Validator.php(260): yii\validators\InlineValidator->validateAttribute(Object(app\models\LoginForm), 'password')
#5 /opt/lampp/htdocs/vendor/yiisoft/yii2/base/Model.php(368): yii\validators\Validator->validateAttributes(Object(app\models\LoginForm), Array)
#6 /opt/lampp/htdocs/models/LoginForm.php(71): yii\base\Model->validate()
#7 /opt/lampp/htdocs/controllers/SiteController.php(79): app\models\LoginForm->login()
#8 [internal function]: app\controllers\SiteController->actionLogin()
#9 /opt/lampp/htdocs/vendor/yiisoft/yii2/base/InlineAction.php(57): call_user_func_array(Array, Array)
#10 /opt/lampp/htdocs/vendor/yiisoft/yii2/base/Controller.php(178): yii\base\InlineAction->runWithParams(Array)
#11 /opt/lampp/htdocs/vendor/yiisoft/yii2/base/Module.php(552): yii\base\Controller->runAction('login', Array)
#12 /opt/lampp/htdocs/vendor/yiisoft/yii2/web/Application.php(103): yii\base\Module->runAction('site/login', Array)
#13 /opt/lampp/htdocs/vendor/yiisoft/yii2/base/Application.php(384): yii\web\Application->handleRequest(Object(yii\web\Request))
#14 /opt/lampp/htdocs/web/index.php(12): yii\base\Application->run()
#15 {main}
2024-09-10 12:38:22 [::1][-][au5o7c8s28cl8iui6k3of8d2j8][info][application] $_GET = []

$_POST = [
    '_csrf' => 'iyVKr4cvT-M_MySx4FRn40RzxJMp9owcp0AnEsgOq_bHZwnc4V03j1oBdIaVOw-LEBqb4Hq_v1j0CVJd-Fmdhg=='
    'LoginForm' => [
        'username' => '123'
        'password' => '123'
        'rememberMe' => '1'
    ]
    'login-button' => ''
]

$_FILES = []

$_COOKIE = [
    'PHPSESSID' => 'au5o7c8s28cl8iui6k3of8d2j8'
    '_csrf' => '0ba4f8a72a860a61f58e337124fb2d235da38d099aed2e7259e6beb1260e483ca:2:{i:0;s:5:\"_csrf\";i:1;s:32:\"LBCsfrxle2P7uohhTi_sSI3DSIuO0W6p\";}'
]

$_SESSION = [
    '__flash' => []
]

$_SERVER = [
    'REDIRECT_REDIRECT_UNIQUE_ID' => 'ZuAhngZKgBTwHS1_MgBqRQAAAAU'
    'REDIRECT_REDIRECT_STATUS' => '200'
    'REDIRECT_UNIQUE_ID' => 'ZuAhngZKgBTwHS1_MgBqRQAAAAU'
    'REDIRECT_STATUS' => '200'
    'UNIQUE_ID' => 'ZuAhngZKgBTwHS1_MgBqRQAAAAU'
    'HTTP_HOST' => 'localhost'
    'HTTP_CONNECTION' => 'keep-alive'
    'CONTENT_LENGTH' => '224'
    'HTTP_CACHE_CONTROL' => 'max-age=0'
    'HTTP_SEC_CH_UA' => '\"Chromium\";v=\"127\", \"Not)A;Brand\";v=\"99\"'
    'HTTP_SEC_CH_UA_MOBILE' => '?0'
    'HTTP_SEC_CH_UA_PLATFORM' => '\"Linux\"'
    'HTTP_UPGRADE_INSECURE_REQUESTS' => '1'
    'HTTP_USER_AGENT' => 'Mozilla/5.0 (X11; Linux x86_64; Chromium GOST) AppleWebKit/537.36 (KHTML, like Gecko) Chrome/127.0.0.0 Safari/537.36'
    'HTTP_ORIGIN' => 'http://localhost'
    'CONTENT_TYPE' => 'application/x-www-form-urlencoded'
    'HTTP_ACCEPT' => 'text/html,application/xhtml+xml,application/xml;q=0.9,image/avif,image/webp,image/apng,*/*;q=0.8,application/signed-exchange;v=b3;q=0.7'
    'HTTP_SEC_FETCH_SITE' => 'same-origin'
    'HTTP_SEC_FETCH_MODE' => 'navigate'
    'HTTP_SEC_FETCH_USER' => '?1'
    'HTTP_SEC_FETCH_DEST' => 'document'
    'HTTP_REFERER' => 'http://localhost/site/login'
    'HTTP_ACCEPT_ENCODING' => 'gzip, deflate, br, zstd'
    'HTTP_ACCEPT_LANGUAGE' => 'ru-RU,ru;q=0.9,en-US;q=0.8,en;q=0.7'
    'HTTP_COOKIE' => 'PHPSESSID=au5o7c8s28cl8iui6k3of8d2j8; _csrf=0ba4f8a72a860a61f58e337124fb2d235da38d099aed2e7259e6beb1260e483ca%3A2%3A%7Bi%3A0%3Bs%3A5%3A%22_csrf%22%3Bi%3A1%3Bs%3A32%3A%22LBCsfrxle2P7uohhTi_sSI3DSIuO0W6p%22%3B%7D'
    'PATH' => '/root/.local/bin:/root/bin:/home/kabinet303/.local/bin:/home/kabinet303/bin:/usr/local/bin:/usr/bin:/bin:/usr/local/sbin:/usr/sbin:/sbin'
    'LD_LIBRARY_PATH' => '/opt/lampp/lib:/opt/lampp/lib'
    'SERVER_SIGNATURE' => ''
    'SERVER_SOFTWARE' => 'Apache/2.4.58 (Unix) OpenSSL/1.1.1w PHP/8.2.12 mod_perl/2.0.12 Perl/v5.34.1'
    'SERVER_NAME' => 'localhost'
    'SERVER_ADDR' => '::1'
    'SERVER_PORT' => '80'
    'REMOTE_ADDR' => '::1'
    'DOCUMENT_ROOT' => '/opt/lampp/htdocs'
    'REQUEST_SCHEME' => 'http'
    'CONTEXT_PREFIX' => ''
    'CONTEXT_DOCUMENT_ROOT' => '/opt/lampp/htdocs'
    'SERVER_ADMIN' => 'you@example.com'
    'SCRIPT_FILENAME' => '/opt/lampp/htdocs/web/index.php'
    'REMOTE_PORT' => '34288'
    'REDIRECT_URL' => '/web/site/login'
    'GATEWAY_INTERFACE' => 'CGI/1.1'
    'SERVER_PROTOCOL' => 'HTTP/1.1'
    'REQUEST_METHOD' => 'POST'
    'QUERY_STRING' => ''
    'REQUEST_URI' => '/site/login'
    'SCRIPT_NAME' => '/web/index.php'
    'PHP_SELF' => '/web/index.php'
    'REQUEST_TIME_FLOAT' => 1725964702.3791
    'REQUEST_TIME' => 1725964702
]
2024-09-10 12:38:35 [::1][-][au5o7c8s28cl8iui6k3of8d2j8][error][Error] Error: Interface "Yii\web\IdentityInterface" not found in /opt/lampp/htdocs/models/User.php:23
Stack trace:
#0 /opt/lampp/htdocs/vendor/yiisoft/yii2/BaseYii.php(293): include()
#1 /opt/lampp/htdocs/models/LoginForm.php(85): yii\BaseYii::autoload('app\\models\\User')
#2 /opt/lampp/htdocs/models/LoginForm.php(48): app\models\LoginForm->getUser()
#3 /opt/lampp/htdocs/vendor/yiisoft/yii2/validators/InlineValidator.php(77): app\models\LoginForm->validatePassword('password', NULL, Object(yii\validators\InlineValidator), 'asdsdasdadas')
#4 /opt/lampp/htdocs/vendor/yiisoft/yii2/validators/Validator.php(260): yii\validators\InlineValidator->validateAttribute(Object(app\models\LoginForm), 'password')
#5 /opt/lampp/htdocs/vendor/yiisoft/yii2/base/Model.php(368): yii\validators\Validator->validateAttributes(Object(app\models\LoginForm), Array)
#6 /opt/lampp/htdocs/models/LoginForm.php(71): yii\base\Model->validate()
#7 /opt/lampp/htdocs/controllers/SiteController.php(79): app\models\LoginForm->login()
#8 [internal function]: app\controllers\SiteController->actionLogin()
#9 /opt/lampp/htdocs/vendor/yiisoft/yii2/base/InlineAction.php(57): call_user_func_array(Array, Array)
#10 /opt/lampp/htdocs/vendor/yiisoft/yii2/base/Controller.php(178): yii\base\InlineAction->runWithParams(Array)
#11 /opt/lampp/htdocs/vendor/yiisoft/yii2/base/Module.php(552): yii\base\Controller->runAction('login', Array)
#12 /opt/lampp/htdocs/vendor/yiisoft/yii2/web/Application.php(103): yii\base\Module->runAction('site/login', Array)
#13 /opt/lampp/htdocs/vendor/yiisoft/yii2/base/Application.php(384): yii\web\Application->handleRequest(Object(yii\web\Request))
#14 /opt/lampp/htdocs/web/index.php(12): yii\base\Application->run()
#15 {main}
2024-09-10 12:38:35 [::1][-][au5o7c8s28cl8iui6k3of8d2j8][info][application] $_GET = []

$_POST = [
    '_csrf' => 'QoinB6eCwSGsELfPUl86C2kythoyqX9yo_84o9TfatgOyuR0wfC5Tcki5_gnMFJjPVvpaWHgTDbwtk3s5IhcqA=='
    'LoginForm' => [
        'username' => '123'
        'password' => 'asdsdasdadas'
        'rememberMe' => '1'
    ]
    'login-button' => ''
]

$_FILES = []

$_COOKIE = [
    'PHPSESSID' => 'au5o7c8s28cl8iui6k3of8d2j8'
    '_csrf' => '0ba4f8a72a860a61f58e337124fb2d235da38d099aed2e7259e6beb1260e483ca:2:{i:0;s:5:\"_csrf\";i:1;s:32:\"LBCsfrxle2P7uohhTi_sSI3DSIuO0W6p\";}'
]

$_SESSION = [
    '__flash' => []
]

$_SERVER = [
    'REDIRECT_REDIRECT_UNIQUE_ID' => 'ZuAhq1Lon-ZRanYX6_Q-vQAAAAk'
    'REDIRECT_REDIRECT_STATUS' => '200'
    'REDIRECT_UNIQUE_ID' => 'ZuAhq1Lon-ZRanYX6_Q-vQAAAAk'
    'REDIRECT_STATUS' => '200'
    'UNIQUE_ID' => 'ZuAhq1Lon-ZRanYX6_Q-vQAAAAk'
    'HTTP_HOST' => 'localhost'
    'HTTP_CONNECTION' => 'keep-alive'
    'CONTENT_LENGTH' => '233'
    'HTTP_CACHE_CONTROL' => 'max-age=0'
    'HTTP_SEC_CH_UA' => '\"Chromium\";v=\"127\", \"Not)A;Brand\";v=\"99\"'
    'HTTP_SEC_CH_UA_MOBILE' => '?0'
    'HTTP_SEC_CH_UA_PLATFORM' => '\"Linux\"'
    'HTTP_UPGRADE_INSECURE_REQUESTS' => '1'
    'HTTP_ORIGIN' => 'http://localhost'
    'CONTENT_TYPE' => 'application/x-www-form-urlencoded'
    'HTTP_USER_AGENT' => 'Mozilla/5.0 (X11; Linux x86_64; Chromium GOST) AppleWebKit/537.36 (KHTML, like Gecko) Chrome/127.0.0.0 Safari/537.36'
    'HTTP_ACCEPT' => 'text/html,application/xhtml+xml,application/xml;q=0.9,image/avif,image/webp,image/apng,*/*;q=0.8,application/signed-exchange;v=b3;q=0.7'
    'HTTP_SEC_FETCH_SITE' => 'same-origin'
    'HTTP_SEC_FETCH_MODE' => 'navigate'
    'HTTP_SEC_FETCH_USER' => '?1'
    'HTTP_SEC_FETCH_DEST' => 'document'
    'HTTP_REFERER' => 'http://localhost/site/login'
    'HTTP_ACCEPT_ENCODING' => 'gzip, deflate, br, zstd'
    'HTTP_ACCEPT_LANGUAGE' => 'ru-RU,ru;q=0.9,en-US;q=0.8,en;q=0.7'
    'HTTP_COOKIE' => 'PHPSESSID=au5o7c8s28cl8iui6k3of8d2j8; _csrf=0ba4f8a72a860a61f58e337124fb2d235da38d099aed2e7259e6beb1260e483ca%3A2%3A%7Bi%3A0%3Bs%3A5%3A%22_csrf%22%3Bi%3A1%3Bs%3A32%3A%22LBCsfrxle2P7uohhTi_sSI3DSIuO0W6p%22%3B%7D'
    'PATH' => '/root/.local/bin:/root/bin:/home/kabinet303/.local/bin:/home/kabinet303/bin:/usr/local/bin:/usr/bin:/bin:/usr/local/sbin:/usr/sbin:/sbin'
    'LD_LIBRARY_PATH' => '/opt/lampp/lib:/opt/lampp/lib'
    'SERVER_SIGNATURE' => ''
    'SERVER_SOFTWARE' => 'Apache/2.4.58 (Unix) OpenSSL/1.1.1w PHP/8.2.12 mod_perl/2.0.12 Perl/v5.34.1'
    'SERVER_NAME' => 'localhost'
    'SERVER_ADDR' => '::1'
    'SERVER_PORT' => '80'
    'REMOTE_ADDR' => '::1'
    'DOCUMENT_ROOT' => '/opt/lampp/htdocs'
    'REQUEST_SCHEME' => 'http'
    'CONTEXT_PREFIX' => ''
    'CONTEXT_DOCUMENT_ROOT' => '/opt/lampp/htdocs'
    'SERVER_ADMIN' => 'you@example.com'
    'SCRIPT_FILENAME' => '/opt/lampp/htdocs/web/index.php'
    'REMOTE_PORT' => '51854'
    'REDIRECT_URL' => '/web/site/login'
    'GATEWAY_INTERFACE' => 'CGI/1.1'
    'SERVER_PROTOCOL' => 'HTTP/1.1'
    'REQUEST_METHOD' => 'POST'
    'QUERY_STRING' => ''
    'REQUEST_URI' => '/site/login'
    'SCRIPT_NAME' => '/web/index.php'
    'PHP_SELF' => '/web/index.php'
    'REQUEST_TIME_FLOAT' => 1725964715.44
    'REQUEST_TIME' => 1725964715
]
2024-09-10 12:45:49 [::1][-][au5o7c8s28cl8iui6k3of8d2j8][error][Error] Error: Interface "Yii\web\IdentityInterface" not found in /opt/lampp/htdocs/models/User.php:23
Stack trace:
#0 /opt/lampp/htdocs/vendor/yiisoft/yii2/BaseYii.php(293): include()
#1 /opt/lampp/htdocs/models/LoginForm.php(85): yii\BaseYii::autoload('app\\models\\User')
#2 /opt/lampp/htdocs/models/LoginForm.php(48): app\models\LoginForm->getUser()
#3 /opt/lampp/htdocs/vendor/yiisoft/yii2/validators/InlineValidator.php(77): app\models\LoginForm->validatePassword('password', NULL, Object(yii\validators\InlineValidator), '123')
#4 /opt/lampp/htdocs/vendor/yiisoft/yii2/validators/Validator.php(260): yii\validators\InlineValidator->validateAttribute(Object(app\models\LoginForm), 'password')
#5 /opt/lampp/htdocs/vendor/yiisoft/yii2/base/Model.php(368): yii\validators\Validator->validateAttributes(Object(app\models\LoginForm), Array)
#6 /opt/lampp/htdocs/models/LoginForm.php(71): yii\base\Model->validate()
#7 /opt/lampp/htdocs/controllers/SiteController.php(79): app\models\LoginForm->login()
#8 [internal function]: app\controllers\SiteController->actionLogin()
#9 /opt/lampp/htdocs/vendor/yiisoft/yii2/base/InlineAction.php(57): call_user_func_array(Array, Array)
#10 /opt/lampp/htdocs/vendor/yiisoft/yii2/base/Controller.php(178): yii\base\InlineAction->runWithParams(Array)
#11 /opt/lampp/htdocs/vendor/yiisoft/yii2/base/Module.php(552): yii\base\Controller->runAction('login', Array)
#12 /opt/lampp/htdocs/vendor/yiisoft/yii2/web/Application.php(103): yii\base\Module->runAction('site/login', Array)
#13 /opt/lampp/htdocs/vendor/yiisoft/yii2/base/Application.php(384): yii\web\Application->handleRequest(Object(yii\web\Request))
#14 /opt/lampp/htdocs/web/index.php(12): yii\base\Application->run()
#15 {main}
2024-09-10 12:45:49 [::1][-][au5o7c8s28cl8iui6k3of8d2j8][info][application] $_GET = []

$_POST = [
    '_csrf' => 'pxsLNgPJtans7w8KqJZBJ4cgE9jKXRKKGb8El39xhcfrWUhFZbvNxYndXz3d-SlP00lMq5kUIc5K9nHYTyaztw=='
    'LoginForm' => [
        'username' => '123'
        'password' => '123'
        'rememberMe' => '1'
    ]
    'login-button' => ''
]

$_FILES = []

$_COOKIE = [
    'PHPSESSID' => 'au5o7c8s28cl8iui6k3of8d2j8'
    '_csrf' => '0ba4f8a72a860a61f58e337124fb2d235da38d099aed2e7259e6beb1260e483ca:2:{i:0;s:5:\"_csrf\";i:1;s:32:\"LBCsfrxle2P7uohhTi_sSI3DSIuO0W6p\";}'
]

$_SESSION = [
    '__flash' => []
]

$_SERVER = [
    'REDIRECT_REDIRECT_UNIQUE_ID' => 'ZuAjXaBPE-hboo_Af2FhOAAAAAQ'
    'REDIRECT_REDIRECT_STATUS' => '200'
    'REDIRECT_UNIQUE_ID' => 'ZuAjXaBPE-hboo_Af2FhOAAAAAQ'
    'REDIRECT_STATUS' => '200'
    'UNIQUE_ID' => 'ZuAjXaBPE-hboo_Af2FhOAAAAAQ'
    'HTTP_HOST' => 'localhost'
    'HTTP_CONNECTION' => 'keep-alive'
    'CONTENT_LENGTH' => '224'
    'HTTP_CACHE_CONTROL' => 'max-age=0'
    'HTTP_SEC_CH_UA' => '\"Chromium\";v=\"127\", \"Not)A;Brand\";v=\"99\"'
    'HTTP_SEC_CH_UA_MOBILE' => '?0'
    'HTTP_SEC_CH_UA_PLATFORM' => '\"Linux\"'
    'HTTP_UPGRADE_INSECURE_REQUESTS' => '1'
    'HTTP_ORIGIN' => 'http://localhost'
    'CONTENT_TYPE' => 'application/x-www-form-urlencoded'
    'HTTP_USER_AGENT' => 'Mozilla/5.0 (X11; Linux x86_64; Chromium GOST) AppleWebKit/537.36 (KHTML, like Gecko) Chrome/127.0.0.0 Safari/537.36'
    'HTTP_ACCEPT' => 'text/html,application/xhtml+xml,application/xml;q=0.9,image/avif,image/webp,image/apng,*/*;q=0.8,application/signed-exchange;v=b3;q=0.7'
    'HTTP_SEC_FETCH_SITE' => 'same-origin'
    'HTTP_SEC_FETCH_MODE' => 'navigate'
    'HTTP_SEC_FETCH_USER' => '?1'
    'HTTP_SEC_FETCH_DEST' => 'document'
    'HTTP_REFERER' => 'http://localhost/site/login'
    'HTTP_ACCEPT_ENCODING' => 'gzip, deflate, br, zstd'
    'HTTP_ACCEPT_LANGUAGE' => 'ru-RU,ru;q=0.9,en-US;q=0.8,en;q=0.7'
    'HTTP_COOKIE' => 'PHPSESSID=au5o7c8s28cl8iui6k3of8d2j8; _csrf=0ba4f8a72a860a61f58e337124fb2d235da38d099aed2e7259e6beb1260e483ca%3A2%3A%7Bi%3A0%3Bs%3A5%3A%22_csrf%22%3Bi%3A1%3Bs%3A32%3A%22LBCsfrxle2P7uohhTi_sSI3DSIuO0W6p%22%3B%7D'
    'PATH' => '/root/.local/bin:/root/bin:/home/kabinet303/.local/bin:/home/kabinet303/bin:/usr/local/bin:/usr/bin:/bin:/usr/local/sbin:/usr/sbin:/sbin'
    'LD_LIBRARY_PATH' => '/opt/lampp/lib:/opt/lampp/lib'
    'SERVER_SIGNATURE' => ''
    'SERVER_SOFTWARE' => 'Apache/2.4.58 (Unix) OpenSSL/1.1.1w PHP/8.2.12 mod_perl/2.0.12 Perl/v5.34.1'
    'SERVER_NAME' => 'localhost'
    'SERVER_ADDR' => '::1'
    'SERVER_PORT' => '80'
    'REMOTE_ADDR' => '::1'
    'DOCUMENT_ROOT' => '/opt/lampp/htdocs'
    'REQUEST_SCHEME' => 'http'
    'CONTEXT_PREFIX' => ''
    'CONTEXT_DOCUMENT_ROOT' => '/opt/lampp/htdocs'
    'SERVER_ADMIN' => 'you@example.com'
    'SCRIPT_FILENAME' => '/opt/lampp/htdocs/web/index.php'
    'REMOTE_PORT' => '34604'
    'REDIRECT_URL' => '/web/site/login'
    'GATEWAY_INTERFACE' => 'CGI/1.1'
    'SERVER_PROTOCOL' => 'HTTP/1.1'
    'REQUEST_METHOD' => 'POST'
    'QUERY_STRING' => ''
    'REQUEST_URI' => '/site/login'
    'SCRIPT_NAME' => '/web/index.php'
    'PHP_SELF' => '/web/index.php'
    'REQUEST_TIME_FLOAT' => 1725965149.7791
    'REQUEST_TIME' => 1725965149
]
2024-09-10 12:46:25 [::1][-][au5o7c8s28cl8iui6k3of8d2j8][error][Error] Error: Interface "Yii\web\IdentityInterface" not found in /opt/lampp/htdocs/models/User.php:23
Stack trace:
#0 /opt/lampp/htdocs/vendor/yiisoft/yii2/BaseYii.php(293): include()
#1 /opt/lampp/htdocs/models/LoginForm.php(85): yii\BaseYii::autoload('app\\models\\User')
#2 /opt/lampp/htdocs/models/LoginForm.php(48): app\models\LoginForm->getUser()
#3 /opt/lampp/htdocs/vendor/yiisoft/yii2/validators/InlineValidator.php(77): app\models\LoginForm->validatePassword('password', NULL, Object(yii\validators\InlineValidator), 'password')
#4 /opt/lampp/htdocs/vendor/yiisoft/yii2/validators/Validator.php(260): yii\validators\InlineValidator->validateAttribute(Object(app\models\LoginForm), 'password')
#5 /opt/lampp/htdocs/vendor/yiisoft/yii2/base/Model.php(368): yii\validators\Validator->validateAttributes(Object(app\models\LoginForm), Array)
#6 /opt/lampp/htdocs/models/LoginForm.php(71): yii\base\Model->validate()
#7 /opt/lampp/htdocs/controllers/SiteController.php(79): app\models\LoginForm->login()
#8 [internal function]: app\controllers\SiteController->actionLogin()
#9 /opt/lampp/htdocs/vendor/yiisoft/yii2/base/InlineAction.php(57): call_user_func_array(Array, Array)
#10 /opt/lampp/htdocs/vendor/yiisoft/yii2/base/Controller.php(178): yii\base\InlineAction->runWithParams(Array)
#11 /opt/lampp/htdocs/vendor/yiisoft/yii2/base/Module.php(552): yii\base\Controller->runAction('login', Array)
#12 /opt/lampp/htdocs/vendor/yiisoft/yii2/web/Application.php(103): yii\base\Module->runAction('site/login', Array)
#13 /opt/lampp/htdocs/vendor/yiisoft/yii2/base/Application.php(384): yii\web\Application->handleRequest(Object(yii\web\Request))
#14 /opt/lampp/htdocs/web/index.php(12): yii\base\Application->run()
#15 {main}
2024-09-10 12:46:25 [::1][-][au5o7c8s28cl8iui6k3of8d2j8][info][application] $_GET = []

$_POST = [
    '_csrf' => 'Ftdm1oauQCT8CDPqIIQ0UgNf4xrytGa0qhguPM6J98ValSWl4Nw4SJk6Y91V61w6Vza8aaH9VfD5UVtz_t7BtQ=='
    'LoginForm' => [
        'username' => 'copp'
        'password' => 'password'
        'rememberMe' => '0'
    ]
    'login-button' => ''
]

$_FILES = []

$_COOKIE = [
    'PHPSESSID' => 'au5o7c8s28cl8iui6k3of8d2j8'
    '_csrf' => '0ba4f8a72a860a61f58e337124fb2d235da38d099aed2e7259e6beb1260e483ca:2:{i:0;s:5:\"_csrf\";i:1;s:32:\"LBCsfrxle2P7uohhTi_sSI3DSIuO0W6p\";}'
]

$_SESSION = [
    '__flash' => []
]

$_SERVER = [
    'REDIRECT_REDIRECT_UNIQUE_ID' => 'ZuAjgTj3Bi9gMnVIHDFJaQAAAAo'
    'REDIRECT_REDIRECT_STATUS' => '200'
    'REDIRECT_UNIQUE_ID' => 'ZuAjgTj3Bi9gMnVIHDFJaQAAAAo'
    'REDIRECT_STATUS' => '200'
    'UNIQUE_ID' => 'ZuAjgTj3Bi9gMnVIHDFJaQAAAAo'
    'HTTP_HOST' => 'localhost'
    'HTTP_CONNECTION' => 'keep-alive'
    'CONTENT_LENGTH' => '202'
    'HTTP_CACHE_CONTROL' => 'max-age=0'
    'HTTP_SEC_CH_UA' => '\"Chromium\";v=\"127\", \"Not)A;Brand\";v=\"99\"'
    'HTTP_SEC_CH_UA_MOBILE' => '?0'
    'HTTP_SEC_CH_UA_PLATFORM' => '\"Linux\"'
    'HTTP_UPGRADE_INSECURE_REQUESTS' => '1'
    'HTTP_ORIGIN' => 'http://localhost'
    'CONTENT_TYPE' => 'application/x-www-form-urlencoded'
    'HTTP_USER_AGENT' => 'Mozilla/5.0 (X11; Linux x86_64; Chromium GOST) AppleWebKit/537.36 (KHTML, like Gecko) Chrome/127.0.0.0 Safari/537.36'
    'HTTP_ACCEPT' => 'text/html,application/xhtml+xml,application/xml;q=0.9,image/avif,image/webp,image/apng,*/*;q=0.8,application/signed-exchange;v=b3;q=0.7'
    'HTTP_SEC_FETCH_SITE' => 'same-origin'
    'HTTP_SEC_FETCH_MODE' => 'navigate'
    'HTTP_SEC_FETCH_USER' => '?1'
    'HTTP_SEC_FETCH_DEST' => 'document'
    'HTTP_REFERER' => 'http://localhost/site/login'
    'HTTP_ACCEPT_ENCODING' => 'gzip, deflate, br, zstd'
    'HTTP_ACCEPT_LANGUAGE' => 'ru-RU,ru;q=0.9,en-US;q=0.8,en;q=0.7'
    'HTTP_COOKIE' => 'PHPSESSID=au5o7c8s28cl8iui6k3of8d2j8; _csrf=0ba4f8a72a860a61f58e337124fb2d235da38d099aed2e7259e6beb1260e483ca%3A2%3A%7Bi%3A0%3Bs%3A5%3A%22_csrf%22%3Bi%3A1%3Bs%3A32%3A%22LBCsfrxle2P7uohhTi_sSI3DSIuO0W6p%22%3B%7D'
    'PATH' => '/root/.local/bin:/root/bin:/home/kabinet303/.local/bin:/home/kabinet303/bin:/usr/local/bin:/usr/bin:/bin:/usr/local/sbin:/usr/sbin:/sbin'
    'LD_LIBRARY_PATH' => '/opt/lampp/lib:/opt/lampp/lib'
    'SERVER_SIGNATURE' => ''
    'SERVER_SOFTWARE' => 'Apache/2.4.58 (Unix) OpenSSL/1.1.1w PHP/8.2.12 mod_perl/2.0.12 Perl/v5.34.1'
    'SERVER_NAME' => 'localhost'
    'SERVER_ADDR' => '::1'
    'SERVER_PORT' => '80'
    'REMOTE_ADDR' => '::1'
    'DOCUMENT_ROOT' => '/opt/lampp/htdocs'
    'REQUEST_SCHEME' => 'http'
    'CONTEXT_PREFIX' => ''
    'CONTEXT_DOCUMENT_ROOT' => '/opt/lampp/htdocs'
    'SERVER_ADMIN' => 'you@example.com'
    'SCRIPT_FILENAME' => '/opt/lampp/htdocs/web/index.php'
    'REMOTE_PORT' => '46186'
    'REDIRECT_URL' => '/web/site/login'
    'GATEWAY_INTERFACE' => 'CGI/1.1'
    'SERVER_PROTOCOL' => 'HTTP/1.1'
    'REQUEST_METHOD' => 'POST'
    'QUERY_STRING' => ''
    'REQUEST_URI' => '/site/login'
    'SCRIPT_NAME' => '/web/index.php'
    'PHP_SELF' => '/web/index.php'
    'REQUEST_TIME_FLOAT' => 1725965185.1622
    'REQUEST_TIME' => 1725965185
]
2024-09-10 12:47:14 [::1][-][au5o7c8s28cl8iui6k3of8d2j8][error][Error] Error: Interface "Yii\web\IdentityInterface" not found in /opt/lampp/htdocs/models/User.php:23
Stack trace:
#0 /opt/lampp/htdocs/vendor/yiisoft/yii2/BaseYii.php(293): include()
#1 /opt/lampp/htdocs/models/LoginForm.php(85): yii\BaseYii::autoload('app\\models\\User')
#2 /opt/lampp/htdocs/models/LoginForm.php(48): app\models\LoginForm->getUser()
#3 /opt/lampp/htdocs/vendor/yiisoft/yii2/validators/InlineValidator.php(77): app\models\LoginForm->validatePassword('password', NULL, Object(yii\validators\InlineValidator), '123')
#4 /opt/lampp/htdocs/vendor/yiisoft/yii2/validators/Validator.php(260): yii\validators\InlineValidator->validateAttribute(Object(app\models\LoginForm), 'password')
#5 /opt/lampp/htdocs/vendor/yiisoft/yii2/base/Model.php(368): yii\validators\Validator->validateAttributes(Object(app\models\LoginForm), Array)
#6 /opt/lampp/htdocs/models/LoginForm.php(71): yii\base\Model->validate()
#7 /opt/lampp/htdocs/controllers/SiteController.php(79): app\models\LoginForm->login()
#8 [internal function]: app\controllers\SiteController->actionLogin()
#9 /opt/lampp/htdocs/vendor/yiisoft/yii2/base/InlineAction.php(57): call_user_func_array(Array, Array)
#10 /opt/lampp/htdocs/vendor/yiisoft/yii2/base/Controller.php(178): yii\base\InlineAction->runWithParams(Array)
#11 /opt/lampp/htdocs/vendor/yiisoft/yii2/base/Module.php(552): yii\base\Controller->runAction('login', Array)
#12 /opt/lampp/htdocs/vendor/yiisoft/yii2/web/Application.php(103): yii\base\Module->runAction('site/login', Array)
#13 /opt/lampp/htdocs/vendor/yiisoft/yii2/base/Application.php(384): yii\web\Application->handleRequest(Object(yii\web\Request))
#14 /opt/lampp/htdocs/web/index.php(12): yii\base\Application->run()
#15 {main}
2024-09-10 12:47:14 [::1][-][au5o7c8s28cl8iui6k3of8d2j8][info][application] $_GET = []

$_POST = [
    '_csrf' => '8ZZsGDVUWeug7n_ArxkFfOsyhVO1jvkhW_c6lnRMzd691C9rUyYhh8XcL_fadm0Uv1vaIObHymUIvk_ZRBv7rg=='
    'LoginForm' => [
        'username' => '123'
        'password' => '123'
        'rememberMe' => '1'
    ]
    'login-button' => ''
]

$_FILES = []

$_COOKIE = [
    'PHPSESSID' => 'au5o7c8s28cl8iui6k3of8d2j8'
    '_csrf' => '0ba4f8a72a860a61f58e337124fb2d235da38d099aed2e7259e6beb1260e483ca:2:{i:0;s:5:\"_csrf\";i:1;s:32:\"LBCsfrxle2P7uohhTi_sSI3DSIuO0W6p\";}'
]

$_SESSION = [
    '__flash' => []
]

$_SERVER = [
    'REDIRECT_REDIRECT_UNIQUE_ID' => 'ZuAjslLon-ZRanYX6_Q-wgAAAAk'
    'REDIRECT_REDIRECT_STATUS' => '200'
    'REDIRECT_UNIQUE_ID' => 'ZuAjslLon-ZRanYX6_Q-wgAAAAk'
    'REDIRECT_STATUS' => '200'
    'UNIQUE_ID' => 'ZuAjslLon-ZRanYX6_Q-wgAAAAk'
    'HTTP_HOST' => 'localhost'
    'HTTP_CONNECTION' => 'keep-alive'
    'CONTENT_LENGTH' => '224'
    'HTTP_CACHE_CONTROL' => 'max-age=0'
    'HTTP_SEC_CH_UA' => '\"Chromium\";v=\"127\", \"Not)A;Brand\";v=\"99\"'
    'HTTP_SEC_CH_UA_MOBILE' => '?0'
    'HTTP_SEC_CH_UA_PLATFORM' => '\"Linux\"'
    'HTTP_UPGRADE_INSECURE_REQUESTS' => '1'
    'HTTP_ORIGIN' => 'http://localhost'
    'CONTENT_TYPE' => 'application/x-www-form-urlencoded'
    'HTTP_USER_AGENT' => 'Mozilla/5.0 (X11; Linux x86_64; Chromium GOST) AppleWebKit/537.36 (KHTML, like Gecko) Chrome/127.0.0.0 Safari/537.36'
    'HTTP_ACCEPT' => 'text/html,application/xhtml+xml,application/xml;q=0.9,image/avif,image/webp,image/apng,*/*;q=0.8,application/signed-exchange;v=b3;q=0.7'
    'HTTP_SEC_FETCH_SITE' => 'same-origin'
    'HTTP_SEC_FETCH_MODE' => 'navigate'
    'HTTP_SEC_FETCH_USER' => '?1'
    'HTTP_SEC_FETCH_DEST' => 'document'
    'HTTP_REFERER' => 'http://localhost/site/login'
    'HTTP_ACCEPT_ENCODING' => 'gzip, deflate, br, zstd'
    'HTTP_ACCEPT_LANGUAGE' => 'ru-RU,ru;q=0.9,en-US;q=0.8,en;q=0.7'
    'HTTP_COOKIE' => 'PHPSESSID=au5o7c8s28cl8iui6k3of8d2j8; _csrf=0ba4f8a72a860a61f58e337124fb2d235da38d099aed2e7259e6beb1260e483ca%3A2%3A%7Bi%3A0%3Bs%3A5%3A%22_csrf%22%3Bi%3A1%3Bs%3A32%3A%22LBCsfrxle2P7uohhTi_sSI3DSIuO0W6p%22%3B%7D'
    'PATH' => '/root/.local/bin:/root/bin:/home/kabinet303/.local/bin:/home/kabinet303/bin:/usr/local/bin:/usr/bin:/bin:/usr/local/sbin:/usr/sbin:/sbin'
    'LD_LIBRARY_PATH' => '/opt/lampp/lib:/opt/lampp/lib'
    'SERVER_SIGNATURE' => ''
    'SERVER_SOFTWARE' => 'Apache/2.4.58 (Unix) OpenSSL/1.1.1w PHP/8.2.12 mod_perl/2.0.12 Perl/v5.34.1'
    'SERVER_NAME' => 'localhost'
    'SERVER_ADDR' => '::1'
    'SERVER_PORT' => '80'
    'REMOTE_ADDR' => '::1'
    'DOCUMENT_ROOT' => '/opt/lampp/htdocs'
    'REQUEST_SCHEME' => 'http'
    'CONTEXT_PREFIX' => ''
    'CONTEXT_DOCUMENT_ROOT' => '/opt/lampp/htdocs'
    'SERVER_ADMIN' => 'you@example.com'
    'SCRIPT_FILENAME' => '/opt/lampp/htdocs/web/index.php'
    'REMOTE_PORT' => '46212'
    'REDIRECT_URL' => '/web/site/login'
    'GATEWAY_INTERFACE' => 'CGI/1.1'
    'SERVER_PROTOCOL' => 'HTTP/1.1'
    'REQUEST_METHOD' => 'POST'
    'QUERY_STRING' => ''
    'REQUEST_URI' => '/site/login'
    'SCRIPT_NAME' => '/web/index.php'
    'PHP_SELF' => '/web/index.php'
    'REQUEST_TIME_FLOAT' => 1725965234.525
    'REQUEST_TIME' => 1725965234
]
2024-09-10 12:47:18 [::1][-][au5o7c8s28cl8iui6k3of8d2j8][error][Error] Error: Interface "Yii\web\IdentityInterface" not found in /opt/lampp/htdocs/models/User.php:23
Stack trace:
#0 /opt/lampp/htdocs/vendor/yiisoft/yii2/BaseYii.php(293): include()
#1 /opt/lampp/htdocs/models/LoginForm.php(85): yii\BaseYii::autoload('app\\models\\User')
#2 /opt/lampp/htdocs/models/LoginForm.php(48): app\models\LoginForm->getUser()
#3 /opt/lampp/htdocs/vendor/yiisoft/yii2/validators/InlineValidator.php(77): app\models\LoginForm->validatePassword('password', NULL, Object(yii\validators\InlineValidator), '123')
#4 /opt/lampp/htdocs/vendor/yiisoft/yii2/validators/Validator.php(260): yii\validators\InlineValidator->validateAttribute(Object(app\models\LoginForm), 'password')
#5 /opt/lampp/htdocs/vendor/yiisoft/yii2/base/Model.php(368): yii\validators\Validator->validateAttributes(Object(app\models\LoginForm), Array)
#6 /opt/lampp/htdocs/models/LoginForm.php(71): yii\base\Model->validate()
#7 /opt/lampp/htdocs/controllers/SiteController.php(79): app\models\LoginForm->login()
#8 [internal function]: app\controllers\SiteController->actionLogin()
#9 /opt/lampp/htdocs/vendor/yiisoft/yii2/base/InlineAction.php(57): call_user_func_array(Array, Array)
#10 /opt/lampp/htdocs/vendor/yiisoft/yii2/base/Controller.php(178): yii\base\InlineAction->runWithParams(Array)
#11 /opt/lampp/htdocs/vendor/yiisoft/yii2/base/Module.php(552): yii\base\Controller->runAction('login', Array)
#12 /opt/lampp/htdocs/vendor/yiisoft/yii2/web/Application.php(103): yii\base\Module->runAction('site/login', Array)
#13 /opt/lampp/htdocs/vendor/yiisoft/yii2/base/Application.php(384): yii\web\Application->handleRequest(Object(yii\web\Request))
#14 /opt/lampp/htdocs/web/index.php(12): yii\base\Application->run()
#15 {main}
2024-09-10 12:47:18 [::1][-][au5o7c8s28cl8iui6k3of8d2j8][info][application] $_GET = []

$_POST = [
    '_csrf' => 'kP-lCRm6650lpngyJjJwqwfyIrl8kiyygSDPgI2k8JPcveZ6f8iT8UCUKAVTXRjDU5t9yi_bH_bSabrPvfPG4w=='
    'LoginForm' => [
        'username' => '123'
        'password' => '123'
        'rememberMe' => '0'
    ]
    'login-button' => ''
]

$_FILES = []

$_COOKIE = [
    'PHPSESSID' => 'au5o7c8s28cl8iui6k3of8d2j8'
    '_csrf' => '0ba4f8a72a860a61f58e337124fb2d235da38d099aed2e7259e6beb1260e483ca:2:{i:0;s:5:\"_csrf\";i:1;s:32:\"LBCsfrxle2P7uohhTi_sSI3DSIuO0W6p\";}'
]

$_SESSION = [
    '__flash' => []
]

$_SERVER = [
    'REDIRECT_REDIRECT_UNIQUE_ID' => 'ZuAjtmar53xRN9Oec3ImCgAAAAY'
    'REDIRECT_REDIRECT_STATUS' => '200'
    'REDIRECT_UNIQUE_ID' => 'ZuAjtmar53xRN9Oec3ImCgAAAAY'
    'REDIRECT_STATUS' => '200'
    'UNIQUE_ID' => 'ZuAjtmar53xRN9Oec3ImCgAAAAY'
    'HTTP_HOST' => 'localhost'
    'HTTP_CONNECTION' => 'keep-alive'
    'CONTENT_LENGTH' => '196'
    'HTTP_CACHE_CONTROL' => 'max-age=0'
    'HTTP_SEC_CH_UA' => '\"Chromium\";v=\"127\", \"Not)A;Brand\";v=\"99\"'
    'HTTP_SEC_CH_UA_MOBILE' => '?0'
    'HTTP_SEC_CH_UA_PLATFORM' => '\"Linux\"'
    'HTTP_UPGRADE_INSECURE_REQUESTS' => '1'
    'HTTP_ORIGIN' => 'http://localhost'
    'CONTENT_TYPE' => 'application/x-www-form-urlencoded'
    'HTTP_USER_AGENT' => 'Mozilla/5.0 (X11; Linux x86_64; Chromium GOST) AppleWebKit/537.36 (KHTML, like Gecko) Chrome/127.0.0.0 Safari/537.36'
    'HTTP_ACCEPT' => 'text/html,application/xhtml+xml,application/xml;q=0.9,image/avif,image/webp,image/apng,*/*;q=0.8,application/signed-exchange;v=b3;q=0.7'
    'HTTP_SEC_FETCH_SITE' => 'same-origin'
    'HTTP_SEC_FETCH_MODE' => 'navigate'
    'HTTP_SEC_FETCH_USER' => '?1'
    'HTTP_SEC_FETCH_DEST' => 'document'
    'HTTP_REFERER' => 'http://localhost/site/login'
    'HTTP_ACCEPT_ENCODING' => 'gzip, deflate, br, zstd'
    'HTTP_ACCEPT_LANGUAGE' => 'ru-RU,ru;q=0.9,en-US;q=0.8,en;q=0.7'
    'HTTP_COOKIE' => 'PHPSESSID=au5o7c8s28cl8iui6k3of8d2j8; _csrf=0ba4f8a72a860a61f58e337124fb2d235da38d099aed2e7259e6beb1260e483ca%3A2%3A%7Bi%3A0%3Bs%3A5%3A%22_csrf%22%3Bi%3A1%3Bs%3A32%3A%22LBCsfrxle2P7uohhTi_sSI3DSIuO0W6p%22%3B%7D'
    'PATH' => '/root/.local/bin:/root/bin:/home/kabinet303/.local/bin:/home/kabinet303/bin:/usr/local/bin:/usr/bin:/bin:/usr/local/sbin:/usr/sbin:/sbin'
    'LD_LIBRARY_PATH' => '/opt/lampp/lib:/opt/lampp/lib'
    'SERVER_SIGNATURE' => ''
    'SERVER_SOFTWARE' => 'Apache/2.4.58 (Unix) OpenSSL/1.1.1w PHP/8.2.12 mod_perl/2.0.12 Perl/v5.34.1'
    'SERVER_NAME' => 'localhost'
    'SERVER_ADDR' => '::1'
    'SERVER_PORT' => '80'
    'REMOTE_ADDR' => '::1'
    'DOCUMENT_ROOT' => '/opt/lampp/htdocs'
    'REQUEST_SCHEME' => 'http'
    'CONTEXT_PREFIX' => ''
    'CONTEXT_DOCUMENT_ROOT' => '/opt/lampp/htdocs'
    'SERVER_ADMIN' => 'you@example.com'
    'SCRIPT_FILENAME' => '/opt/lampp/htdocs/web/index.php'
    'REMOTE_PORT' => '58040'
    'REDIRECT_URL' => '/web/site/login'
    'GATEWAY_INTERFACE' => 'CGI/1.1'
    'SERVER_PROTOCOL' => 'HTTP/1.1'
    'REQUEST_METHOD' => 'POST'
    'QUERY_STRING' => ''
    'REQUEST_URI' => '/site/login'
    'SCRIPT_NAME' => '/web/index.php'
    'PHP_SELF' => '/web/index.php'
    'REQUEST_TIME_FLOAT' => 1725965238.5784
    'REQUEST_TIME' => 1725965238
]
2024-09-10 12:47:28 [::1][-][au5o7c8s28cl8iui6k3of8d2j8][error][Error] Error: Interface "Yii\web\IdentityInterface" not found in /opt/lampp/htdocs/models/User.php:23
Stack trace:
#0 /opt/lampp/htdocs/vendor/yiisoft/yii2/BaseYii.php(293): include()
#1 /opt/lampp/htdocs/models/LoginForm.php(85): yii\BaseYii::autoload('app\\models\\User')
#2 /opt/lampp/htdocs/models/LoginForm.php(48): app\models\LoginForm->getUser()
#3 /opt/lampp/htdocs/vendor/yiisoft/yii2/validators/InlineValidator.php(77): app\models\LoginForm->validatePassword('password', NULL, Object(yii\validators\InlineValidator), 'password')
#4 /opt/lampp/htdocs/vendor/yiisoft/yii2/validators/Validator.php(260): yii\validators\InlineValidator->validateAttribute(Object(app\models\LoginForm), 'password')
#5 /opt/lampp/htdocs/vendor/yiisoft/yii2/base/Model.php(368): yii\validators\Validator->validateAttributes(Object(app\models\LoginForm), Array)
#6 /opt/lampp/htdocs/models/LoginForm.php(71): yii\base\Model->validate()
#7 /opt/lampp/htdocs/controllers/SiteController.php(79): app\models\LoginForm->login()
#8 [internal function]: app\controllers\SiteController->actionLogin()
#9 /opt/lampp/htdocs/vendor/yiisoft/yii2/base/InlineAction.php(57): call_user_func_array(Array, Array)
#10 /opt/lampp/htdocs/vendor/yiisoft/yii2/base/Controller.php(178): yii\base\InlineAction->runWithParams(Array)
#11 /opt/lampp/htdocs/vendor/yiisoft/yii2/base/Module.php(552): yii\base\Controller->runAction('login', Array)
#12 /opt/lampp/htdocs/vendor/yiisoft/yii2/web/Application.php(103): yii\base\Module->runAction('site/login', Array)
#13 /opt/lampp/htdocs/vendor/yiisoft/yii2/base/Application.php(384): yii\web\Application->handleRequest(Object(yii\web\Request))
#14 /opt/lampp/htdocs/web/index.php(12): yii\base\Application->run()
#15 {main}
2024-09-10 12:47:28 [::1][-][au5o7c8s28cl8iui6k3of8d2j8][info][application] $_GET = []

$_POST = [
    '_csrf' => 'fuDLV1mqzXOqjhwBX6vJ9m7rs95SCkBL739rXJ99Q0syoogkP9i1H8-8TDYqxKGeOoLsrQFDcw-8Nh4Tryp1Ow=='
    'LoginForm' => [
        'username' => 'copp'
        'password' => 'password'
        'rememberMe' => '0'
    ]
    'login-button' => ''
]

$_FILES = []

$_COOKIE = [
    'PHPSESSID' => 'au5o7c8s28cl8iui6k3of8d2j8'
    '_csrf' => '0ba4f8a72a860a61f58e337124fb2d235da38d099aed2e7259e6beb1260e483ca:2:{i:0;s:5:\"_csrf\";i:1;s:32:\"LBCsfrxle2P7uohhTi_sSI3DSIuO0W6p\";}'
]

$_SESSION = [
    '__flash' => []
]

$_SERVER = [
    'REDIRECT_REDIRECT_UNIQUE_ID' => 'ZuAjwOsbZWNnlS1bo-1txAAAAAA'
    'REDIRECT_REDIRECT_STATUS' => '200'
    'REDIRECT_UNIQUE_ID' => 'ZuAjwOsbZWNnlS1bo-1txAAAAAA'
    'REDIRECT_STATUS' => '200'
    'UNIQUE_ID' => 'ZuAjwOsbZWNnlS1bo-1txAAAAAA'
    'HTTP_HOST' => 'localhost'
    'HTTP_CONNECTION' => 'keep-alive'
    'CONTENT_LENGTH' => '202'
    'HTTP_CACHE_CONTROL' => 'max-age=0'
    'HTTP_SEC_CH_UA' => '\"Chromium\";v=\"127\", \"Not)A;Brand\";v=\"99\"'
    'HTTP_SEC_CH_UA_MOBILE' => '?0'
    'HTTP_SEC_CH_UA_PLATFORM' => '\"Linux\"'
    'HTTP_UPGRADE_INSECURE_REQUESTS' => '1'
    'HTTP_ORIGIN' => 'http://localhost'
    'CONTENT_TYPE' => 'application/x-www-form-urlencoded'
    'HTTP_USER_AGENT' => 'Mozilla/5.0 (X11; Linux x86_64; Chromium GOST) AppleWebKit/537.36 (KHTML, like Gecko) Chrome/127.0.0.0 Safari/537.36'
    'HTTP_ACCEPT' => 'text/html,application/xhtml+xml,application/xml;q=0.9,image/avif,image/webp,image/apng,*/*;q=0.8,application/signed-exchange;v=b3;q=0.7'
    'HTTP_SEC_FETCH_SITE' => 'same-origin'
    'HTTP_SEC_FETCH_MODE' => 'navigate'
    'HTTP_SEC_FETCH_USER' => '?1'
    'HTTP_SEC_FETCH_DEST' => 'document'
    'HTTP_REFERER' => 'http://localhost/site/login'
    'HTTP_ACCEPT_ENCODING' => 'gzip, deflate, br, zstd'
    'HTTP_ACCEPT_LANGUAGE' => 'ru-RU,ru;q=0.9,en-US;q=0.8,en;q=0.7'
    'HTTP_COOKIE' => 'PHPSESSID=au5o7c8s28cl8iui6k3of8d2j8; _csrf=0ba4f8a72a860a61f58e337124fb2d235da38d099aed2e7259e6beb1260e483ca%3A2%3A%7Bi%3A0%3Bs%3A5%3A%22_csrf%22%3Bi%3A1%3Bs%3A32%3A%22LBCsfrxle2P7uohhTi_sSI3DSIuO0W6p%22%3B%7D'
    'PATH' => '/root/.local/bin:/root/bin:/home/kabinet303/.local/bin:/home/kabinet303/bin:/usr/local/bin:/usr/bin:/bin:/usr/local/sbin:/usr/sbin:/sbin'
    'LD_LIBRARY_PATH' => '/opt/lampp/lib:/opt/lampp/lib'
    'SERVER_SIGNATURE' => ''
    'SERVER_SOFTWARE' => 'Apache/2.4.58 (Unix) OpenSSL/1.1.1w PHP/8.2.12 mod_perl/2.0.12 Perl/v5.34.1'
    'SERVER_NAME' => 'localhost'
    'SERVER_ADDR' => '::1'
    'SERVER_PORT' => '80'
    'REMOTE_ADDR' => '::1'
    'DOCUMENT_ROOT' => '/opt/lampp/htdocs'
    'REQUEST_SCHEME' => 'http'
    'CONTEXT_PREFIX' => ''
    'CONTEXT_DOCUMENT_ROOT' => '/opt/lampp/htdocs'
    'SERVER_ADMIN' => 'you@example.com'
    'SCRIPT_FILENAME' => '/opt/lampp/htdocs/web/index.php'
    'REMOTE_PORT' => '35524'
    'REDIRECT_URL' => '/web/site/login'
    'GATEWAY_INTERFACE' => 'CGI/1.1'
    'SERVER_PROTOCOL' => 'HTTP/1.1'
    'REQUEST_METHOD' => 'POST'
    'QUERY_STRING' => ''
    'REQUEST_URI' => '/site/login'
    'SCRIPT_NAME' => '/web/index.php'
    'PHP_SELF' => '/web/index.php'
    'REQUEST_TIME_FLOAT' => 1725965248.7084
    'REQUEST_TIME' => 1725965248
]
2024-09-10 12:50:17 [::1][-][au5o7c8s28cl8iui6k3of8d2j8][error][Error] Error: Interface "Yii\web\IdentityInterface" not found in /opt/lampp/htdocs/models/User.php:23
Stack trace:
#0 /opt/lampp/htdocs/vendor/yiisoft/yii2/BaseYii.php(293): include()
#1 /opt/lampp/htdocs/models/LoginForm.php(85): yii\BaseYii::autoload('app\\models\\User')
#2 /opt/lampp/htdocs/models/LoginForm.php(48): app\models\LoginForm->getUser()
#3 /opt/lampp/htdocs/vendor/yiisoft/yii2/validators/InlineValidator.php(77): app\models\LoginForm->validatePassword('password', NULL, Object(yii\validators\InlineValidator), '123')
#4 /opt/lampp/htdocs/vendor/yiisoft/yii2/validators/Validator.php(260): yii\validators\InlineValidator->validateAttribute(Object(app\models\LoginForm), 'password')
#5 /opt/lampp/htdocs/vendor/yiisoft/yii2/base/Model.php(368): yii\validators\Validator->validateAttributes(Object(app\models\LoginForm), Array)
#6 /opt/lampp/htdocs/models/LoginForm.php(71): yii\base\Model->validate()
#7 /opt/lampp/htdocs/controllers/SiteController.php(79): app\models\LoginForm->login()
#8 [internal function]: app\controllers\SiteController->actionLogin()
#9 /opt/lampp/htdocs/vendor/yiisoft/yii2/base/InlineAction.php(57): call_user_func_array(Array, Array)
#10 /opt/lampp/htdocs/vendor/yiisoft/yii2/base/Controller.php(178): yii\base\InlineAction->runWithParams(Array)
#11 /opt/lampp/htdocs/vendor/yiisoft/yii2/base/Module.php(552): yii\base\Controller->runAction('login', Array)
#12 /opt/lampp/htdocs/vendor/yiisoft/yii2/web/Application.php(103): yii\base\Module->runAction('site/login', Array)
#13 /opt/lampp/htdocs/vendor/yiisoft/yii2/base/Application.php(384): yii\web\Application->handleRequest(Object(yii\web\Request))
#14 /opt/lampp/htdocs/web/index.php(12): yii\base\Application->run()
#15 {main}
2024-09-10 12:50:17 [::1][-][au5o7c8s28cl8iui6k3of8d2j8][info][application] $_GET = []

$_POST = [
    '_csrf' => 'bcp37jU92PqxEPXxZTWsm7uj_KgHDDblcct8C4Xtv98hiDSdU0-gltQipcYQWsTz78qj21RFBaEigglEtbqJrw=='
    'LoginForm' => [
        'username' => '123'
        'password' => '123'
        'rememberMe' => '1'
    ]
    'login-button' => ''
]

$_FILES = []

$_COOKIE = [
    'PHPSESSID' => 'au5o7c8s28cl8iui6k3of8d2j8'
    '_csrf' => '0ba4f8a72a860a61f58e337124fb2d235da38d099aed2e7259e6beb1260e483ca:2:{i:0;s:5:\"_csrf\";i:1;s:32:\"LBCsfrxle2P7uohhTi_sSI3DSIuO0W6p\";}'
]

$_SESSION = [
    '__flash' => []
]

$_SERVER = [
    'REDIRECT_REDIRECT_UNIQUE_ID' => 'ZuAkaV9EBwfH1dqSy4KWNAAAAAI'
    'REDIRECT_REDIRECT_STATUS' => '200'
    'REDIRECT_UNIQUE_ID' => 'ZuAkaV9EBwfH1dqSy4KWNAAAAAI'
    'REDIRECT_STATUS' => '200'
    'UNIQUE_ID' => 'ZuAkaV9EBwfH1dqSy4KWNAAAAAI'
    'HTTP_HOST' => 'localhost'
    'HTTP_CONNECTION' => 'keep-alive'
    'CONTENT_LENGTH' => '224'
    'HTTP_CACHE_CONTROL' => 'max-age=0'
    'HTTP_SEC_CH_UA' => '\"Chromium\";v=\"127\", \"Not)A;Brand\";v=\"99\"'
    'HTTP_SEC_CH_UA_MOBILE' => '?0'
    'HTTP_SEC_CH_UA_PLATFORM' => '\"Linux\"'
    'HTTP_UPGRADE_INSECURE_REQUESTS' => '1'
    'HTTP_ORIGIN' => 'http://localhost'
    'CONTENT_TYPE' => 'application/x-www-form-urlencoded'
    'HTTP_USER_AGENT' => 'Mozilla/5.0 (X11; Linux x86_64; Chromium GOST) AppleWebKit/537.36 (KHTML, like Gecko) Chrome/127.0.0.0 Safari/537.36'
    'HTTP_ACCEPT' => 'text/html,application/xhtml+xml,application/xml;q=0.9,image/avif,image/webp,image/apng,*/*;q=0.8,application/signed-exchange;v=b3;q=0.7'
    'HTTP_SEC_FETCH_SITE' => 'same-origin'
    'HTTP_SEC_FETCH_MODE' => 'navigate'
    'HTTP_SEC_FETCH_USER' => '?1'
    'HTTP_SEC_FETCH_DEST' => 'document'
    'HTTP_REFERER' => 'http://localhost/site/login'
    'HTTP_ACCEPT_ENCODING' => 'gzip, deflate, br, zstd'
    'HTTP_ACCEPT_LANGUAGE' => 'ru-RU,ru;q=0.9,en-US;q=0.8,en;q=0.7'
    'HTTP_COOKIE' => 'PHPSESSID=au5o7c8s28cl8iui6k3of8d2j8; _csrf=0ba4f8a72a860a61f58e337124fb2d235da38d099aed2e7259e6beb1260e483ca%3A2%3A%7Bi%3A0%3Bs%3A5%3A%22_csrf%22%3Bi%3A1%3Bs%3A32%3A%22LBCsfrxle2P7uohhTi_sSI3DSIuO0W6p%22%3B%7D'
    'PATH' => '/root/.local/bin:/root/bin:/home/kabinet303/.local/bin:/home/kabinet303/bin:/usr/local/bin:/usr/bin:/bin:/usr/local/sbin:/usr/sbin:/sbin'
    'LD_LIBRARY_PATH' => '/opt/lampp/lib:/opt/lampp/lib'
    'SERVER_SIGNATURE' => ''
    'SERVER_SOFTWARE' => 'Apache/2.4.58 (Unix) OpenSSL/1.1.1w PHP/8.2.12 mod_perl/2.0.12 Perl/v5.34.1'
    'SERVER_NAME' => 'localhost'
    'SERVER_ADDR' => '::1'
    'SERVER_PORT' => '80'
    'REMOTE_ADDR' => '::1'
    'DOCUMENT_ROOT' => '/opt/lampp/htdocs'
    'REQUEST_SCHEME' => 'http'
    'CONTEXT_PREFIX' => ''
    'CONTEXT_DOCUMENT_ROOT' => '/opt/lampp/htdocs'
    'SERVER_ADMIN' => 'you@example.com'
    'SCRIPT_FILENAME' => '/opt/lampp/htdocs/web/index.php'
    'REMOTE_PORT' => '55988'
    'REDIRECT_URL' => '/web/site/login'
    'GATEWAY_INTERFACE' => 'CGI/1.1'
    'SERVER_PROTOCOL' => 'HTTP/1.1'
    'REQUEST_METHOD' => 'POST'
    'QUERY_STRING' => ''
    'REQUEST_URI' => '/site/login'
    'SCRIPT_NAME' => '/web/index.php'
    'PHP_SELF' => '/web/index.php'
    'REQUEST_TIME_FLOAT' => 1725965417.1616
    'REQUEST_TIME' => 1725965417
]
2024-09-10 12:53:40 [::1][-][au5o7c8s28cl8iui6k3of8d2j8][error][Error] Error: Interface "Yii\web\IdentityInterface" not found in /opt/lampp/htdocs/models/User.php:23
Stack trace:
#0 /opt/lampp/htdocs/vendor/yiisoft/yii2/BaseYii.php(293): include()
#1 /opt/lampp/htdocs/models/LoginForm.php(85): yii\BaseYii::autoload('app\\models\\User')
#2 /opt/lampp/htdocs/models/LoginForm.php(48): app\models\LoginForm->getUser()
#3 /opt/lampp/htdocs/vendor/yiisoft/yii2/validators/InlineValidator.php(77): app\models\LoginForm->validatePassword('password', NULL, Object(yii\validators\InlineValidator), '123')
#4 /opt/lampp/htdocs/vendor/yiisoft/yii2/validators/Validator.php(260): yii\validators\InlineValidator->validateAttribute(Object(app\models\LoginForm), 'password')
#5 /opt/lampp/htdocs/vendor/yiisoft/yii2/base/Model.php(368): yii\validators\Validator->validateAttributes(Object(app\models\LoginForm), Array)
#6 /opt/lampp/htdocs/models/LoginForm.php(71): yii\base\Model->validate()
#7 /opt/lampp/htdocs/controllers/SiteController.php(79): app\models\LoginForm->login()
#8 [internal function]: app\controllers\SiteController->actionLogin()
#9 /opt/lampp/htdocs/vendor/yiisoft/yii2/base/InlineAction.php(57): call_user_func_array(Array, Array)
#10 /opt/lampp/htdocs/vendor/yiisoft/yii2/base/Controller.php(178): yii\base\InlineAction->runWithParams(Array)
#11 /opt/lampp/htdocs/vendor/yiisoft/yii2/base/Module.php(552): yii\base\Controller->runAction('login', Array)
#12 /opt/lampp/htdocs/vendor/yiisoft/yii2/web/Application.php(103): yii\base\Module->runAction('site/login', Array)
#13 /opt/lampp/htdocs/vendor/yiisoft/yii2/base/Application.php(384): yii\web\Application->handleRequest(Object(yii\web\Request))
#14 /opt/lampp/htdocs/web/index.php(12): yii\base\Application->run()
#15 {main}
2024-09-10 12:53:40 [::1][-][au5o7c8s28cl8iui6k3of8d2j8][info][application] $_GET = []

$_POST = [
    '_csrf' => '3RnmmyP-a-D9cZSh3XHzLfRXCOR7Ezt0Y_VFjjaq1L6RW6XoRYwTjJhDxJaoHptFoD5XlyhaCDAwvDDBBv3izg=='
    'LoginForm' => [
        'username' => '123'
        'password' => '123'
        'rememberMe' => '1'
    ]
    'login-button' => ''
]

$_FILES = []

$_COOKIE = [
    'PHPSESSID' => 'au5o7c8s28cl8iui6k3of8d2j8'
    '_csrf' => '0ba4f8a72a860a61f58e337124fb2d235da38d099aed2e7259e6beb1260e483ca:2:{i:0;s:5:\"_csrf\";i:1;s:32:\"LBCsfrxle2P7uohhTi_sSI3DSIuO0W6p\";}'
]

$_SESSION = [
    '__flash' => []
]

$_SERVER = [
    'REDIRECT_REDIRECT_UNIQUE_ID' => 'ZuAlNKFuVXf1GGE3W8apygAAAAE'
    'REDIRECT_REDIRECT_STATUS' => '200'
    'REDIRECT_UNIQUE_ID' => 'ZuAlNKFuVXf1GGE3W8apygAAAAE'
    'REDIRECT_STATUS' => '200'
    'UNIQUE_ID' => 'ZuAlNKFuVXf1GGE3W8apygAAAAE'
    'HTTP_HOST' => 'localhost'
    'HTTP_CONNECTION' => 'keep-alive'
    'CONTENT_LENGTH' => '224'
    'HTTP_CACHE_CONTROL' => 'max-age=0'
    'HTTP_SEC_CH_UA' => '\"Chromium\";v=\"127\", \"Not)A;Brand\";v=\"99\"'
    'HTTP_SEC_CH_UA_MOBILE' => '?0'
    'HTTP_SEC_CH_UA_PLATFORM' => '\"Linux\"'
    'HTTP_UPGRADE_INSECURE_REQUESTS' => '1'
    'HTTP_ORIGIN' => 'http://localhost'
    'CONTENT_TYPE' => 'application/x-www-form-urlencoded'
    'HTTP_USER_AGENT' => 'Mozilla/5.0 (X11; Linux x86_64; Chromium GOST) AppleWebKit/537.36 (KHTML, like Gecko) Chrome/127.0.0.0 Safari/537.36'
    'HTTP_ACCEPT' => 'text/html,application/xhtml+xml,application/xml;q=0.9,image/avif,image/webp,image/apng,*/*;q=0.8,application/signed-exchange;v=b3;q=0.7'
    'HTTP_SEC_FETCH_SITE' => 'same-origin'
    'HTTP_SEC_FETCH_MODE' => 'navigate'
    'HTTP_SEC_FETCH_USER' => '?1'
    'HTTP_SEC_FETCH_DEST' => 'document'
    'HTTP_REFERER' => 'http://localhost/site/login'
    'HTTP_ACCEPT_ENCODING' => 'gzip, deflate, br, zstd'
    'HTTP_ACCEPT_LANGUAGE' => 'ru-RU,ru;q=0.9,en-US;q=0.8,en;q=0.7'
    'HTTP_COOKIE' => 'PHPSESSID=au5o7c8s28cl8iui6k3of8d2j8; _csrf=0ba4f8a72a860a61f58e337124fb2d235da38d099aed2e7259e6beb1260e483ca%3A2%3A%7Bi%3A0%3Bs%3A5%3A%22_csrf%22%3Bi%3A1%3Bs%3A32%3A%22LBCsfrxle2P7uohhTi_sSI3DSIuO0W6p%22%3B%7D'
    'PATH' => '/root/.local/bin:/root/bin:/home/kabinet303/.local/bin:/home/kabinet303/bin:/usr/local/bin:/usr/bin:/bin:/usr/local/sbin:/usr/sbin:/sbin'
    'LD_LIBRARY_PATH' => '/opt/lampp/lib:/opt/lampp/lib'
    'SERVER_SIGNATURE' => ''
    'SERVER_SOFTWARE' => 'Apache/2.4.58 (Unix) OpenSSL/1.1.1w PHP/8.2.12 mod_perl/2.0.12 Perl/v5.34.1'
    'SERVER_NAME' => 'localhost'
    'SERVER_ADDR' => '::1'
    'SERVER_PORT' => '80'
    'REMOTE_ADDR' => '::1'
    'DOCUMENT_ROOT' => '/opt/lampp/htdocs'
    'REQUEST_SCHEME' => 'http'
    'CONTEXT_PREFIX' => ''
    'CONTEXT_DOCUMENT_ROOT' => '/opt/lampp/htdocs'
    'SERVER_ADMIN' => 'you@example.com'
    'SCRIPT_FILENAME' => '/opt/lampp/htdocs/web/index.php'
    'REMOTE_PORT' => '57166'
    'REDIRECT_URL' => '/web/site/login'
    'GATEWAY_INTERFACE' => 'CGI/1.1'
    'SERVER_PROTOCOL' => 'HTTP/1.1'
    'REQUEST_METHOD' => 'POST'
    'QUERY_STRING' => ''
    'REQUEST_URI' => '/site/login'
    'SCRIPT_NAME' => '/web/index.php'
    'PHP_SELF' => '/web/index.php'
    'REQUEST_TIME_FLOAT' => 1725965620.139
    'REQUEST_TIME' => 1725965620
]
2024-09-10 12:56:41 [::1][-][au5o7c8s28cl8iui6k3of8d2j8][error][Error] Error: Interface "Yii\web\IdentityInterface" not found in /opt/lampp/htdocs/models/User.php:23
Stack trace:
#0 /opt/lampp/htdocs/vendor/yiisoft/yii2/BaseYii.php(293): include()
#1 /opt/lampp/htdocs/models/LoginForm.php(85): yii\BaseYii::autoload('app\\models\\User')
#2 /opt/lampp/htdocs/models/LoginForm.php(48): app\models\LoginForm->getUser()
#3 /opt/lampp/htdocs/vendor/yiisoft/yii2/validators/InlineValidator.php(77): app\models\LoginForm->validatePassword('password', NULL, Object(yii\validators\InlineValidator), '123')
#4 /opt/lampp/htdocs/vendor/yiisoft/yii2/validators/Validator.php(260): yii\validators\InlineValidator->validateAttribute(Object(app\models\LoginForm), 'password')
#5 /opt/lampp/htdocs/vendor/yiisoft/yii2/base/Model.php(368): yii\validators\Validator->validateAttributes(Object(app\models\LoginForm), Array)
#6 /opt/lampp/htdocs/models/LoginForm.php(71): yii\base\Model->validate()
#7 /opt/lampp/htdocs/controllers/SiteController.php(79): app\models\LoginForm->login()
#8 [internal function]: app\controllers\SiteController->actionLogin()
#9 /opt/lampp/htdocs/vendor/yiisoft/yii2/base/InlineAction.php(57): call_user_func_array(Array, Array)
#10 /opt/lampp/htdocs/vendor/yiisoft/yii2/base/Controller.php(178): yii\base\InlineAction->runWithParams(Array)
#11 /opt/lampp/htdocs/vendor/yiisoft/yii2/base/Module.php(552): yii\base\Controller->runAction('login', Array)
#12 /opt/lampp/htdocs/vendor/yiisoft/yii2/web/Application.php(103): yii\base\Module->runAction('site/login', Array)
#13 /opt/lampp/htdocs/vendor/yiisoft/yii2/base/Application.php(384): yii\web\Application->handleRequest(Object(yii\web\Request))
#14 /opt/lampp/htdocs/web/index.php(12): yii\base\Application->run()
#15 {main}
2024-09-10 12:56:41 [::1][-][au5o7c8s28cl8iui6k3of8d2j8][info][application] $_GET = []

$_POST = [
    '_csrf' => '3RnmmyP-a-D9cZSh3XHzLfRXCOR7Ezt0Y_VFjjaq1L6RW6XoRYwTjJhDxJaoHptFoD5XlyhaCDAwvDDBBv3izg=='
    'LoginForm' => [
        'username' => '123'
        'password' => '123'
        'rememberMe' => '1'
    ]
    'login-button' => ''
]

$_FILES = []

$_COOKIE = [
    'PHPSESSID' => 'au5o7c8s28cl8iui6k3of8d2j8'
    '_csrf' => '0ba4f8a72a860a61f58e337124fb2d235da38d099aed2e7259e6beb1260e483ca:2:{i:0;s:5:\"_csrf\";i:1;s:32:\"LBCsfrxle2P7uohhTi_sSI3DSIuO0W6p\";}'
]

$_SESSION = [
    '__flash' => []
]

$_SERVER = [
    'REDIRECT_REDIRECT_UNIQUE_ID' => 'ZuAl6War53xRN9Oec3ImCwAAAAY'
    'REDIRECT_REDIRECT_STATUS' => '200'
    'REDIRECT_UNIQUE_ID' => 'ZuAl6War53xRN9Oec3ImCwAAAAY'
    'REDIRECT_STATUS' => '200'
    'UNIQUE_ID' => 'ZuAl6War53xRN9Oec3ImCwAAAAY'
    'HTTP_HOST' => 'localhost'
    'HTTP_CONNECTION' => 'keep-alive'
    'CONTENT_LENGTH' => '224'
    'HTTP_CACHE_CONTROL' => 'max-age=0'
    'HTTP_SEC_CH_UA' => '\"Chromium\";v=\"127\", \"Not)A;Brand\";v=\"99\"'
    'HTTP_SEC_CH_UA_MOBILE' => '?0'
    'HTTP_SEC_CH_UA_PLATFORM' => '\"Linux\"'
    'HTTP_UPGRADE_INSECURE_REQUESTS' => '1'
    'HTTP_USER_AGENT' => 'Mozilla/5.0 (X11; Linux x86_64; Chromium GOST) AppleWebKit/537.36 (KHTML, like Gecko) Chrome/127.0.0.0 Safari/537.36'
    'HTTP_ORIGIN' => 'http://localhost'
    'CONTENT_TYPE' => 'application/x-www-form-urlencoded'
    'HTTP_ACCEPT' => 'text/html,application/xhtml+xml,application/xml;q=0.9,image/avif,image/webp,image/apng,*/*;q=0.8,application/signed-exchange;v=b3;q=0.7'
    'HTTP_SEC_FETCH_SITE' => 'same-origin'
    'HTTP_SEC_FETCH_MODE' => 'navigate'
    'HTTP_SEC_FETCH_USER' => '?1'
    'HTTP_SEC_FETCH_DEST' => 'document'
    'HTTP_REFERER' => 'http://localhost/site/login'
    'HTTP_ACCEPT_ENCODING' => 'gzip, deflate, br, zstd'
    'HTTP_ACCEPT_LANGUAGE' => 'ru-RU,ru;q=0.9,en-US;q=0.8,en;q=0.7'
    'HTTP_COOKIE' => 'PHPSESSID=au5o7c8s28cl8iui6k3of8d2j8; _csrf=0ba4f8a72a860a61f58e337124fb2d235da38d099aed2e7259e6beb1260e483ca%3A2%3A%7Bi%3A0%3Bs%3A5%3A%22_csrf%22%3Bi%3A1%3Bs%3A32%3A%22LBCsfrxle2P7uohhTi_sSI3DSIuO0W6p%22%3B%7D'
    'PATH' => '/root/.local/bin:/root/bin:/home/kabinet303/.local/bin:/home/kabinet303/bin:/usr/local/bin:/usr/bin:/bin:/usr/local/sbin:/usr/sbin:/sbin'
    'LD_LIBRARY_PATH' => '/opt/lampp/lib:/opt/lampp/lib'
    'SERVER_SIGNATURE' => ''
    'SERVER_SOFTWARE' => 'Apache/2.4.58 (Unix) OpenSSL/1.1.1w PHP/8.2.12 mod_perl/2.0.12 Perl/v5.34.1'
    'SERVER_NAME' => 'localhost'
    'SERVER_ADDR' => '::1'
    'SERVER_PORT' => '80'
    'REMOTE_ADDR' => '::1'
    'DOCUMENT_ROOT' => '/opt/lampp/htdocs'
    'REQUEST_SCHEME' => 'http'
    'CONTEXT_PREFIX' => ''
    'CONTEXT_DOCUMENT_ROOT' => '/opt/lampp/htdocs'
    'SERVER_ADMIN' => 'you@example.com'
    'SCRIPT_FILENAME' => '/opt/lampp/htdocs/web/index.php'
    'REMOTE_PORT' => '52198'
    'REDIRECT_URL' => '/web/site/login'
    'GATEWAY_INTERFACE' => 'CGI/1.1'
    'SERVER_PROTOCOL' => 'HTTP/1.1'
    'REQUEST_METHOD' => 'POST'
    'QUERY_STRING' => ''
    'REQUEST_URI' => '/site/login'
    'SCRIPT_NAME' => '/web/index.php'
    'PHP_SELF' => '/web/index.php'
    'REQUEST_TIME_FLOAT' => 1725965801.6943
    'REQUEST_TIME' => 1725965801
]
2024-09-10 12:56:46 [::1][-][au5o7c8s28cl8iui6k3of8d2j8][error][Error] Error: Interface "Yii\web\IdentityInterface" not found in /opt/lampp/htdocs/models/User.php:23
Stack trace:
#0 /opt/lampp/htdocs/vendor/yiisoft/yii2/BaseYii.php(293): include()
#1 /opt/lampp/htdocs/models/LoginForm.php(85): yii\BaseYii::autoload('app\\models\\User')
#2 /opt/lampp/htdocs/models/LoginForm.php(48): app\models\LoginForm->getUser()
#3 /opt/lampp/htdocs/vendor/yiisoft/yii2/validators/InlineValidator.php(77): app\models\LoginForm->validatePassword('password', NULL, Object(yii\validators\InlineValidator), '123')
#4 /opt/lampp/htdocs/vendor/yiisoft/yii2/validators/Validator.php(260): yii\validators\InlineValidator->validateAttribute(Object(app\models\LoginForm), 'password')
#5 /opt/lampp/htdocs/vendor/yiisoft/yii2/base/Model.php(368): yii\validators\Validator->validateAttributes(Object(app\models\LoginForm), Array)
#6 /opt/lampp/htdocs/models/LoginForm.php(71): yii\base\Model->validate()
#7 /opt/lampp/htdocs/controllers/SiteController.php(79): app\models\LoginForm->login()
#8 [internal function]: app\controllers\SiteController->actionLogin()
#9 /opt/lampp/htdocs/vendor/yiisoft/yii2/base/InlineAction.php(57): call_user_func_array(Array, Array)
#10 /opt/lampp/htdocs/vendor/yiisoft/yii2/base/Controller.php(178): yii\base\InlineAction->runWithParams(Array)
#11 /opt/lampp/htdocs/vendor/yiisoft/yii2/base/Module.php(552): yii\base\Controller->runAction('login', Array)
#12 /opt/lampp/htdocs/vendor/yiisoft/yii2/web/Application.php(103): yii\base\Module->runAction('site/login', Array)
#13 /opt/lampp/htdocs/vendor/yiisoft/yii2/base/Application.php(384): yii\web\Application->handleRequest(Object(yii\web\Request))
#14 /opt/lampp/htdocs/web/index.php(12): yii\base\Application->run()
#15 {main}
2024-09-10 12:56:46 [::1][-][au5o7c8s28cl8iui6k3of8d2j8][info][application] $_GET = []

$_POST = [
    '_csrf' => 'IwfJ-tqoUhYUAOT90ls-KDLamc9ymCh3UeuSTi-gCA9vRYqJvNoqenEytMqnNFZAZrPGvCHRGzMCoucBH_c-fw=='
    'LoginForm' => [
        'username' => '123'
        'password' => '123'
        'rememberMe' => '1'
    ]
    'login-button' => ''
]

$_FILES = []

$_COOKIE = [
    'PHPSESSID' => 'au5o7c8s28cl8iui6k3of8d2j8'
    '_csrf' => '0ba4f8a72a860a61f58e337124fb2d235da38d099aed2e7259e6beb1260e483ca:2:{i:0;s:5:\"_csrf\";i:1;s:32:\"LBCsfrxle2P7uohhTi_sSI3DSIuO0W6p\";}'
]

$_SESSION = [
    '__flash' => []
]

$_SERVER = [
    'REDIRECT_REDIRECT_UNIQUE_ID' => 'ZuAl7hQb0PLg33mtQIpi0gAAAAM'
    'REDIRECT_REDIRECT_STATUS' => '200'
    'REDIRECT_UNIQUE_ID' => 'ZuAl7hQb0PLg33mtQIpi0gAAAAM'
    'REDIRECT_STATUS' => '200'
    'UNIQUE_ID' => 'ZuAl7hQb0PLg33mtQIpi0gAAAAM'
    'HTTP_HOST' => 'localhost'
    'HTTP_CONNECTION' => 'keep-alive'
    'CONTENT_LENGTH' => '224'
    'HTTP_CACHE_CONTROL' => 'max-age=0'
    'HTTP_SEC_CH_UA' => '\"Chromium\";v=\"127\", \"Not)A;Brand\";v=\"99\"'
    'HTTP_SEC_CH_UA_MOBILE' => '?0'
    'HTTP_SEC_CH_UA_PLATFORM' => '\"Linux\"'
    'HTTP_UPGRADE_INSECURE_REQUESTS' => '1'
    'HTTP_ORIGIN' => 'http://localhost'
    'CONTENT_TYPE' => 'application/x-www-form-urlencoded'
    'HTTP_USER_AGENT' => 'Mozilla/5.0 (X11; Linux x86_64; Chromium GOST) AppleWebKit/537.36 (KHTML, like Gecko) Chrome/127.0.0.0 Safari/537.36'
    'HTTP_ACCEPT' => 'text/html,application/xhtml+xml,application/xml;q=0.9,image/avif,image/webp,image/apng,*/*;q=0.8,application/signed-exchange;v=b3;q=0.7'
    'HTTP_SEC_FETCH_SITE' => 'same-origin'
    'HTTP_SEC_FETCH_MODE' => 'navigate'
    'HTTP_SEC_FETCH_USER' => '?1'
    'HTTP_SEC_FETCH_DEST' => 'document'
    'HTTP_REFERER' => 'http://localhost/site/login'
    'HTTP_ACCEPT_ENCODING' => 'gzip, deflate, br, zstd'
    'HTTP_ACCEPT_LANGUAGE' => 'ru-RU,ru;q=0.9,en-US;q=0.8,en;q=0.7'
    'HTTP_COOKIE' => 'PHPSESSID=au5o7c8s28cl8iui6k3of8d2j8; _csrf=0ba4f8a72a860a61f58e337124fb2d235da38d099aed2e7259e6beb1260e483ca%3A2%3A%7Bi%3A0%3Bs%3A5%3A%22_csrf%22%3Bi%3A1%3Bs%3A32%3A%22LBCsfrxle2P7uohhTi_sSI3DSIuO0W6p%22%3B%7D'
    'PATH' => '/root/.local/bin:/root/bin:/home/kabinet303/.local/bin:/home/kabinet303/bin:/usr/local/bin:/usr/bin:/bin:/usr/local/sbin:/usr/sbin:/sbin'
    'LD_LIBRARY_PATH' => '/opt/lampp/lib:/opt/lampp/lib'
    'SERVER_SIGNATURE' => ''
    'SERVER_SOFTWARE' => 'Apache/2.4.58 (Unix) OpenSSL/1.1.1w PHP/8.2.12 mod_perl/2.0.12 Perl/v5.34.1'
    'SERVER_NAME' => 'localhost'
    'SERVER_ADDR' => '::1'
    'SERVER_PORT' => '80'
    'REMOTE_ADDR' => '::1'
    'DOCUMENT_ROOT' => '/opt/lampp/htdocs'
    'REQUEST_SCHEME' => 'http'
    'CONTEXT_PREFIX' => ''
    'CONTEXT_DOCUMENT_ROOT' => '/opt/lampp/htdocs'
    'SERVER_ADMIN' => 'you@example.com'
    'SCRIPT_FILENAME' => '/opt/lampp/htdocs/web/index.php'
    'REMOTE_PORT' => '52214'
    'REDIRECT_URL' => '/web/site/login'
    'GATEWAY_INTERFACE' => 'CGI/1.1'
    'SERVER_PROTOCOL' => 'HTTP/1.1'
    'REQUEST_METHOD' => 'POST'
    'QUERY_STRING' => ''
    'REQUEST_URI' => '/site/login'
    'SCRIPT_NAME' => '/web/index.php'
    'PHP_SELF' => '/web/index.php'
    'REQUEST_TIME_FLOAT' => 1725965806.4894
    'REQUEST_TIME' => 1725965806
]
2024-09-10 13:23:23 [::1][-][au5o7c8s28cl8iui6k3of8d2j8][error][Error] Error: Interface "Yii\web\IdentityInterface" not found in /opt/lampp/htdocs/models/User.php:23
Stack trace:
#0 /opt/lampp/htdocs/vendor/yiisoft/yii2/BaseYii.php(293): include()
#1 /opt/lampp/htdocs/models/LoginForm.php(85): yii\BaseYii::autoload('app\\models\\User')
#2 /opt/lampp/htdocs/models/LoginForm.php(48): app\models\LoginForm->getUser()
#3 /opt/lampp/htdocs/vendor/yiisoft/yii2/validators/InlineValidator.php(77): app\models\LoginForm->validatePassword('password', NULL, Object(yii\validators\InlineValidator), '123')
#4 /opt/lampp/htdocs/vendor/yiisoft/yii2/validators/Validator.php(260): yii\validators\InlineValidator->validateAttribute(Object(app\models\LoginForm), 'password')
#5 /opt/lampp/htdocs/vendor/yiisoft/yii2/base/Model.php(368): yii\validators\Validator->validateAttributes(Object(app\models\LoginForm), Array)
#6 /opt/lampp/htdocs/models/LoginForm.php(71): yii\base\Model->validate()
#7 /opt/lampp/htdocs/controllers/SiteController.php(79): app\models\LoginForm->login()
#8 [internal function]: app\controllers\SiteController->actionLogin()
#9 /opt/lampp/htdocs/vendor/yiisoft/yii2/base/InlineAction.php(57): call_user_func_array(Array, Array)
#10 /opt/lampp/htdocs/vendor/yiisoft/yii2/base/Controller.php(178): yii\base\InlineAction->runWithParams(Array)
#11 /opt/lampp/htdocs/vendor/yiisoft/yii2/base/Module.php(552): yii\base\Controller->runAction('login', Array)
#12 /opt/lampp/htdocs/vendor/yiisoft/yii2/web/Application.php(103): yii\base\Module->runAction('site/login', Array)
#13 /opt/lampp/htdocs/vendor/yiisoft/yii2/base/Application.php(384): yii\web\Application->handleRequest(Object(yii\web\Request))
#14 /opt/lampp/htdocs/web/index.php(12): yii\base\Application->run()
#15 {main}
2024-09-10 13:23:23 [::1][-][au5o7c8s28cl8iui6k3of8d2j8][info][application] $_GET = []

$_POST = [
    '_csrf' => 'vPLHloKEbyR_btBbYHtorrDpOjsoh2HUMyCcMUGYmQfwsITl5PYXSBpcgGwVFADG5IBlSHvOUpBgael-cc-vdw=='
    'LoginForm' => [
        'username' => '123'
        'password' => '123'
        'rememberMe' => '1'
    ]
    'login-button' => ''
]

$_FILES = []

$_COOKIE = [
    'PHPSESSID' => 'au5o7c8s28cl8iui6k3of8d2j8'
    '_csrf' => '0ba4f8a72a860a61f58e337124fb2d235da38d099aed2e7259e6beb1260e483ca:2:{i:0;s:5:\"_csrf\";i:1;s:32:\"LBCsfrxle2P7uohhTi_sSI3DSIuO0W6p\";}'
]

$_SESSION = [
    '__flash' => []
]

$_SERVER = [
    'REDIRECT_REDIRECT_UNIQUE_ID' => 'ZuAsK19EBwfH1dqSy4KWPAAAAAI'
    'REDIRECT_REDIRECT_STATUS' => '200'
    'REDIRECT_UNIQUE_ID' => 'ZuAsK19EBwfH1dqSy4KWPAAAAAI'
    'REDIRECT_STATUS' => '200'
    'UNIQUE_ID' => 'ZuAsK19EBwfH1dqSy4KWPAAAAAI'
    'HTTP_HOST' => 'localhost'
    'HTTP_CONNECTION' => 'keep-alive'
    'CONTENT_LENGTH' => '224'
    'HTTP_CACHE_CONTROL' => 'max-age=0'
    'HTTP_SEC_CH_UA' => '\"Chromium\";v=\"127\", \"Not)A;Brand\";v=\"99\"'
    'HTTP_SEC_CH_UA_MOBILE' => '?0'
    'HTTP_SEC_CH_UA_PLATFORM' => '\"Linux\"'
    'HTTP_UPGRADE_INSECURE_REQUESTS' => '1'
    'HTTP_ORIGIN' => 'http://localhost'
    'CONTENT_TYPE' => 'application/x-www-form-urlencoded'
    'HTTP_USER_AGENT' => 'Mozilla/5.0 (X11; Linux x86_64; Chromium GOST) AppleWebKit/537.36 (KHTML, like Gecko) Chrome/127.0.0.0 Safari/537.36'
    'HTTP_ACCEPT' => 'text/html,application/xhtml+xml,application/xml;q=0.9,image/avif,image/webp,image/apng,*/*;q=0.8,application/signed-exchange;v=b3;q=0.7'
    'HTTP_SEC_FETCH_SITE' => 'same-origin'
    'HTTP_SEC_FETCH_MODE' => 'navigate'
    'HTTP_SEC_FETCH_USER' => '?1'
    'HTTP_SEC_FETCH_DEST' => 'document'
    'HTTP_REFERER' => 'http://localhost/site/login'
    'HTTP_ACCEPT_ENCODING' => 'gzip, deflate, br, zstd'
    'HTTP_ACCEPT_LANGUAGE' => 'ru-RU,ru;q=0.9,en-US;q=0.8,en;q=0.7'
    'HTTP_COOKIE' => 'PHPSESSID=au5o7c8s28cl8iui6k3of8d2j8; _csrf=0ba4f8a72a860a61f58e337124fb2d235da38d099aed2e7259e6beb1260e483ca%3A2%3A%7Bi%3A0%3Bs%3A5%3A%22_csrf%22%3Bi%3A1%3Bs%3A32%3A%22LBCsfrxle2P7uohhTi_sSI3DSIuO0W6p%22%3B%7D'
    'PATH' => '/root/.local/bin:/root/bin:/home/kabinet303/.local/bin:/home/kabinet303/bin:/usr/local/bin:/usr/bin:/bin:/usr/local/sbin:/usr/sbin:/sbin'
    'LD_LIBRARY_PATH' => '/opt/lampp/lib:/opt/lampp/lib'
    'SERVER_SIGNATURE' => ''
    'SERVER_SOFTWARE' => 'Apache/2.4.58 (Unix) OpenSSL/1.1.1w PHP/8.2.12 mod_perl/2.0.12 Perl/v5.34.1'
    'SERVER_NAME' => 'localhost'
    'SERVER_ADDR' => '::1'
    'SERVER_PORT' => '80'
    'REMOTE_ADDR' => '::1'
    'DOCUMENT_ROOT' => '/opt/lampp/htdocs'
    'REQUEST_SCHEME' => 'http'
    'CONTEXT_PREFIX' => ''
    'CONTEXT_DOCUMENT_ROOT' => '/opt/lampp/htdocs'
    'SERVER_ADMIN' => 'you@example.com'
    'SCRIPT_FILENAME' => '/opt/lampp/htdocs/web/index.php'
    'REMOTE_PORT' => '38458'
    'REDIRECT_URL' => '/web/site/login'
    'GATEWAY_INTERFACE' => 'CGI/1.1'
    'SERVER_PROTOCOL' => 'HTTP/1.1'
    'REQUEST_METHOD' => 'POST'
    'QUERY_STRING' => ''
    'REQUEST_URI' => '/site/login'
    'SCRIPT_NAME' => '/web/index.php'
    'PHP_SELF' => '/web/index.php'
    'REQUEST_TIME_FLOAT' => 1725967403.9244
    'REQUEST_TIME' => 1725967403
]
2024-09-10 13:31:05 [::1][-][au5o7c8s28cl8iui6k3of8d2j8][error][Error] Error: Interface "Yii\web\IdentityInterface" not found in /opt/lampp/htdocs/models/User.php:23
Stack trace:
#0 /opt/lampp/htdocs/vendor/yiisoft/yii2/BaseYii.php(293): include()
#1 /opt/lampp/htdocs/models/LoginForm.php(78): yii\BaseYii::autoload('app\\models\\User')
#2 /opt/lampp/htdocs/models/LoginForm.php(48): app\models\LoginForm->getUser()
#3 /opt/lampp/htdocs/vendor/yiisoft/yii2/validators/InlineValidator.php(77): app\models\LoginForm->validatePassword('password', NULL, Object(yii\validators\InlineValidator), '13')
#4 /opt/lampp/htdocs/vendor/yiisoft/yii2/validators/Validator.php(260): yii\validators\InlineValidator->validateAttribute(Object(app\models\LoginForm), 'password')
#5 /opt/lampp/htdocs/vendor/yiisoft/yii2/base/Model.php(368): yii\validators\Validator->validateAttributes(Object(app\models\LoginForm), Array)
#6 /opt/lampp/htdocs/models/LoginForm.php(64): yii\base\Model->validate()
#7 /opt/lampp/htdocs/controllers/SiteController.php(79): app\models\LoginForm->login()
#8 [internal function]: app\controllers\SiteController->actionLogin()
#9 /opt/lampp/htdocs/vendor/yiisoft/yii2/base/InlineAction.php(57): call_user_func_array(Array, Array)
#10 /opt/lampp/htdocs/vendor/yiisoft/yii2/base/Controller.php(178): yii\base\InlineAction->runWithParams(Array)
#11 /opt/lampp/htdocs/vendor/yiisoft/yii2/base/Module.php(552): yii\base\Controller->runAction('login', Array)
#12 /opt/lampp/htdocs/vendor/yiisoft/yii2/web/Application.php(103): yii\base\Module->runAction('site/login', Array)
#13 /opt/lampp/htdocs/vendor/yiisoft/yii2/base/Application.php(384): yii\web\Application->handleRequest(Object(yii\web\Request))
#14 /opt/lampp/htdocs/web/index.php(12): yii\base\Application->run()
#15 {main}
2024-09-10 13:31:05 [::1][-][au5o7c8s28cl8iui6k3of8d2j8][info][application] $_GET = []

$_POST = [
    '_csrf' => 'ANZk6zaIa_M5D92nn4PTLBs3kn_i5O_-PF1PZm8alX1MlCeYUPoTn1w9jZDq7LtET17NDLGt3LpvFDopX02jDQ=='
    'LoginForm' => [
        'username' => '123'
        'password' => '13'
        'rememberMe' => '1'
    ]
    'login-button' => ''
]

$_FILES = []

$_COOKIE = [
    'PHPSESSID' => 'au5o7c8s28cl8iui6k3of8d2j8'
    '_csrf' => '0ba4f8a72a860a61f58e337124fb2d235da38d099aed2e7259e6beb1260e483ca:2:{i:0;s:5:\"_csrf\";i:1;s:32:\"LBCsfrxle2P7uohhTi_sSI3DSIuO0W6p\";}'
]

$_SESSION = [
    '__flash' => []
]

$_SERVER = [
    'REDIRECT_REDIRECT_UNIQUE_ID' => 'ZuAt-aFuVXf1GGE3W8ap0wAAAAE'
    'REDIRECT_REDIRECT_STATUS' => '200'
    'REDIRECT_UNIQUE_ID' => 'ZuAt-aFuVXf1GGE3W8ap0wAAAAE'
    'REDIRECT_STATUS' => '200'
    'UNIQUE_ID' => 'ZuAt-aFuVXf1GGE3W8ap0wAAAAE'
    'HTTP_HOST' => 'localhost'
    'HTTP_CONNECTION' => 'keep-alive'
    'CONTENT_LENGTH' => '223'
    'HTTP_CACHE_CONTROL' => 'max-age=0'
    'HTTP_SEC_CH_UA' => '\"Chromium\";v=\"127\", \"Not)A;Brand\";v=\"99\"'
    'HTTP_SEC_CH_UA_MOBILE' => '?0'
    'HTTP_SEC_CH_UA_PLATFORM' => '\"Linux\"'
    'HTTP_UPGRADE_INSECURE_REQUESTS' => '1'
    'HTTP_ORIGIN' => 'http://localhost'
    'CONTENT_TYPE' => 'application/x-www-form-urlencoded'
    'HTTP_USER_AGENT' => 'Mozilla/5.0 (X11; Linux x86_64; Chromium GOST) AppleWebKit/537.36 (KHTML, like Gecko) Chrome/127.0.0.0 Safari/537.36'
    'HTTP_ACCEPT' => 'text/html,application/xhtml+xml,application/xml;q=0.9,image/avif,image/webp,image/apng,*/*;q=0.8,application/signed-exchange;v=b3;q=0.7'
    'HTTP_SEC_FETCH_SITE' => 'same-origin'
    'HTTP_SEC_FETCH_MODE' => 'navigate'
    'HTTP_SEC_FETCH_USER' => '?1'
    'HTTP_SEC_FETCH_DEST' => 'document'
    'HTTP_REFERER' => 'http://localhost/site/login'
    'HTTP_ACCEPT_ENCODING' => 'gzip, deflate, br, zstd'
    'HTTP_ACCEPT_LANGUAGE' => 'ru-RU,ru;q=0.9,en-US;q=0.8,en;q=0.7'
    'HTTP_COOKIE' => 'PHPSESSID=au5o7c8s28cl8iui6k3of8d2j8; _csrf=0ba4f8a72a860a61f58e337124fb2d235da38d099aed2e7259e6beb1260e483ca%3A2%3A%7Bi%3A0%3Bs%3A5%3A%22_csrf%22%3Bi%3A1%3Bs%3A32%3A%22LBCsfrxle2P7uohhTi_sSI3DSIuO0W6p%22%3B%7D'
    'PATH' => '/root/.local/bin:/root/bin:/home/kabinet303/.local/bin:/home/kabinet303/bin:/usr/local/bin:/usr/bin:/bin:/usr/local/sbin:/usr/sbin:/sbin'
    'LD_LIBRARY_PATH' => '/opt/lampp/lib:/opt/lampp/lib'
    'SERVER_SIGNATURE' => ''
    'SERVER_SOFTWARE' => 'Apache/2.4.58 (Unix) OpenSSL/1.1.1w PHP/8.2.12 mod_perl/2.0.12 Perl/v5.34.1'
    'SERVER_NAME' => 'localhost'
    'SERVER_ADDR' => '::1'
    'SERVER_PORT' => '80'
    'REMOTE_ADDR' => '::1'
    'DOCUMENT_ROOT' => '/opt/lampp/htdocs'
    'REQUEST_SCHEME' => 'http'
    'CONTEXT_PREFIX' => ''
    'CONTEXT_DOCUMENT_ROOT' => '/opt/lampp/htdocs'
    'SERVER_ADMIN' => 'you@example.com'
    'SCRIPT_FILENAME' => '/opt/lampp/htdocs/web/index.php'
    'REMOTE_PORT' => '52636'
    'REDIRECT_URL' => '/web/site/login'
    'GATEWAY_INTERFACE' => 'CGI/1.1'
    'SERVER_PROTOCOL' => 'HTTP/1.1'
    'REQUEST_METHOD' => 'POST'
    'QUERY_STRING' => ''
    'REQUEST_URI' => '/site/login'
    'SCRIPT_NAME' => '/web/index.php'
    'PHP_SELF' => '/web/index.php'
    'REQUEST_TIME_FLOAT' => 1725967865.0544
    'REQUEST_TIME' => 1725967865
]
2024-09-10 13:40:39 [::1][-][au5o7c8s28cl8iui6k3of8d2j8][error][Error] Error: Interface "Yii\web\IdentityInterface" not found in /opt/lampp/htdocs/models/User.php:23
Stack trace:
#0 /opt/lampp/htdocs/vendor/yiisoft/yii2/BaseYii.php(293): include()
#1 /opt/lampp/htdocs/models/LoginForm.php(78): yii\BaseYii::autoload('app\\models\\User')
#2 /opt/lampp/htdocs/models/LoginForm.php(48): app\models\LoginForm->getUser()
#3 /opt/lampp/htdocs/vendor/yiisoft/yii2/validators/InlineValidator.php(77): app\models\LoginForm->validatePassword('password', NULL, Object(yii\validators\InlineValidator), '123')
#4 /opt/lampp/htdocs/vendor/yiisoft/yii2/validators/Validator.php(260): yii\validators\InlineValidator->validateAttribute(Object(app\models\LoginForm), 'password')
#5 /opt/lampp/htdocs/vendor/yiisoft/yii2/base/Model.php(368): yii\validators\Validator->validateAttributes(Object(app\models\LoginForm), Array)
#6 /opt/lampp/htdocs/models/LoginForm.php(64): yii\base\Model->validate()
#7 /opt/lampp/htdocs/controllers/SiteController.php(79): app\models\LoginForm->login()
#8 [internal function]: app\controllers\SiteController->actionLogin()
#9 /opt/lampp/htdocs/vendor/yiisoft/yii2/base/InlineAction.php(57): call_user_func_array(Array, Array)
#10 /opt/lampp/htdocs/vendor/yiisoft/yii2/base/Controller.php(178): yii\base\InlineAction->runWithParams(Array)
#11 /opt/lampp/htdocs/vendor/yiisoft/yii2/base/Module.php(552): yii\base\Controller->runAction('login', Array)
#12 /opt/lampp/htdocs/vendor/yiisoft/yii2/web/Application.php(103): yii\base\Module->runAction('site/login', Array)
#13 /opt/lampp/htdocs/vendor/yiisoft/yii2/base/Application.php(384): yii\web\Application->handleRequest(Object(yii\web\Request))
#14 /opt/lampp/htdocs/web/index.php(12): yii\base\Application->run()
#15 {main}
2024-09-10 13:40:39 [::1][-][au5o7c8s28cl8iui6k3of8d2j8][info][application] $_GET = []

$_POST = [
    '_csrf' => 'zrsPT4HyEeSu1oh20KCeHRrXc4sU3gMkhy9F-LcZX_SC-Uw854BpiMvk2EGlz_Z1Tr4s-EeXMGDUZjC3h05phA=='
    'LoginForm' => [
        'username' => '123'
        'password' => '123'
        'rememberMe' => '1'
    ]
    'login-button' => ''
]

$_FILES = []

$_COOKIE = [
    'PHPSESSID' => 'au5o7c8s28cl8iui6k3of8d2j8'
    '_csrf' => '0ba4f8a72a860a61f58e337124fb2d235da38d099aed2e7259e6beb1260e483ca:2:{i:0;s:5:\"_csrf\";i:1;s:32:\"LBCsfrxle2P7uohhTi_sSI3DSIuO0W6p\";}'
]

$_SESSION = [
    '__flash' => []
]

$_SERVER = [
    'REDIRECT_REDIRECT_UNIQUE_ID' => 'ZuAwNxQb0PLg33mtQIpi2QAAAAM'
    'REDIRECT_REDIRECT_STATUS' => '200'
    'REDIRECT_UNIQUE_ID' => 'ZuAwNxQb0PLg33mtQIpi2QAAAAM'
    'REDIRECT_STATUS' => '200'
    'UNIQUE_ID' => 'ZuAwNxQb0PLg33mtQIpi2QAAAAM'
    'HTTP_HOST' => 'localhost'
    'HTTP_CONNECTION' => 'keep-alive'
    'CONTENT_LENGTH' => '224'
    'HTTP_CACHE_CONTROL' => 'max-age=0'
    'HTTP_SEC_CH_UA' => '\"Chromium\";v=\"127\", \"Not)A;Brand\";v=\"99\"'
    'HTTP_SEC_CH_UA_MOBILE' => '?0'
    'HTTP_SEC_CH_UA_PLATFORM' => '\"Linux\"'
    'HTTP_UPGRADE_INSECURE_REQUESTS' => '1'
    'HTTP_ORIGIN' => 'http://localhost'
    'CONTENT_TYPE' => 'application/x-www-form-urlencoded'
    'HTTP_USER_AGENT' => 'Mozilla/5.0 (X11; Linux x86_64; Chromium GOST) AppleWebKit/537.36 (KHTML, like Gecko) Chrome/127.0.0.0 Safari/537.36'
    'HTTP_ACCEPT' => 'text/html,application/xhtml+xml,application/xml;q=0.9,image/avif,image/webp,image/apng,*/*;q=0.8,application/signed-exchange;v=b3;q=0.7'
    'HTTP_SEC_FETCH_SITE' => 'same-origin'
    'HTTP_SEC_FETCH_MODE' => 'navigate'
    'HTTP_SEC_FETCH_USER' => '?1'
    'HTTP_SEC_FETCH_DEST' => 'document'
    'HTTP_REFERER' => 'http://localhost/site/login'
    'HTTP_ACCEPT_ENCODING' => 'gzip, deflate, br, zstd'
    'HTTP_ACCEPT_LANGUAGE' => 'ru-RU,ru;q=0.9,en-US;q=0.8,en;q=0.7'
    'HTTP_COOKIE' => 'PHPSESSID=au5o7c8s28cl8iui6k3of8d2j8; _csrf=0ba4f8a72a860a61f58e337124fb2d235da38d099aed2e7259e6beb1260e483ca%3A2%3A%7Bi%3A0%3Bs%3A5%3A%22_csrf%22%3Bi%3A1%3Bs%3A32%3A%22LBCsfrxle2P7uohhTi_sSI3DSIuO0W6p%22%3B%7D'
    'PATH' => '/root/.local/bin:/root/bin:/home/kabinet303/.local/bin:/home/kabinet303/bin:/usr/local/bin:/usr/bin:/bin:/usr/local/sbin:/usr/sbin:/sbin'
    'LD_LIBRARY_PATH' => '/opt/lampp/lib:/opt/lampp/lib'
    'SERVER_SIGNATURE' => ''
    'SERVER_SOFTWARE' => 'Apache/2.4.58 (Unix) OpenSSL/1.1.1w PHP/8.2.12 mod_perl/2.0.12 Perl/v5.34.1'
    'SERVER_NAME' => 'localhost'
    'SERVER_ADDR' => '::1'
    'SERVER_PORT' => '80'
    'REMOTE_ADDR' => '::1'
    'DOCUMENT_ROOT' => '/opt/lampp/htdocs'
    'REQUEST_SCHEME' => 'http'
    'CONTEXT_PREFIX' => ''
    'CONTEXT_DOCUMENT_ROOT' => '/opt/lampp/htdocs'
    'SERVER_ADMIN' => 'you@example.com'
    'SCRIPT_FILENAME' => '/opt/lampp/htdocs/web/index.php'
    'REMOTE_PORT' => '40112'
    'REDIRECT_URL' => '/web/site/login'
    'GATEWAY_INTERFACE' => 'CGI/1.1'
    'SERVER_PROTOCOL' => 'HTTP/1.1'
    'REQUEST_METHOD' => 'POST'
    'QUERY_STRING' => ''
    'REQUEST_URI' => '/site/login'
    'SCRIPT_NAME' => '/web/index.php'
    'PHP_SELF' => '/web/index.php'
    'REQUEST_TIME_FLOAT' => 1725968439.5745
    'REQUEST_TIME' => 1725968439
]
2024-09-18 12:43:16 [::1][-][-][warning][yii\web\User::getIdentityAndDurationFromCookie] Invalid cookie auth key attempted for user '1' from ::1: 
    in /opt/lampp/htdocs/views/layouts/main.php:45
    in /opt/lampp/htdocs/controllers/SiteController.php:64
2024-09-18 12:43:15 [::1][-][-][info][application] $_GET = []

$_POST = []

$_FILES = []

$_COOKIE = [
    '_identity' => '0c7dc0824cf6cbf55382e435d7f4d768f1edd2fa7d9b4fe2c07e79a6a778c1aea:2:{i:0;s:9:\"_identity\";i:1;s:16:\"[1,null,2592000]\";}'
]

$_SESSION = [
    '__flash' => []
]

$_SERVER = [
    'REDIRECT_UNIQUE_ID' => 'Zuquw23D45J-F3ELn57QEQAAAAI'
    'REDIRECT_STATUS' => '200'
    'UNIQUE_ID' => 'Zuquw23D45J-F3ELn57QEQAAAAI'
    'HTTP_HOST' => 'localhost'
    'HTTP_CONNECTION' => 'keep-alive'
    'HTTP_SEC_CH_UA' => '\"Chromium\";v=\"127\", \"Not)A;Brand\";v=\"99\"'
    'HTTP_SEC_CH_UA_MOBILE' => '?0'
    'HTTP_SEC_CH_UA_PLATFORM' => '\"Linux\"'
    'HTTP_UPGRADE_INSECURE_REQUESTS' => '1'
    'HTTP_USER_AGENT' => 'Mozilla/5.0 (X11; Linux x86_64; Chromium GOST) AppleWebKit/537.36 (KHTML, like Gecko) Chrome/127.0.0.0 Safari/537.36'
    'HTTP_ACCEPT' => 'text/html,application/xhtml+xml,application/xml;q=0.9,image/avif,image/webp,image/apng,*/*;q=0.8,application/signed-exchange;v=b3;q=0.7'
    'HTTP_SEC_FETCH_SITE' => 'none'
    'HTTP_SEC_FETCH_MODE' => 'navigate'
    'HTTP_SEC_FETCH_USER' => '?1'
    'HTTP_SEC_FETCH_DEST' => 'document'
    'HTTP_ACCEPT_ENCODING' => 'gzip, deflate, br, zstd'
    'HTTP_ACCEPT_LANGUAGE' => 'ru-RU,ru;q=0.9,en-US;q=0.8,en;q=0.7'
    'HTTP_COOKIE' => '_identity=0c7dc0824cf6cbf55382e435d7f4d768f1edd2fa7d9b4fe2c07e79a6a778c1aea%3A2%3A%7Bi%3A0%3Bs%3A9%3A%22_identity%22%3Bi%3A1%3Bs%3A16%3A%22%5B1%2Cnull%2C2592000%5D%22%3B%7D'
    'PATH' => '/root/.local/bin:/root/bin:/home/kabinet303/.local/bin:/home/kabinet303/bin:/usr/local/bin:/usr/bin:/bin:/usr/local/sbin:/usr/sbin:/sbin'
    'LD_LIBRARY_PATH' => '/opt/lampp/lib:/opt/lampp/lib'
    'SERVER_SIGNATURE' => ''
    'SERVER_SOFTWARE' => 'Apache/2.4.58 (Unix) OpenSSL/1.1.1w PHP/8.2.12 mod_perl/2.0.12 Perl/v5.34.1'
    'SERVER_NAME' => 'localhost'
    'SERVER_ADDR' => '::1'
    'SERVER_PORT' => '80'
    'REMOTE_ADDR' => '::1'
    'DOCUMENT_ROOT' => '/opt/lampp/htdocs'
    'REQUEST_SCHEME' => 'http'
    'CONTEXT_PREFIX' => ''
    'CONTEXT_DOCUMENT_ROOT' => '/opt/lampp/htdocs'
    'SERVER_ADMIN' => 'you@example.com'
    'SCRIPT_FILENAME' => '/opt/lampp/htdocs/web/index.php'
    'REMOTE_PORT' => '53958'
    'REDIRECT_URL' => '/'
    'GATEWAY_INTERFACE' => 'CGI/1.1'
    'SERVER_PROTOCOL' => 'HTTP/1.1'
    'REQUEST_METHOD' => 'GET'
    'QUERY_STRING' => ''
    'REQUEST_URI' => '/'
    'SCRIPT_NAME' => '/web/index.php'
    'PHP_SELF' => '/web/index.php'
    'REQUEST_TIME_FLOAT' => 1726656195.8473
    'REQUEST_TIME' => 1726656195
]
2024-09-25 13:24:09 [::1][-][-][error][yii\base\UnknownPropertyException] yii\base\UnknownPropertyException: Getting unknown property: app\models\User::email in /opt/lampp/htdocs/vendor/yiisoft/yii2/base/Component.php:154
Stack trace:
#0 /opt/lampp/htdocs/vendor/yiisoft/yii2/db/BaseActiveRecord.php(296): yii\base\Component->__get('email')
#1 /opt/lampp/htdocs/vendor/yiisoft/yii2/validators/Validator.php(306): yii\db\BaseActiveRecord->__get('email')
#2 /opt/lampp/htdocs/vendor/yiisoft/yii2/validators/Validator.php(260): yii\validators\Validator->validateAttribute(Object(app\models\User), 'email')
#3 /opt/lampp/htdocs/vendor/yiisoft/yii2/base/Model.php(368): yii\validators\Validator->validateAttributes(Object(app\models\User), Array)
#4 /opt/lampp/htdocs/vendor/yiisoft/yii2/db/ActiveRecord.php(564): yii\base\Model->validate(Array)
#5 /opt/lampp/htdocs/vendor/yiisoft/yii2/db/BaseActiveRecord.php(688): yii\db\ActiveRecord->insert(true, NULL)
#6 /opt/lampp/htdocs/controllers/UserController.php(83): yii\db\BaseActiveRecord->save()
#7 [internal function]: app\controllers\UserController->actionCreate()
#8 /opt/lampp/htdocs/vendor/yiisoft/yii2/base/InlineAction.php(57): call_user_func_array(Array, Array)
#9 /opt/lampp/htdocs/vendor/yiisoft/yii2/base/Controller.php(178): yii\base\InlineAction->runWithParams(Array)
#10 /opt/lampp/htdocs/vendor/yiisoft/yii2/base/Module.php(552): yii\base\Controller->runAction('create', Array)
#11 /opt/lampp/htdocs/vendor/yiisoft/yii2/web/Application.php(103): yii\base\Module->runAction('user/create', Array)
#12 /opt/lampp/htdocs/vendor/yiisoft/yii2/base/Application.php(384): yii\web\Application->handleRequest(Object(yii\web\Request))
#13 /opt/lampp/htdocs/web/index.php(12): yii\base\Application->run()
#14 {main}
2024-09-25 13:24:09 [::1][-][-][info][application] $_GET = []

$_POST = [
    '_csrf' => 'XYHNxXyhPv7J8YR_OMp0WYSL-3jTA0jlAB9ln8H_WJYo6qX8Gs0Ti42ywEwInBc3yubIMqVreZQyVhbssJgf5g=='
    'User' => [
        'phone' => '+7 999999999'
        'username' => 'Gleb'
        'password' => '12345'
        'role_id' => '1'
    ]
]

$_FILES = []

$_COOKIE = [
    'PHPSESSID' => '3mchpon89aqp8r002pmdfc84gv'
    '_csrf' => '368d4c6890cff529b99d99690c299e8b276982c01fd4f482d00f03fe11ac8bf8a:2:{i:0;s:5:\"_csrf\";i:1;s:32:\"ukh9fl-uDCD30VcnNm3Jvh1q2IssqgGp\";}'
]

$_SERVER = [
    'REDIRECT_REDIRECT_UNIQUE_ID' => 'ZvPy2TTZhsObvU76QR1uXAAAAAQ'
    'REDIRECT_REDIRECT_STATUS' => '200'
    'REDIRECT_UNIQUE_ID' => 'ZvPy2TTZhsObvU76QR1uXAAAAAQ'
    'REDIRECT_STATUS' => '200'
    'UNIQUE_ID' => 'ZvPy2TTZhsObvU76QR1uXAAAAAQ'
    'HTTP_HOST' => 'localhost'
    'HTTP_CONNECTION' => 'keep-alive'
    'CONTENT_LENGTH' => '198'
    'HTTP_CACHE_CONTROL' => 'max-age=0'
    'HTTP_SEC_CH_UA' => '\"Chromium\";v=\"127\", \"Not)A;Brand\";v=\"99\"'
    'HTTP_SEC_CH_UA_MOBILE' => '?0'
    'HTTP_SEC_CH_UA_PLATFORM' => '\"Linux\"'
    'HTTP_UPGRADE_INSECURE_REQUESTS' => '1'
    'HTTP_ORIGIN' => 'http://localhost'
    'CONTENT_TYPE' => 'application/x-www-form-urlencoded'
    'HTTP_USER_AGENT' => 'Mozilla/5.0 (X11; Linux x86_64; Chromium GOST) AppleWebKit/537.36 (KHTML, like Gecko) Chrome/127.0.0.0 Safari/537.36'
    'HTTP_ACCEPT' => 'text/html,application/xhtml+xml,application/xml;q=0.9,image/avif,image/webp,image/apng,*/*;q=0.8,application/signed-exchange;v=b3;q=0.7'
    'HTTP_SEC_FETCH_SITE' => 'same-origin'
    'HTTP_SEC_FETCH_MODE' => 'navigate'
    'HTTP_SEC_FETCH_USER' => '?1'
    'HTTP_SEC_FETCH_DEST' => 'document'
    'HTTP_REFERER' => 'http://localhost/user/create'
    'HTTP_ACCEPT_ENCODING' => 'gzip, deflate, br, zstd'
    'HTTP_ACCEPT_LANGUAGE' => 'ru-RU,ru;q=0.9'
    'HTTP_COOKIE' => 'PHPSESSID=3mchpon89aqp8r002pmdfc84gv; _csrf=368d4c6890cff529b99d99690c299e8b276982c01fd4f482d00f03fe11ac8bf8a%3A2%3A%7Bi%3A0%3Bs%3A5%3A%22_csrf%22%3Bi%3A1%3Bs%3A32%3A%22ukh9fl-uDCD30VcnNm3Jvh1q2IssqgGp%22%3B%7D'
    'PATH' => '/root/.local/bin:/root/bin:/home/kabinet303/.local/bin:/home/kabinet303/bin:/usr/local/bin:/usr/bin:/bin:/usr/local/sbin:/usr/sbin:/sbin'
    'LD_LIBRARY_PATH' => '/opt/lampp/lib:/opt/lampp/lib'
    'SERVER_SIGNATURE' => ''
    'SERVER_SOFTWARE' => 'Apache/2.4.58 (Unix) OpenSSL/1.1.1w PHP/8.2.12 mod_perl/2.0.12 Perl/v5.34.1'
    'SERVER_NAME' => 'localhost'
    'SERVER_ADDR' => '::1'
    'SERVER_PORT' => '80'
    'REMOTE_ADDR' => '::1'
    'DOCUMENT_ROOT' => '/opt/lampp/htdocs'
    'REQUEST_SCHEME' => 'http'
    'CONTEXT_PREFIX' => ''
    'CONTEXT_DOCUMENT_ROOT' => '/opt/lampp/htdocs'
    'SERVER_ADMIN' => 'you@example.com'
    'SCRIPT_FILENAME' => '/opt/lampp/htdocs/web/index.php'
    'REMOTE_PORT' => '35226'
    'REDIRECT_URL' => '/web/user/create'
    'GATEWAY_INTERFACE' => 'CGI/1.1'
    'SERVER_PROTOCOL' => 'HTTP/1.1'
    'REQUEST_METHOD' => 'POST'
    'QUERY_STRING' => ''
    'REQUEST_URI' => '/user/create'
    'SCRIPT_NAME' => '/web/index.php'
    'PHP_SELF' => '/web/index.php'
    'REQUEST_TIME_FLOAT' => 1727263449.2332
    'REQUEST_TIME' => 1727263449
]
2024-09-25 13:26:42 [::1][-][-][error][yii\base\UnknownPropertyException] yii\base\UnknownPropertyException: Getting unknown property: app\models\User::email in /opt/lampp/htdocs/vendor/yiisoft/yii2/base/Component.php:154
Stack trace:
#0 /opt/lampp/htdocs/vendor/yiisoft/yii2/db/BaseActiveRecord.php(296): yii\base\Component->__get('email')
#1 /opt/lampp/htdocs/vendor/yiisoft/yii2/validators/Validator.php(306): yii\db\BaseActiveRecord->__get('email')
#2 /opt/lampp/htdocs/vendor/yiisoft/yii2/validators/Validator.php(260): yii\validators\Validator->validateAttribute(Object(app\models\User), 'email')
#3 /opt/lampp/htdocs/vendor/yiisoft/yii2/base/Model.php(368): yii\validators\Validator->validateAttributes(Object(app\models\User), Array)
#4 /opt/lampp/htdocs/vendor/yiisoft/yii2/db/ActiveRecord.php(564): yii\base\Model->validate(Array)
#5 /opt/lampp/htdocs/vendor/yiisoft/yii2/db/BaseActiveRecord.php(688): yii\db\ActiveRecord->insert(true, NULL)
#6 /opt/lampp/htdocs/controllers/UserController.php(83): yii\db\BaseActiveRecord->save()
#7 [internal function]: app\controllers\UserController->actionCreate()
#8 /opt/lampp/htdocs/vendor/yiisoft/yii2/base/InlineAction.php(57): call_user_func_array(Array, Array)
#9 /opt/lampp/htdocs/vendor/yiisoft/yii2/base/Controller.php(178): yii\base\InlineAction->runWithParams(Array)
#10 /opt/lampp/htdocs/vendor/yiisoft/yii2/base/Module.php(552): yii\base\Controller->runAction('create', Array)
#11 /opt/lampp/htdocs/vendor/yiisoft/yii2/web/Application.php(103): yii\base\Module->runAction('user/create', Array)
#12 /opt/lampp/htdocs/vendor/yiisoft/yii2/base/Application.php(384): yii\web\Application->handleRequest(Object(yii\web\Request))
#13 /opt/lampp/htdocs/web/index.php(12): yii\base\Application->run()
#14 {main}
2024-09-25 13:26:42 [::1][-][-][info][application] $_GET = []

$_POST = [
    '_csrf' => 'rNXkA4c6a2WZrD9O7KKIbSBxIKMJ6kaUXiqrPBmpTjbZvow64VZGEN3ve33c9OsDbhwT6X-Cd-VsY9hPaM4JRg=='
    'User' => [
        'phone' => '+7 999999999'
        'username' => 'Gleb'
        'password' => '12'
        'role_id' => '1'
    ]
]

$_FILES = []

$_COOKIE = [
    'PHPSESSID' => '3mchpon89aqp8r002pmdfc84gv'
    '_csrf' => '368d4c6890cff529b99d99690c299e8b276982c01fd4f482d00f03fe11ac8bf8a:2:{i:0;s:5:\"_csrf\";i:1;s:32:\"ukh9fl-uDCD30VcnNm3Jvh1q2IssqgGp\";}'
]

$_SERVER = [
    'REDIRECT_REDIRECT_UNIQUE_ID' => 'ZvPzcq8-EpUB3kYMkj0AXwAAAAg'
    'REDIRECT_REDIRECT_STATUS' => '200'
    'REDIRECT_UNIQUE_ID' => 'ZvPzcq8-EpUB3kYMkj0AXwAAAAg'
    'REDIRECT_STATUS' => '200'
    'UNIQUE_ID' => 'ZvPzcq8-EpUB3kYMkj0AXwAAAAg'
    'HTTP_HOST' => 'localhost'
    'HTTP_CONNECTION' => 'keep-alive'
    'CONTENT_LENGTH' => '195'
    'HTTP_CACHE_CONTROL' => 'max-age=0'
    'HTTP_SEC_CH_UA' => '\"Chromium\";v=\"127\", \"Not)A;Brand\";v=\"99\"'
    'HTTP_SEC_CH_UA_MOBILE' => '?0'
    'HTTP_SEC_CH_UA_PLATFORM' => '\"Linux\"'
    'HTTP_UPGRADE_INSECURE_REQUESTS' => '1'
    'HTTP_ORIGIN' => 'http://localhost'
    'CONTENT_TYPE' => 'application/x-www-form-urlencoded'
    'HTTP_USER_AGENT' => 'Mozilla/5.0 (X11; Linux x86_64; Chromium GOST) AppleWebKit/537.36 (KHTML, like Gecko) Chrome/127.0.0.0 Safari/537.36'
    'HTTP_ACCEPT' => 'text/html,application/xhtml+xml,application/xml;q=0.9,image/avif,image/webp,image/apng,*/*;q=0.8,application/signed-exchange;v=b3;q=0.7'
    'HTTP_SEC_FETCH_SITE' => 'same-origin'
    'HTTP_SEC_FETCH_MODE' => 'navigate'
    'HTTP_SEC_FETCH_USER' => '?1'
    'HTTP_SEC_FETCH_DEST' => 'document'
    'HTTP_REFERER' => 'http://localhost/user/create'
    'HTTP_ACCEPT_ENCODING' => 'gzip, deflate, br, zstd'
    'HTTP_ACCEPT_LANGUAGE' => 'ru-RU,ru;q=0.9'
    'HTTP_COOKIE' => 'PHPSESSID=3mchpon89aqp8r002pmdfc84gv; _csrf=368d4c6890cff529b99d99690c299e8b276982c01fd4f482d00f03fe11ac8bf8a%3A2%3A%7Bi%3A0%3Bs%3A5%3A%22_csrf%22%3Bi%3A1%3Bs%3A32%3A%22ukh9fl-uDCD30VcnNm3Jvh1q2IssqgGp%22%3B%7D'
    'PATH' => '/root/.local/bin:/root/bin:/home/kabinet303/.local/bin:/home/kabinet303/bin:/usr/local/bin:/usr/bin:/bin:/usr/local/sbin:/usr/sbin:/sbin'
    'LD_LIBRARY_PATH' => '/opt/lampp/lib:/opt/lampp/lib'
    'SERVER_SIGNATURE' => ''
    'SERVER_SOFTWARE' => 'Apache/2.4.58 (Unix) OpenSSL/1.1.1w PHP/8.2.12 mod_perl/2.0.12 Perl/v5.34.1'
    'SERVER_NAME' => 'localhost'
    'SERVER_ADDR' => '::1'
    'SERVER_PORT' => '80'
    'REMOTE_ADDR' => '::1'
    'DOCUMENT_ROOT' => '/opt/lampp/htdocs'
    'REQUEST_SCHEME' => 'http'
    'CONTEXT_PREFIX' => ''
    'CONTEXT_DOCUMENT_ROOT' => '/opt/lampp/htdocs'
    'SERVER_ADMIN' => 'you@example.com'
    'SCRIPT_FILENAME' => '/opt/lampp/htdocs/web/index.php'
    'REMOTE_PORT' => '42262'
    'REDIRECT_URL' => '/web/user/create'
    'GATEWAY_INTERFACE' => 'CGI/1.1'
    'SERVER_PROTOCOL' => 'HTTP/1.1'
    'REQUEST_METHOD' => 'POST'
    'QUERY_STRING' => ''
    'REQUEST_URI' => '/user/create'
    'SCRIPT_NAME' => '/web/index.php'
    'PHP_SELF' => '/web/index.php'
    'REQUEST_TIME_FLOAT' => 1727263602.4677
    'REQUEST_TIME' => 1727263602
]
2024-09-25 13:28:12 [::1][-][-][error][yii\base\UnknownPropertyException] yii\base\UnknownPropertyException: Getting unknown property: app\models\User::email in /opt/lampp/htdocs/vendor/yiisoft/yii2/base/Component.php:154
Stack trace:
#0 /opt/lampp/htdocs/vendor/yiisoft/yii2/db/BaseActiveRecord.php(296): yii\base\Component->__get('email')
#1 /opt/lampp/htdocs/vendor/yiisoft/yii2/validators/Validator.php(306): yii\db\BaseActiveRecord->__get('email')
#2 /opt/lampp/htdocs/vendor/yiisoft/yii2/validators/Validator.php(260): yii\validators\Validator->validateAttribute(Object(app\models\User), 'email')
#3 /opt/lampp/htdocs/vendor/yiisoft/yii2/base/Model.php(368): yii\validators\Validator->validateAttributes(Object(app\models\User), Array)
#4 /opt/lampp/htdocs/vendor/yiisoft/yii2/db/ActiveRecord.php(564): yii\base\Model->validate(Array)
#5 /opt/lampp/htdocs/vendor/yiisoft/yii2/db/BaseActiveRecord.php(688): yii\db\ActiveRecord->insert(true, NULL)
#6 /opt/lampp/htdocs/controllers/UserController.php(83): yii\db\BaseActiveRecord->save()
#7 [internal function]: app\controllers\UserController->actionCreate()
#8 /opt/lampp/htdocs/vendor/yiisoft/yii2/base/InlineAction.php(57): call_user_func_array(Array, Array)
#9 /opt/lampp/htdocs/vendor/yiisoft/yii2/base/Controller.php(178): yii\base\InlineAction->runWithParams(Array)
#10 /opt/lampp/htdocs/vendor/yiisoft/yii2/base/Module.php(552): yii\base\Controller->runAction('create', Array)
#11 /opt/lampp/htdocs/vendor/yiisoft/yii2/web/Application.php(103): yii\base\Module->runAction('user/create', Array)
#12 /opt/lampp/htdocs/vendor/yiisoft/yii2/base/Application.php(384): yii\web\Application->handleRequest(Object(yii\web\Request))
#13 /opt/lampp/htdocs/web/index.php(12): yii\base\Application->run()
#14 {main}
2024-09-25 13:28:12 [::1][-][-][info][application] $_GET = []

$_POST = [
    '_csrf' => 'w6-JNheq7k7uPMsFVMtK3uXAHWqeTcEK13vK68NTE2O2xOEPccbDO6p_jzZknSmwq60uIOgl8HvlMrmYsjRUEw=='
    'User' => [
        'phone' => '698987097'
        'username' => '123'
        'password' => '123'
        'role_id' => '1'
    ]
]

$_FILES = []

$_COOKIE = [
    'PHPSESSID' => '3mchpon89aqp8r002pmdfc84gv'
    '_csrf' => '368d4c6890cff529b99d99690c299e8b276982c01fd4f482d00f03fe11ac8bf8a:2:{i:0;s:5:\"_csrf\";i:1;s:32:\"ukh9fl-uDCD30VcnNm3Jvh1q2IssqgGp\";}'
]

$_SERVER = [
    'REDIRECT_REDIRECT_UNIQUE_ID' => 'ZvPzzC5ZtK38ROMRqxlmhQAAAAU'
    'REDIRECT_REDIRECT_STATUS' => '200'
    'REDIRECT_UNIQUE_ID' => 'ZvPzzC5ZtK38ROMRqxlmhQAAAAU'
    'REDIRECT_STATUS' => '200'
    'UNIQUE_ID' => 'ZvPzzC5ZtK38ROMRqxlmhQAAAAU'
    'HTTP_HOST' => 'localhost'
    'HTTP_CONNECTION' => 'keep-alive'
    'CONTENT_LENGTH' => '190'
    'HTTP_CACHE_CONTROL' => 'max-age=0'
    'HTTP_SEC_CH_UA' => '\"Chromium\";v=\"127\", \"Not)A;Brand\";v=\"99\"'
    'HTTP_SEC_CH_UA_MOBILE' => '?0'
    'HTTP_SEC_CH_UA_PLATFORM' => '\"Linux\"'
    'HTTP_UPGRADE_INSECURE_REQUESTS' => '1'
    'HTTP_ORIGIN' => 'http://localhost'
    'CONTENT_TYPE' => 'application/x-www-form-urlencoded'
    'HTTP_USER_AGENT' => 'Mozilla/5.0 (X11; Linux x86_64; Chromium GOST) AppleWebKit/537.36 (KHTML, like Gecko) Chrome/127.0.0.0 Safari/537.36'
    'HTTP_ACCEPT' => 'text/html,application/xhtml+xml,application/xml;q=0.9,image/avif,image/webp,image/apng,*/*;q=0.8,application/signed-exchange;v=b3;q=0.7'
    'HTTP_SEC_FETCH_SITE' => 'same-origin'
    'HTTP_SEC_FETCH_MODE' => 'navigate'
    'HTTP_SEC_FETCH_USER' => '?1'
    'HTTP_SEC_FETCH_DEST' => 'document'
    'HTTP_REFERER' => 'http://localhost/user/create'
    'HTTP_ACCEPT_ENCODING' => 'gzip, deflate, br, zstd'
    'HTTP_ACCEPT_LANGUAGE' => 'ru-RU,ru;q=0.9'
    'HTTP_COOKIE' => 'PHPSESSID=3mchpon89aqp8r002pmdfc84gv; _csrf=368d4c6890cff529b99d99690c299e8b276982c01fd4f482d00f03fe11ac8bf8a%3A2%3A%7Bi%3A0%3Bs%3A5%3A%22_csrf%22%3Bi%3A1%3Bs%3A32%3A%22ukh9fl-uDCD30VcnNm3Jvh1q2IssqgGp%22%3B%7D'
    'PATH' => '/root/.local/bin:/root/bin:/home/kabinet303/.local/bin:/home/kabinet303/bin:/usr/local/bin:/usr/bin:/bin:/usr/local/sbin:/usr/sbin:/sbin'
    'LD_LIBRARY_PATH' => '/opt/lampp/lib:/opt/lampp/lib'
    'SERVER_SIGNATURE' => ''
    'SERVER_SOFTWARE' => 'Apache/2.4.58 (Unix) OpenSSL/1.1.1w PHP/8.2.12 mod_perl/2.0.12 Perl/v5.34.1'
    'SERVER_NAME' => 'localhost'
    'SERVER_ADDR' => '::1'
    'SERVER_PORT' => '80'
    'REMOTE_ADDR' => '::1'
    'DOCUMENT_ROOT' => '/opt/lampp/htdocs'
    'REQUEST_SCHEME' => 'http'
    'CONTEXT_PREFIX' => ''
    'CONTEXT_DOCUMENT_ROOT' => '/opt/lampp/htdocs'
    'SERVER_ADMIN' => 'you@example.com'
    'SCRIPT_FILENAME' => '/opt/lampp/htdocs/web/index.php'
    'REMOTE_PORT' => '45272'
    'REDIRECT_URL' => '/web/user/create'
    'GATEWAY_INTERFACE' => 'CGI/1.1'
    'SERVER_PROTOCOL' => 'HTTP/1.1'
    'REQUEST_METHOD' => 'POST'
    'QUERY_STRING' => ''
    'REQUEST_URI' => '/user/create'
    'SCRIPT_NAME' => '/web/index.php'
    'PHP_SELF' => '/web/index.php'
    'REQUEST_TIME_FLOAT' => 1727263692.8926
    'REQUEST_TIME' => 1727263692
]
2024-09-25 13:28:45 [::1][-][-][error][yii\base\UnknownPropertyException] yii\base\UnknownPropertyException: Getting unknown property: app\models\User::email in /opt/lampp/htdocs/vendor/yiisoft/yii2/base/Component.php:154
Stack trace:
#0 /opt/lampp/htdocs/vendor/yiisoft/yii2/db/BaseActiveRecord.php(296): yii\base\Component->__get('email')
#1 /opt/lampp/htdocs/vendor/yiisoft/yii2/validators/Validator.php(306): yii\db\BaseActiveRecord->__get('email')
#2 /opt/lampp/htdocs/vendor/yiisoft/yii2/validators/Validator.php(260): yii\validators\Validator->validateAttribute(Object(app\models\User), 'email')
#3 /opt/lampp/htdocs/vendor/yiisoft/yii2/base/Model.php(368): yii\validators\Validator->validateAttributes(Object(app\models\User), Array)
#4 /opt/lampp/htdocs/vendor/yiisoft/yii2/db/ActiveRecord.php(564): yii\base\Model->validate(Array)
#5 /opt/lampp/htdocs/vendor/yiisoft/yii2/db/BaseActiveRecord.php(688): yii\db\ActiveRecord->insert(true, NULL)
#6 /opt/lampp/htdocs/controllers/UserController.php(83): yii\db\BaseActiveRecord->save()
#7 [internal function]: app\controllers\UserController->actionCreate()
#8 /opt/lampp/htdocs/vendor/yiisoft/yii2/base/InlineAction.php(57): call_user_func_array(Array, Array)
#9 /opt/lampp/htdocs/vendor/yiisoft/yii2/base/Controller.php(178): yii\base\InlineAction->runWithParams(Array)
#10 /opt/lampp/htdocs/vendor/yiisoft/yii2/base/Module.php(552): yii\base\Controller->runAction('create', Array)
#11 /opt/lampp/htdocs/vendor/yiisoft/yii2/web/Application.php(103): yii\base\Module->runAction('user/create', Array)
#12 /opt/lampp/htdocs/vendor/yiisoft/yii2/base/Application.php(384): yii\web\Application->handleRequest(Object(yii\web\Request))
#13 /opt/lampp/htdocs/web/index.php(12): yii\base\Application->run()
#14 {main}
2024-09-25 13:28:45 [::1][-][-][info][application] $_GET = []

$_POST = [
    '_csrf' => 'VFCVUUvpJjcml7maPJgwEkveiakEbL_p7ry7-Vwp9J0hO_1oLYULQmLU_akMzlN8BbO643IEjpjc9ciKLU6z7Q=='
    'User' => [
        'phone' => '698987097'
        'username' => '123'
        'password' => '123'
        'role_id' => '1'
    ]
]

$_FILES = []

$_COOKIE = [
    'PHPSESSID' => '3mchpon89aqp8r002pmdfc84gv'
    '_csrf' => '368d4c6890cff529b99d99690c299e8b276982c01fd4f482d00f03fe11ac8bf8a:2:{i:0;s:5:\"_csrf\";i:1;s:32:\"ukh9fl-uDCD30VcnNm3Jvh1q2IssqgGp\";}'
]

$_SERVER = [
    'REDIRECT_REDIRECT_UNIQUE_ID' => 'ZvPz7TTZhsObvU76QR1uXgAAAAQ'
    'REDIRECT_REDIRECT_STATUS' => '200'
    'REDIRECT_UNIQUE_ID' => 'ZvPz7TTZhsObvU76QR1uXgAAAAQ'
    'REDIRECT_STATUS' => '200'
    'UNIQUE_ID' => 'ZvPz7TTZhsObvU76QR1uXgAAAAQ'
    'HTTP_HOST' => 'localhost'
    'HTTP_CONNECTION' => 'keep-alive'
    'CONTENT_LENGTH' => '190'
    'HTTP_CACHE_CONTROL' => 'max-age=0'
    'HTTP_SEC_CH_UA' => '\"Chromium\";v=\"127\", \"Not)A;Brand\";v=\"99\"'
    'HTTP_SEC_CH_UA_MOBILE' => '?0'
    'HTTP_SEC_CH_UA_PLATFORM' => '\"Linux\"'
    'HTTP_UPGRADE_INSECURE_REQUESTS' => '1'
    'HTTP_ORIGIN' => 'http://localhost'
    'CONTENT_TYPE' => 'application/x-www-form-urlencoded'
    'HTTP_USER_AGENT' => 'Mozilla/5.0 (X11; Linux x86_64; Chromium GOST) AppleWebKit/537.36 (KHTML, like Gecko) Chrome/127.0.0.0 Safari/537.36'
    'HTTP_ACCEPT' => 'text/html,application/xhtml+xml,application/xml;q=0.9,image/avif,image/webp,image/apng,*/*;q=0.8,application/signed-exchange;v=b3;q=0.7'
    'HTTP_SEC_FETCH_SITE' => 'same-origin'
    'HTTP_SEC_FETCH_MODE' => 'navigate'
    'HTTP_SEC_FETCH_USER' => '?1'
    'HTTP_SEC_FETCH_DEST' => 'document'
    'HTTP_REFERER' => 'http://localhost/user/create'
    'HTTP_ACCEPT_ENCODING' => 'gzip, deflate, br, zstd'
    'HTTP_ACCEPT_LANGUAGE' => 'ru-RU,ru;q=0.9'
    'HTTP_COOKIE' => 'PHPSESSID=3mchpon89aqp8r002pmdfc84gv; _csrf=368d4c6890cff529b99d99690c299e8b276982c01fd4f482d00f03fe11ac8bf8a%3A2%3A%7Bi%3A0%3Bs%3A5%3A%22_csrf%22%3Bi%3A1%3Bs%3A32%3A%22ukh9fl-uDCD30VcnNm3Jvh1q2IssqgGp%22%3B%7D'
    'PATH' => '/root/.local/bin:/root/bin:/home/kabinet303/.local/bin:/home/kabinet303/bin:/usr/local/bin:/usr/bin:/bin:/usr/local/sbin:/usr/sbin:/sbin'
    'LD_LIBRARY_PATH' => '/opt/lampp/lib:/opt/lampp/lib'
    'SERVER_SIGNATURE' => ''
    'SERVER_SOFTWARE' => 'Apache/2.4.58 (Unix) OpenSSL/1.1.1w PHP/8.2.12 mod_perl/2.0.12 Perl/v5.34.1'
    'SERVER_NAME' => 'localhost'
    'SERVER_ADDR' => '::1'
    'SERVER_PORT' => '80'
    'REMOTE_ADDR' => '::1'
    'DOCUMENT_ROOT' => '/opt/lampp/htdocs'
    'REQUEST_SCHEME' => 'http'
    'CONTEXT_PREFIX' => ''
    'CONTEXT_DOCUMENT_ROOT' => '/opt/lampp/htdocs'
    'SERVER_ADMIN' => 'you@example.com'
    'SCRIPT_FILENAME' => '/opt/lampp/htdocs/web/index.php'
    'REMOTE_PORT' => '59004'
    'REDIRECT_URL' => '/web/user/create'
    'GATEWAY_INTERFACE' => 'CGI/1.1'
    'SERVER_PROTOCOL' => 'HTTP/1.1'
    'REQUEST_METHOD' => 'POST'
    'QUERY_STRING' => ''
    'REQUEST_URI' => '/user/create'
    'SCRIPT_NAME' => '/web/index.php'
    'PHP_SELF' => '/web/index.php'
    'REQUEST_TIME_FLOAT' => 1727263725.3945
    'REQUEST_TIME' => 1727263725
]
2024-09-25 13:32:44 [::1][-][-][error][yii\base\ViewNotFoundException] yii\base\ViewNotFoundException: The view file does not exist: /opt/lampp/htdocs/views/user/view.php in /opt/lampp/htdocs/vendor/yiisoft/yii2/base/View.php:234
Stack trace:
#0 /opt/lampp/htdocs/vendor/yiisoft/yii2/base/View.php(157): yii\base\View->renderFile('/opt/lampp/htdo...', Array, Object(app\controllers\UserController))
#1 /opt/lampp/htdocs/vendor/yiisoft/yii2/base/Controller.php(407): yii\base\View->render('view', Array, Object(app\controllers\UserController))
#2 /opt/lampp/htdocs/controllers/UserController.php(68): yii\base\Controller->render('view', Array)
#3 [internal function]: app\controllers\UserController->actionView('2')
#4 /opt/lampp/htdocs/vendor/yiisoft/yii2/base/InlineAction.php(57): call_user_func_array(Array, Array)
#5 /opt/lampp/htdocs/vendor/yiisoft/yii2/base/Controller.php(178): yii\base\InlineAction->runWithParams(Array)
#6 /opt/lampp/htdocs/vendor/yiisoft/yii2/base/Module.php(552): yii\base\Controller->runAction('view', Array)
#7 /opt/lampp/htdocs/vendor/yiisoft/yii2/web/Application.php(103): yii\base\Module->runAction('user/view', Array)
#8 /opt/lampp/htdocs/vendor/yiisoft/yii2/base/Application.php(384): yii\web\Application->handleRequest(Object(yii\web\Request))
#9 /opt/lampp/htdocs/web/index.php(12): yii\base\Application->run()
#10 {main}
2024-09-25 13:32:44 [::1][-][-][info][application] $_GET = [
    'id' => '2'
]

$_POST = []

$_FILES = []

$_COOKIE = [
    'PHPSESSID' => '3mchpon89aqp8r002pmdfc84gv'
    '_csrf' => '368d4c6890cff529b99d99690c299e8b276982c01fd4f482d00f03fe11ac8bf8a:2:{i:0;s:5:\"_csrf\";i:1;s:32:\"ukh9fl-uDCD30VcnNm3Jvh1q2IssqgGp\";}'
]

$_SERVER = [
    'REDIRECT_REDIRECT_UNIQUE_ID' => 'ZvP03FWHkPAvUHf5myfd2wAAAAo'
    'REDIRECT_REDIRECT_STATUS' => '200'
    'REDIRECT_UNIQUE_ID' => 'ZvP03FWHkPAvUHf5myfd2wAAAAo'
    'REDIRECT_STATUS' => '200'
    'UNIQUE_ID' => 'ZvP03FWHkPAvUHf5myfd2wAAAAo'
    'HTTP_HOST' => 'localhost'
    'HTTP_CONNECTION' => 'keep-alive'
    'HTTP_CACHE_CONTROL' => 'max-age=0'
    'HTTP_UPGRADE_INSECURE_REQUESTS' => '1'
    'HTTP_USER_AGENT' => 'Mozilla/5.0 (X11; Linux x86_64; Chromium GOST) AppleWebKit/537.36 (KHTML, like Gecko) Chrome/127.0.0.0 Safari/537.36'
    'HTTP_ACCEPT' => 'text/html,application/xhtml+xml,application/xml;q=0.9,image/avif,image/webp,image/apng,*/*;q=0.8,application/signed-exchange;v=b3;q=0.7'
    'HTTP_SEC_FETCH_SITE' => 'same-origin'
    'HTTP_SEC_FETCH_MODE' => 'navigate'
    'HTTP_SEC_FETCH_USER' => '?1'
    'HTTP_SEC_FETCH_DEST' => 'document'
    'HTTP_SEC_CH_UA' => '\"Chromium\";v=\"127\", \"Not)A;Brand\";v=\"99\"'
    'HTTP_SEC_CH_UA_MOBILE' => '?0'
    'HTTP_SEC_CH_UA_PLATFORM' => '\"Linux\"'
    'HTTP_REFERER' => 'http://localhost/user/create'
    'HTTP_ACCEPT_ENCODING' => 'gzip, deflate, br, zstd'
    'HTTP_ACCEPT_LANGUAGE' => 'ru-RU,ru;q=0.9'
    'HTTP_COOKIE' => 'PHPSESSID=3mchpon89aqp8r002pmdfc84gv; _csrf=368d4c6890cff529b99d99690c299e8b276982c01fd4f482d00f03fe11ac8bf8a%3A2%3A%7Bi%3A0%3Bs%3A5%3A%22_csrf%22%3Bi%3A1%3Bs%3A32%3A%22ukh9fl-uDCD30VcnNm3Jvh1q2IssqgGp%22%3B%7D'
    'PATH' => '/root/.local/bin:/root/bin:/home/kabinet303/.local/bin:/home/kabinet303/bin:/usr/local/bin:/usr/bin:/bin:/usr/local/sbin:/usr/sbin:/sbin'
    'LD_LIBRARY_PATH' => '/opt/lampp/lib:/opt/lampp/lib'
    'SERVER_SIGNATURE' => ''
    'SERVER_SOFTWARE' => 'Apache/2.4.58 (Unix) OpenSSL/1.1.1w PHP/8.2.12 mod_perl/2.0.12 Perl/v5.34.1'
    'SERVER_NAME' => 'localhost'
    'SERVER_ADDR' => '::1'
    'SERVER_PORT' => '80'
    'REMOTE_ADDR' => '::1'
    'DOCUMENT_ROOT' => '/opt/lampp/htdocs'
    'REQUEST_SCHEME' => 'http'
    'CONTEXT_PREFIX' => ''
    'CONTEXT_DOCUMENT_ROOT' => '/opt/lampp/htdocs'
    'SERVER_ADMIN' => 'you@example.com'
    'SCRIPT_FILENAME' => '/opt/lampp/htdocs/web/index.php'
    'REMOTE_PORT' => '44424'
    'REDIRECT_URL' => '/web/user/view'
    'REDIRECT_QUERY_STRING' => 'id=2'
    'GATEWAY_INTERFACE' => 'CGI/1.1'
    'SERVER_PROTOCOL' => 'HTTP/1.1'
    'REQUEST_METHOD' => 'GET'
    'QUERY_STRING' => 'id=2'
    'REQUEST_URI' => '/user/view?id=2'
    'SCRIPT_NAME' => '/web/index.php'
    'PHP_SELF' => '/web/index.php'
    'REQUEST_TIME_FLOAT' => 1727263964.9622
    'REQUEST_TIME' => 1727263964
]
2024-09-25 13:47:32 [::1][-][-][error][yii\base\ViewNotFoundException] yii\base\ViewNotFoundException: The view file does not exist: /opt/lampp/htdocs/views/user/view.php in /opt/lampp/htdocs/vendor/yiisoft/yii2/base/View.php:234
Stack trace:
#0 /opt/lampp/htdocs/vendor/yiisoft/yii2/base/View.php(157): yii\base\View->renderFile('/opt/lampp/htdo...', Array, Object(app\controllers\UserController))
#1 /opt/lampp/htdocs/vendor/yiisoft/yii2/base/Controller.php(407): yii\base\View->render('view', Array, Object(app\controllers\UserController))
#2 /opt/lampp/htdocs/controllers/UserController.php(68): yii\base\Controller->render('view', Array)
#3 [internal function]: app\controllers\UserController->actionView('3')
#4 /opt/lampp/htdocs/vendor/yiisoft/yii2/base/InlineAction.php(57): call_user_func_array(Array, Array)
#5 /opt/lampp/htdocs/vendor/yiisoft/yii2/base/Controller.php(178): yii\base\InlineAction->runWithParams(Array)
#6 /opt/lampp/htdocs/vendor/yiisoft/yii2/base/Module.php(552): yii\base\Controller->runAction('view', Array)
#7 /opt/lampp/htdocs/vendor/yiisoft/yii2/web/Application.php(103): yii\base\Module->runAction('user/view', Array)
#8 /opt/lampp/htdocs/vendor/yiisoft/yii2/base/Application.php(384): yii\web\Application->handleRequest(Object(yii\web\Request))
#9 /opt/lampp/htdocs/web/index.php(12): yii\base\Application->run()
#10 {main}
2024-09-25 13:47:32 [::1][-][-][info][application] $_GET = [
    'id' => '3'
]

$_POST = []

$_FILES = []

$_COOKIE = [
    'PHPSESSID' => '3mchpon89aqp8r002pmdfc84gv'
    '_csrf' => '368d4c6890cff529b99d99690c299e8b276982c01fd4f482d00f03fe11ac8bf8a:2:{i:0;s:5:\"_csrf\";i:1;s:32:\"ukh9fl-uDCD30VcnNm3Jvh1q2IssqgGp\";}'
]

$_SERVER = [
    'REDIRECT_REDIRECT_UNIQUE_ID' => 'ZvP4VJGFockutj7vduZUiAAAAAA'
    'REDIRECT_REDIRECT_STATUS' => '200'
    'REDIRECT_UNIQUE_ID' => 'ZvP4VJGFockutj7vduZUiAAAAAA'
    'REDIRECT_STATUS' => '200'
    'UNIQUE_ID' => 'ZvP4VJGFockutj7vduZUiAAAAAA'
    'HTTP_HOST' => 'localhost'
    'HTTP_CONNECTION' => 'keep-alive'
    'HTTP_CACHE_CONTROL' => 'max-age=0'
    'HTTP_UPGRADE_INSECURE_REQUESTS' => '1'
    'HTTP_USER_AGENT' => 'Mozilla/5.0 (X11; Linux x86_64; Chromium GOST) AppleWebKit/537.36 (KHTML, like Gecko) Chrome/127.0.0.0 Safari/537.36'
    'HTTP_ACCEPT' => 'text/html,application/xhtml+xml,application/xml;q=0.9,image/avif,image/webp,image/apng,*/*;q=0.8,application/signed-exchange;v=b3;q=0.7'
    'HTTP_SEC_FETCH_SITE' => 'same-origin'
    'HTTP_SEC_FETCH_MODE' => 'navigate'
    'HTTP_SEC_FETCH_USER' => '?1'
    'HTTP_SEC_FETCH_DEST' => 'document'
    'HTTP_SEC_CH_UA' => '\"Chromium\";v=\"127\", \"Not)A;Brand\";v=\"99\"'
    'HTTP_SEC_CH_UA_MOBILE' => '?0'
    'HTTP_SEC_CH_UA_PLATFORM' => '\"Linux\"'
    'HTTP_REFERER' => 'http://localhost/user/create'
    'HTTP_ACCEPT_ENCODING' => 'gzip, deflate, br, zstd'
    'HTTP_ACCEPT_LANGUAGE' => 'ru-RU,ru;q=0.9'
    'HTTP_COOKIE' => 'PHPSESSID=3mchpon89aqp8r002pmdfc84gv; _csrf=368d4c6890cff529b99d99690c299e8b276982c01fd4f482d00f03fe11ac8bf8a%3A2%3A%7Bi%3A0%3Bs%3A5%3A%22_csrf%22%3Bi%3A1%3Bs%3A32%3A%22ukh9fl-uDCD30VcnNm3Jvh1q2IssqgGp%22%3B%7D'
    'PATH' => '/root/.local/bin:/root/bin:/home/kabinet303/.local/bin:/home/kabinet303/bin:/usr/local/bin:/usr/bin:/bin:/usr/local/sbin:/usr/sbin:/sbin'
    'LD_LIBRARY_PATH' => '/opt/lampp/lib:/opt/lampp/lib'
    'SERVER_SIGNATURE' => ''
    'SERVER_SOFTWARE' => 'Apache/2.4.58 (Unix) OpenSSL/1.1.1w PHP/8.2.12 mod_perl/2.0.12 Perl/v5.34.1'
    'SERVER_NAME' => 'localhost'
    'SERVER_ADDR' => '::1'
    'SERVER_PORT' => '80'
    'REMOTE_ADDR' => '::1'
    'DOCUMENT_ROOT' => '/opt/lampp/htdocs'
    'REQUEST_SCHEME' => 'http'
    'CONTEXT_PREFIX' => ''
    'CONTEXT_DOCUMENT_ROOT' => '/opt/lampp/htdocs'
    'SERVER_ADMIN' => 'you@example.com'
    'SCRIPT_FILENAME' => '/opt/lampp/htdocs/web/index.php'
    'REMOTE_PORT' => '48570'
    'REDIRECT_URL' => '/web/user/view'
    'REDIRECT_QUERY_STRING' => 'id=3'
    'GATEWAY_INTERFACE' => 'CGI/1.1'
    'SERVER_PROTOCOL' => 'HTTP/1.1'
    'REQUEST_METHOD' => 'GET'
    'QUERY_STRING' => 'id=3'
    'REQUEST_URI' => '/user/view?id=3'
    'SCRIPT_NAME' => '/web/index.php'
    'PHP_SELF' => '/web/index.php'
    'REQUEST_TIME_FLOAT' => 1727264852.8307
    'REQUEST_TIME' => 1727264852
]
2024-10-03 10:10:53 [::1][-][-][error][ParseError] ParseError: syntax error, unexpected token ",", expecting "]" in /opt/lampp/htdocs/models/User.php:48
Stack trace:
#0 /opt/lampp/htdocs/controllers/UserController.php(80): yii\BaseYii::autoload('app\\models\\User')
#1 [internal function]: app\controllers\UserController->actionCreate()
#2 /opt/lampp/htdocs/vendor/yiisoft/yii2/base/InlineAction.php(57): call_user_func_array(Array, Array)
#3 /opt/lampp/htdocs/vendor/yiisoft/yii2/base/Controller.php(178): yii\base\InlineAction->runWithParams(Array)
#4 /opt/lampp/htdocs/vendor/yiisoft/yii2/base/Module.php(552): yii\base\Controller->runAction('create', Array)
#5 /opt/lampp/htdocs/vendor/yiisoft/yii2/web/Application.php(103): yii\base\Module->runAction('user/create', Array)
#6 /opt/lampp/htdocs/vendor/yiisoft/yii2/base/Application.php(384): yii\web\Application->handleRequest(Object(yii\web\Request))
#7 /opt/lampp/htdocs/web/index.php(12): yii\base\Application->run()
#8 {main}
2024-10-03 10:10:53 [::1][-][-][info][application] $_GET = []

$_POST = []

$_FILES = []

$_COOKIE = [
    'PHPSESSID' => 'c8jn4pp6lvienfi3rkjj4na40n'
    '_csrf' => '0cad8b5377740224b4795a105b7aa92b022f0d4fa89bd350c71a0074dbe7ed04a:2:{i:0;s:5:\"_csrf\";i:1;s:32:\"7BiFJUqvcChewEe2qUTS88sxOy7xurcA\";}'
]

$_SERVER = [
    'REDIRECT_REDIRECT_UNIQUE_ID' => 'Zv5RjUB0R4F8nHBRBvY76AAAAAc'
    'REDIRECT_REDIRECT_STATUS' => '200'
    'REDIRECT_UNIQUE_ID' => 'Zv5RjUB0R4F8nHBRBvY76AAAAAc'
    'REDIRECT_STATUS' => '200'
    'UNIQUE_ID' => 'Zv5RjUB0R4F8nHBRBvY76AAAAAc'
    'HTTP_HOST' => 'localhost'
    'HTTP_CONNECTION' => 'keep-alive'
    'HTTP_SEC_CH_UA' => '\"Chromium\";v=\"127\", \"Not)A;Brand\";v=\"99\"'
    'HTTP_SEC_CH_UA_MOBILE' => '?0'
    'HTTP_SEC_CH_UA_PLATFORM' => '\"Linux\"'
    'HTTP_UPGRADE_INSECURE_REQUESTS' => '1'
    'HTTP_USER_AGENT' => 'Mozilla/5.0 (X11; Linux x86_64; Chromium GOST) AppleWebKit/537.36 (KHTML, like Gecko) Chrome/127.0.0.0 Safari/537.36'
    'HTTP_ACCEPT' => 'text/html,application/xhtml+xml,application/xml;q=0.9,image/avif,image/webp,image/apng,*/*;q=0.8,application/signed-exchange;v=b3;q=0.7'
    'HTTP_SEC_FETCH_SITE' => 'same-origin'
    'HTTP_SEC_FETCH_MODE' => 'navigate'
    'HTTP_SEC_FETCH_USER' => '?1'
    'HTTP_SEC_FETCH_DEST' => 'document'
    'HTTP_REFERER' => 'http://localhost/'
    'HTTP_ACCEPT_ENCODING' => 'gzip, deflate, br, zstd'
    'HTTP_ACCEPT_LANGUAGE' => 'ru-RU,ru;q=0.9,en-US;q=0.8,en;q=0.7'
    'HTTP_COOKIE' => 'PHPSESSID=c8jn4pp6lvienfi3rkjj4na40n; _csrf=0cad8b5377740224b4795a105b7aa92b022f0d4fa89bd350c71a0074dbe7ed04a%3A2%3A%7Bi%3A0%3Bs%3A5%3A%22_csrf%22%3Bi%3A1%3Bs%3A32%3A%227BiFJUqvcChewEe2qUTS88sxOy7xurcA%22%3B%7D'
    'PATH' => '/root/.local/bin:/root/bin:/usr/local/sbin:/usr/local/bin:/usr/sbin:/usr/bin'
    'LD_LIBRARY_PATH' => '/opt/lampp/lib:/opt/lampp/lib'
    'SERVER_SIGNATURE' => ''
    'SERVER_SOFTWARE' => 'Apache/2.4.58 (Unix) OpenSSL/1.1.1w PHP/8.2.12 mod_perl/2.0.12 Perl/v5.34.1'
    'SERVER_NAME' => 'localhost'
    'SERVER_ADDR' => '::1'
    'SERVER_PORT' => '80'
    'REMOTE_ADDR' => '::1'
    'DOCUMENT_ROOT' => '/opt/lampp/htdocs'
    'REQUEST_SCHEME' => 'http'
    'CONTEXT_PREFIX' => ''
    'CONTEXT_DOCUMENT_ROOT' => '/opt/lampp/htdocs'
    'SERVER_ADMIN' => 'you@example.com'
    'SCRIPT_FILENAME' => '/opt/lampp/htdocs/web/index.php'
    'REMOTE_PORT' => '44520'
    'REDIRECT_URL' => '/web/user/create'
    'GATEWAY_INTERFACE' => 'CGI/1.1'
    'SERVER_PROTOCOL' => 'HTTP/1.1'
    'REQUEST_METHOD' => 'GET'
    'QUERY_STRING' => ''
    'REQUEST_URI' => '/user/create'
    'SCRIPT_NAME' => '/web/index.php'
    'PHP_SELF' => '/web/index.php'
    'REQUEST_TIME_FLOAT' => 1727943053.7256
    'REQUEST_TIME' => 1727943053
]
2024-10-15 13:13:24 [::1][-][-][error][ParseError] ParseError: syntax error, unexpected token "=>", expecting ")" in /opt/lampp/htdocs/controllers/RequestController.php:43
Stack trace:
#0 [internal function]: yii\BaseYii::autoload('app\\controllers...')
#1 /opt/lampp/htdocs/vendor/yiisoft/yii2/base/Module.php(661): class_exists('app\\controllers...')
#2 /opt/lampp/htdocs/vendor/yiisoft/yii2/base/Module.php(620): yii\base\Module->createControllerByID('request')
#3 /opt/lampp/htdocs/vendor/yiisoft/yii2/base/Module.php(546): yii\base\Module->createController('')
#4 /opt/lampp/htdocs/vendor/yiisoft/yii2/web/Application.php(103): yii\base\Module->runAction('request', Array)
#5 /opt/lampp/htdocs/vendor/yiisoft/yii2/base/Application.php(384): yii\web\Application->handleRequest(Object(yii\web\Request))
#6 /opt/lampp/htdocs/web/index.php(12): yii\base\Application->run()
#7 {main}
2024-10-15 13:13:24 [::1][-][-][info][application] $_GET = []

$_POST = []

$_FILES = []

$_COOKIE = [
    'PHPSESSID' => 'lpn1d7fn6u2sf6li06seack84m'
    '_identity' => '0c7dc0824cf6cbf55382e435d7f4d768f1edd2fa7d9b4fe2c07e79a6a778c1aea:2:{i:0;s:9:\"_identity\";i:1;s:16:\"[1,null,2592000]\";}'
    '_csrf' => 'a561d191f71aa699469214e76069cd4450a1decf91668b3668828dcab18ea461a:2:{i:0;s:5:\"_csrf\";i:1;s:32:\"WApcP3UZWwqnRGSipj5rXASkJnTt59EO\";}'
]

$_SERVER = [
    'REDIRECT_REDIRECT_UNIQUE_ID' => 'Zw5OVME3Ro21WLgCR21jKwAAAAs'
    'REDIRECT_REDIRECT_STATUS' => '200'
    'REDIRECT_UNIQUE_ID' => 'Zw5OVME3Ro21WLgCR21jKwAAAAs'
    'REDIRECT_STATUS' => '200'
    'UNIQUE_ID' => 'Zw5OVME3Ro21WLgCR21jKwAAAAs'
    'HTTP_HOST' => 'localhost'
    'HTTP_CONNECTION' => 'keep-alive'
    'HTTP_CACHE_CONTROL' => 'max-age=0'
    'HTTP_SEC_CH_UA' => '\"Chromium\";v=\"127\", \"Not)A;Brand\";v=\"99\"'
    'HTTP_SEC_CH_UA_MOBILE' => '?0'
    'HTTP_SEC_CH_UA_PLATFORM' => '\"Linux\"'
    'HTTP_UPGRADE_INSECURE_REQUESTS' => '1'
    'HTTP_USER_AGENT' => 'Mozilla/5.0 (X11; Linux x86_64; Chromium GOST) AppleWebKit/537.36 (KHTML, like Gecko) Chrome/127.0.0.0 Safari/537.36'
    'HTTP_ACCEPT' => 'text/html,application/xhtml+xml,application/xml;q=0.9,image/avif,image/webp,image/apng,*/*;q=0.8,application/signed-exchange;v=b3;q=0.7'
    'HTTP_SEC_FETCH_SITE' => 'same-origin'
    'HTTP_SEC_FETCH_MODE' => 'navigate'
    'HTTP_SEC_FETCH_USER' => '?1'
    'HTTP_SEC_FETCH_DEST' => 'document'
    'HTTP_REFERER' => 'http://localhost/'
    'HTTP_ACCEPT_ENCODING' => 'gzip, deflate, br, zstd'
    'HTTP_ACCEPT_LANGUAGE' => 'ru-RU,ru;q=0.9,en-US;q=0.8,en;q=0.7'
    'HTTP_COOKIE' => 'PHPSESSID=lpn1d7fn6u2sf6li06seack84m; _identity=0c7dc0824cf6cbf55382e435d7f4d768f1edd2fa7d9b4fe2c07e79a6a778c1aea%3A2%3A%7Bi%3A0%3Bs%3A9%3A%22_identity%22%3Bi%3A1%3Bs%3A16%3A%22%5B1%2Cnull%2C2592000%5D%22%3B%7D; _csrf=a561d191f71aa699469214e76069cd4450a1decf91668b3668828dcab18ea461a%3A2%3A%7Bi%3A0%3Bs%3A5%3A%22_csrf%22%3Bi%3A1%3Bs%3A32%3A%22WApcP3UZWwqnRGSipj5rXASkJnTt59EO%22%3B%7D'
    'PATH' => '/root/.local/bin:/root/bin:/usr/local/sbin:/usr/local/bin:/usr/sbin:/usr/bin'
    'LD_LIBRARY_PATH' => '/opt/lampp/lib:/opt/lampp/lib'
    'SERVER_SIGNATURE' => ''
    'SERVER_SOFTWARE' => 'Apache/2.4.58 (Unix) OpenSSL/1.1.1w PHP/8.2.12 mod_perl/2.0.12 Perl/v5.34.1'
    'SERVER_NAME' => 'localhost'
    'SERVER_ADDR' => '::1'
    'SERVER_PORT' => '80'
    'REMOTE_ADDR' => '::1'
    'DOCUMENT_ROOT' => '/opt/lampp/htdocs'
    'REQUEST_SCHEME' => 'http'
    'CONTEXT_PREFIX' => ''
    'CONTEXT_DOCUMENT_ROOT' => '/opt/lampp/htdocs'
    'SERVER_ADMIN' => 'you@example.com'
    'SCRIPT_FILENAME' => '/opt/lampp/htdocs/web/index.php'
    'REMOTE_PORT' => '56474'
    'REDIRECT_URL' => '/web/request'
    'GATEWAY_INTERFACE' => 'CGI/1.1'
    'SERVER_PROTOCOL' => 'HTTP/1.1'
    'REQUEST_METHOD' => 'GET'
    'QUERY_STRING' => ''
    'REQUEST_URI' => '/request'
    'SCRIPT_NAME' => '/web/index.php'
    'PHP_SELF' => '/web/index.php'
    'REQUEST_TIME_FLOAT' => 1728990804.4796
    'REQUEST_TIME' => 1728990804
]
2024-10-15 13:13:32 [::1][-][-][error][ParseError] ParseError: syntax error, unexpected token "=>", expecting ")" in /opt/lampp/htdocs/controllers/RequestController.php:43
Stack trace:
#0 [internal function]: yii\BaseYii::autoload('app\\controllers...')
#1 /opt/lampp/htdocs/vendor/yiisoft/yii2/base/Module.php(661): class_exists('app\\controllers...')
#2 /opt/lampp/htdocs/vendor/yiisoft/yii2/base/Module.php(620): yii\base\Module->createControllerByID('request')
#3 /opt/lampp/htdocs/vendor/yiisoft/yii2/base/Module.php(546): yii\base\Module->createController('')
#4 /opt/lampp/htdocs/vendor/yiisoft/yii2/web/Application.php(103): yii\base\Module->runAction('request', Array)
#5 /opt/lampp/htdocs/vendor/yiisoft/yii2/base/Application.php(384): yii\web\Application->handleRequest(Object(yii\web\Request))
#6 /opt/lampp/htdocs/web/index.php(12): yii\base\Application->run()
#7 {main}
2024-10-15 13:13:32 [::1][-][-][info][application] $_GET = []

$_POST = []

$_FILES = []

$_COOKIE = [
    'PHPSESSID' => 'lpn1d7fn6u2sf6li06seack84m'
    '_identity' => '0c7dc0824cf6cbf55382e435d7f4d768f1edd2fa7d9b4fe2c07e79a6a778c1aea:2:{i:0;s:9:\"_identity\";i:1;s:16:\"[1,null,2592000]\";}'
    '_csrf' => 'a561d191f71aa699469214e76069cd4450a1decf91668b3668828dcab18ea461a:2:{i:0;s:5:\"_csrf\";i:1;s:32:\"WApcP3UZWwqnRGSipj5rXASkJnTt59EO\";}'
]

$_SERVER = [
    'REDIRECT_REDIRECT_UNIQUE_ID' => 'Zw5OXLAB7kGczfjiGY9e8gAAAAU'
    'REDIRECT_REDIRECT_STATUS' => '200'
    'REDIRECT_UNIQUE_ID' => 'Zw5OXLAB7kGczfjiGY9e8gAAAAU'
    'REDIRECT_STATUS' => '200'
    'UNIQUE_ID' => 'Zw5OXLAB7kGczfjiGY9e8gAAAAU'
    'HTTP_HOST' => 'localhost'
    'HTTP_CONNECTION' => 'keep-alive'
    'HTTP_CACHE_CONTROL' => 'max-age=0'
    'HTTP_SEC_CH_UA' => '\"Chromium\";v=\"127\", \"Not)A;Brand\";v=\"99\"'
    'HTTP_SEC_CH_UA_MOBILE' => '?0'
    'HTTP_SEC_CH_UA_PLATFORM' => '\"Linux\"'
    'HTTP_UPGRADE_INSECURE_REQUESTS' => '1'
    'HTTP_USER_AGENT' => 'Mozilla/5.0 (X11; Linux x86_64; Chromium GOST) AppleWebKit/537.36 (KHTML, like Gecko) Chrome/127.0.0.0 Safari/537.36'
    'HTTP_ACCEPT' => 'text/html,application/xhtml+xml,application/xml;q=0.9,image/avif,image/webp,image/apng,*/*;q=0.8,application/signed-exchange;v=b3;q=0.7'
    'HTTP_SEC_FETCH_SITE' => 'same-origin'
    'HTTP_SEC_FETCH_MODE' => 'navigate'
    'HTTP_SEC_FETCH_USER' => '?1'
    'HTTP_SEC_FETCH_DEST' => 'document'
    'HTTP_REFERER' => 'http://localhost/'
    'HTTP_ACCEPT_ENCODING' => 'gzip, deflate, br, zstd'
    'HTTP_ACCEPT_LANGUAGE' => 'ru-RU,ru;q=0.9,en-US;q=0.8,en;q=0.7'
    'HTTP_COOKIE' => 'PHPSESSID=lpn1d7fn6u2sf6li06seack84m; _identity=0c7dc0824cf6cbf55382e435d7f4d768f1edd2fa7d9b4fe2c07e79a6a778c1aea%3A2%3A%7Bi%3A0%3Bs%3A9%3A%22_identity%22%3Bi%3A1%3Bs%3A16%3A%22%5B1%2Cnull%2C2592000%5D%22%3B%7D; _csrf=a561d191f71aa699469214e76069cd4450a1decf91668b3668828dcab18ea461a%3A2%3A%7Bi%3A0%3Bs%3A5%3A%22_csrf%22%3Bi%3A1%3Bs%3A32%3A%22WApcP3UZWwqnRGSipj5rXASkJnTt59EO%22%3B%7D'
    'PATH' => '/root/.local/bin:/root/bin:/usr/local/sbin:/usr/local/bin:/usr/sbin:/usr/bin'
    'LD_LIBRARY_PATH' => '/opt/lampp/lib:/opt/lampp/lib'
    'SERVER_SIGNATURE' => ''
    'SERVER_SOFTWARE' => 'Apache/2.4.58 (Unix) OpenSSL/1.1.1w PHP/8.2.12 mod_perl/2.0.12 Perl/v5.34.1'
    'SERVER_NAME' => 'localhost'
    'SERVER_ADDR' => '::1'
    'SERVER_PORT' => '80'
    'REMOTE_ADDR' => '::1'
    'DOCUMENT_ROOT' => '/opt/lampp/htdocs'
    'REQUEST_SCHEME' => 'http'
    'CONTEXT_PREFIX' => ''
    'CONTEXT_DOCUMENT_ROOT' => '/opt/lampp/htdocs'
    'SERVER_ADMIN' => 'you@example.com'
    'SCRIPT_FILENAME' => '/opt/lampp/htdocs/web/index.php'
    'REMOTE_PORT' => '56486'
    'REDIRECT_URL' => '/web/request'
    'GATEWAY_INTERFACE' => 'CGI/1.1'
    'SERVER_PROTOCOL' => 'HTTP/1.1'
    'REQUEST_METHOD' => 'GET'
    'QUERY_STRING' => ''
    'REQUEST_URI' => '/request'
    'SCRIPT_NAME' => '/web/index.php'
    'PHP_SELF' => '/web/index.php'
    'REQUEST_TIME_FLOAT' => 1728990812.3833
    'REQUEST_TIME' => 1728990812
]
2024-10-15 13:13:50 [::1][-][-][error][ParseError] ParseError: syntax error, unexpected token "=>", expecting ")" in /opt/lampp/htdocs/controllers/RequestController.php:43
Stack trace:
#0 [internal function]: yii\BaseYii::autoload('app\\controllers...')
#1 /opt/lampp/htdocs/vendor/yiisoft/yii2/base/Module.php(661): class_exists('app\\controllers...')
#2 /opt/lampp/htdocs/vendor/yiisoft/yii2/base/Module.php(620): yii\base\Module->createControllerByID('request')
#3 /opt/lampp/htdocs/vendor/yiisoft/yii2/base/Module.php(546): yii\base\Module->createController('')
#4 /opt/lampp/htdocs/vendor/yiisoft/yii2/web/Application.php(103): yii\base\Module->runAction('request', Array)
#5 /opt/lampp/htdocs/vendor/yiisoft/yii2/base/Application.php(384): yii\web\Application->handleRequest(Object(yii\web\Request))
#6 /opt/lampp/htdocs/web/index.php(12): yii\base\Application->run()
#7 {main}
2024-10-15 13:13:50 [::1][-][-][info][application] $_GET = []

$_POST = []

$_FILES = []

$_COOKIE = [
    'PHPSESSID' => 'lpn1d7fn6u2sf6li06seack84m'
    '_identity' => '0c7dc0824cf6cbf55382e435d7f4d768f1edd2fa7d9b4fe2c07e79a6a778c1aea:2:{i:0;s:9:\"_identity\";i:1;s:16:\"[1,null,2592000]\";}'
    '_csrf' => 'a561d191f71aa699469214e76069cd4450a1decf91668b3668828dcab18ea461a:2:{i:0;s:5:\"_csrf\";i:1;s:32:\"WApcP3UZWwqnRGSipj5rXASkJnTt59EO\";}'
]

$_SERVER = [
    'REDIRECT_REDIRECT_UNIQUE_ID' => 'Zw5Obq1VoMH5C8vtPIdRQgAAAAE'
    'REDIRECT_REDIRECT_STATUS' => '200'
    'REDIRECT_UNIQUE_ID' => 'Zw5Obq1VoMH5C8vtPIdRQgAAAAE'
    'REDIRECT_STATUS' => '200'
    'UNIQUE_ID' => 'Zw5Obq1VoMH5C8vtPIdRQgAAAAE'
    'HTTP_HOST' => 'localhost'
    'HTTP_CONNECTION' => 'keep-alive'
    'HTTP_CACHE_CONTROL' => 'max-age=0'
    'HTTP_SEC_CH_UA' => '\"Chromium\";v=\"127\", \"Not)A;Brand\";v=\"99\"'
    'HTTP_SEC_CH_UA_MOBILE' => '?0'
    'HTTP_SEC_CH_UA_PLATFORM' => '\"Linux\"'
    'HTTP_UPGRADE_INSECURE_REQUESTS' => '1'
    'HTTP_USER_AGENT' => 'Mozilla/5.0 (X11; Linux x86_64; Chromium GOST) AppleWebKit/537.36 (KHTML, like Gecko) Chrome/127.0.0.0 Safari/537.36'
    'HTTP_ACCEPT' => 'text/html,application/xhtml+xml,application/xml;q=0.9,image/avif,image/webp,image/apng,*/*;q=0.8,application/signed-exchange;v=b3;q=0.7'
    'HTTP_SEC_FETCH_SITE' => 'same-origin'
    'HTTP_SEC_FETCH_MODE' => 'navigate'
    'HTTP_SEC_FETCH_USER' => '?1'
    'HTTP_SEC_FETCH_DEST' => 'document'
    'HTTP_REFERER' => 'http://localhost/'
    'HTTP_ACCEPT_ENCODING' => 'gzip, deflate, br, zstd'
    'HTTP_ACCEPT_LANGUAGE' => 'ru-RU,ru;q=0.9,en-US;q=0.8,en;q=0.7'
    'HTTP_COOKIE' => 'PHPSESSID=lpn1d7fn6u2sf6li06seack84m; _identity=0c7dc0824cf6cbf55382e435d7f4d768f1edd2fa7d9b4fe2c07e79a6a778c1aea%3A2%3A%7Bi%3A0%3Bs%3A9%3A%22_identity%22%3Bi%3A1%3Bs%3A16%3A%22%5B1%2Cnull%2C2592000%5D%22%3B%7D; _csrf=a561d191f71aa699469214e76069cd4450a1decf91668b3668828dcab18ea461a%3A2%3A%7Bi%3A0%3Bs%3A5%3A%22_csrf%22%3Bi%3A1%3Bs%3A32%3A%22WApcP3UZWwqnRGSipj5rXASkJnTt59EO%22%3B%7D'
    'PATH' => '/root/.local/bin:/root/bin:/usr/local/sbin:/usr/local/bin:/usr/sbin:/usr/bin'
    'LD_LIBRARY_PATH' => '/opt/lampp/lib:/opt/lampp/lib'
    'SERVER_SIGNATURE' => ''
    'SERVER_SOFTWARE' => 'Apache/2.4.58 (Unix) OpenSSL/1.1.1w PHP/8.2.12 mod_perl/2.0.12 Perl/v5.34.1'
    'SERVER_NAME' => 'localhost'
    'SERVER_ADDR' => '::1'
    'SERVER_PORT' => '80'
    'REMOTE_ADDR' => '::1'
    'DOCUMENT_ROOT' => '/opt/lampp/htdocs'
    'REQUEST_SCHEME' => 'http'
    'CONTEXT_PREFIX' => ''
    'CONTEXT_DOCUMENT_ROOT' => '/opt/lampp/htdocs'
    'SERVER_ADMIN' => 'you@example.com'
    'SCRIPT_FILENAME' => '/opt/lampp/htdocs/web/index.php'
    'REMOTE_PORT' => '33670'
    'REDIRECT_URL' => '/web/request'
    'GATEWAY_INTERFACE' => 'CGI/1.1'
    'SERVER_PROTOCOL' => 'HTTP/1.1'
    'REQUEST_METHOD' => 'GET'
    'QUERY_STRING' => ''
    'REQUEST_URI' => '/request'
    'SCRIPT_NAME' => '/web/index.php'
    'PHP_SELF' => '/web/index.php'
    'REQUEST_TIME_FLOAT' => 1728990830.0638
    'REQUEST_TIME' => 1728990830
]
2024-10-15 13:14:14 [::1][-][-][error][ParseError] ParseError: syntax error, unexpected token "=>", expecting ")" in /opt/lampp/htdocs/controllers/RequestController.php:43
Stack trace:
#0 [internal function]: yii\BaseYii::autoload('app\\controllers...')
#1 /opt/lampp/htdocs/vendor/yiisoft/yii2/base/Module.php(661): class_exists('app\\controllers...')
#2 /opt/lampp/htdocs/vendor/yiisoft/yii2/base/Module.php(620): yii\base\Module->createControllerByID('request')
#3 /opt/lampp/htdocs/vendor/yiisoft/yii2/base/Module.php(546): yii\base\Module->createController('')
#4 /opt/lampp/htdocs/vendor/yiisoft/yii2/web/Application.php(103): yii\base\Module->runAction('request', Array)
#5 /opt/lampp/htdocs/vendor/yiisoft/yii2/base/Application.php(384): yii\web\Application->handleRequest(Object(yii\web\Request))
#6 /opt/lampp/htdocs/web/index.php(12): yii\base\Application->run()
#7 {main}
2024-10-15 13:14:14 [::1][-][-][info][application] $_GET = []

$_POST = []

$_FILES = []

$_COOKIE = [
    'PHPSESSID' => 'lpn1d7fn6u2sf6li06seack84m'
    '_identity' => '0c7dc0824cf6cbf55382e435d7f4d768f1edd2fa7d9b4fe2c07e79a6a778c1aea:2:{i:0;s:9:\"_identity\";i:1;s:16:\"[1,null,2592000]\";}'
    '_csrf' => 'a561d191f71aa699469214e76069cd4450a1decf91668b3668828dcab18ea461a:2:{i:0;s:5:\"_csrf\";i:1;s:32:\"WApcP3UZWwqnRGSipj5rXASkJnTt59EO\";}'
]

$_SERVER = [
    'REDIRECT_REDIRECT_UNIQUE_ID' => 'Zw5OhpNhNb--r0ddEg5phQAAAAI'
    'REDIRECT_REDIRECT_STATUS' => '200'
    'REDIRECT_UNIQUE_ID' => 'Zw5OhpNhNb--r0ddEg5phQAAAAI'
    'REDIRECT_STATUS' => '200'
    'UNIQUE_ID' => 'Zw5OhpNhNb--r0ddEg5phQAAAAI'
    'HTTP_HOST' => 'localhost'
    'HTTP_CONNECTION' => 'keep-alive'
    'HTTP_CACHE_CONTROL' => 'max-age=0'
    'HTTP_SEC_CH_UA' => '\"Chromium\";v=\"127\", \"Not)A;Brand\";v=\"99\"'
    'HTTP_SEC_CH_UA_MOBILE' => '?0'
    'HTTP_SEC_CH_UA_PLATFORM' => '\"Linux\"'
    'HTTP_UPGRADE_INSECURE_REQUESTS' => '1'
    'HTTP_USER_AGENT' => 'Mozilla/5.0 (X11; Linux x86_64; Chromium GOST) AppleWebKit/537.36 (KHTML, like Gecko) Chrome/127.0.0.0 Safari/537.36'
    'HTTP_ACCEPT' => 'text/html,application/xhtml+xml,application/xml;q=0.9,image/avif,image/webp,image/apng,*/*;q=0.8,application/signed-exchange;v=b3;q=0.7'
    'HTTP_SEC_FETCH_SITE' => 'same-origin'
    'HTTP_SEC_FETCH_MODE' => 'navigate'
    'HTTP_SEC_FETCH_USER' => '?1'
    'HTTP_SEC_FETCH_DEST' => 'document'
    'HTTP_REFERER' => 'http://localhost/'
    'HTTP_ACCEPT_ENCODING' => 'gzip, deflate, br, zstd'
    'HTTP_ACCEPT_LANGUAGE' => 'ru-RU,ru;q=0.9,en-US;q=0.8,en;q=0.7'
    'HTTP_COOKIE' => 'PHPSESSID=lpn1d7fn6u2sf6li06seack84m; _identity=0c7dc0824cf6cbf55382e435d7f4d768f1edd2fa7d9b4fe2c07e79a6a778c1aea%3A2%3A%7Bi%3A0%3Bs%3A9%3A%22_identity%22%3Bi%3A1%3Bs%3A16%3A%22%5B1%2Cnull%2C2592000%5D%22%3B%7D; _csrf=a561d191f71aa699469214e76069cd4450a1decf91668b3668828dcab18ea461a%3A2%3A%7Bi%3A0%3Bs%3A5%3A%22_csrf%22%3Bi%3A1%3Bs%3A32%3A%22WApcP3UZWwqnRGSipj5rXASkJnTt59EO%22%3B%7D'
    'PATH' => '/root/.local/bin:/root/bin:/usr/local/sbin:/usr/local/bin:/usr/sbin:/usr/bin'
    'LD_LIBRARY_PATH' => '/opt/lampp/lib:/opt/lampp/lib'
    'SERVER_SIGNATURE' => ''
    'SERVER_SOFTWARE' => 'Apache/2.4.58 (Unix) OpenSSL/1.1.1w PHP/8.2.12 mod_perl/2.0.12 Perl/v5.34.1'
    'SERVER_NAME' => 'localhost'
    'SERVER_ADDR' => '::1'
    'SERVER_PORT' => '80'
    'REMOTE_ADDR' => '::1'
    'DOCUMENT_ROOT' => '/opt/lampp/htdocs'
    'REQUEST_SCHEME' => 'http'
    'CONTEXT_PREFIX' => ''
    'CONTEXT_DOCUMENT_ROOT' => '/opt/lampp/htdocs'
    'SERVER_ADMIN' => 'you@example.com'
    'SCRIPT_FILENAME' => '/opt/lampp/htdocs/web/index.php'
    'REMOTE_PORT' => '44870'
    'REDIRECT_URL' => '/web/request'
    'GATEWAY_INTERFACE' => 'CGI/1.1'
    'SERVER_PROTOCOL' => 'HTTP/1.1'
    'REQUEST_METHOD' => 'GET'
    'QUERY_STRING' => ''
    'REQUEST_URI' => '/request'
    'SCRIPT_NAME' => '/web/index.php'
    'PHP_SELF' => '/web/index.php'
    'REQUEST_TIME_FLOAT' => 1728990854.817
    'REQUEST_TIME' => 1728990854
]
2024-10-15 13:14:15 [::1][-][-][error][ParseError] ParseError: syntax error, unexpected token "=>", expecting ")" in /opt/lampp/htdocs/controllers/RequestController.php:43
Stack trace:
#0 [internal function]: yii\BaseYii::autoload('app\\controllers...')
#1 /opt/lampp/htdocs/vendor/yiisoft/yii2/base/Module.php(661): class_exists('app\\controllers...')
#2 /opt/lampp/htdocs/vendor/yiisoft/yii2/base/Module.php(620): yii\base\Module->createControllerByID('request')
#3 /opt/lampp/htdocs/vendor/yiisoft/yii2/base/Module.php(546): yii\base\Module->createController('')
#4 /opt/lampp/htdocs/vendor/yiisoft/yii2/web/Application.php(103): yii\base\Module->runAction('request', Array)
#5 /opt/lampp/htdocs/vendor/yiisoft/yii2/base/Application.php(384): yii\web\Application->handleRequest(Object(yii\web\Request))
#6 /opt/lampp/htdocs/web/index.php(12): yii\base\Application->run()
#7 {main}
2024-10-15 13:14:15 [::1][-][-][info][application] $_GET = []

$_POST = []

$_FILES = []

$_COOKIE = [
    'PHPSESSID' => 'lpn1d7fn6u2sf6li06seack84m'
    '_identity' => '0c7dc0824cf6cbf55382e435d7f4d768f1edd2fa7d9b4fe2c07e79a6a778c1aea:2:{i:0;s:9:\"_identity\";i:1;s:16:\"[1,null,2592000]\";}'
    '_csrf' => 'a561d191f71aa699469214e76069cd4450a1decf91668b3668828dcab18ea461a:2:{i:0;s:5:\"_csrf\";i:1;s:32:\"WApcP3UZWwqnRGSipj5rXASkJnTt59EO\";}'
]

$_SERVER = [
    'REDIRECT_REDIRECT_UNIQUE_ID' => 'Zw5Oh_S_19iYdoAZTnDdTAAAAAA'
    'REDIRECT_REDIRECT_STATUS' => '200'
    'REDIRECT_UNIQUE_ID' => 'Zw5Oh_S_19iYdoAZTnDdTAAAAAA'
    'REDIRECT_STATUS' => '200'
    'UNIQUE_ID' => 'Zw5Oh_S_19iYdoAZTnDdTAAAAAA'
    'HTTP_HOST' => 'localhost'
    'HTTP_CONNECTION' => 'keep-alive'
    'HTTP_CACHE_CONTROL' => 'max-age=0'
    'HTTP_SEC_CH_UA' => '\"Chromium\";v=\"127\", \"Not)A;Brand\";v=\"99\"'
    'HTTP_SEC_CH_UA_MOBILE' => '?0'
    'HTTP_SEC_CH_UA_PLATFORM' => '\"Linux\"'
    'HTTP_UPGRADE_INSECURE_REQUESTS' => '1'
    'HTTP_USER_AGENT' => 'Mozilla/5.0 (X11; Linux x86_64; Chromium GOST) AppleWebKit/537.36 (KHTML, like Gecko) Chrome/127.0.0.0 Safari/537.36'
    'HTTP_ACCEPT' => 'text/html,application/xhtml+xml,application/xml;q=0.9,image/avif,image/webp,image/apng,*/*;q=0.8,application/signed-exchange;v=b3;q=0.7'
    'HTTP_SEC_FETCH_SITE' => 'same-origin'
    'HTTP_SEC_FETCH_MODE' => 'navigate'
    'HTTP_SEC_FETCH_USER' => '?1'
    'HTTP_SEC_FETCH_DEST' => 'document'
    'HTTP_REFERER' => 'http://localhost/'
    'HTTP_ACCEPT_ENCODING' => 'gzip, deflate, br, zstd'
    'HTTP_ACCEPT_LANGUAGE' => 'ru-RU,ru;q=0.9,en-US;q=0.8,en;q=0.7'
    'HTTP_COOKIE' => 'PHPSESSID=lpn1d7fn6u2sf6li06seack84m; _identity=0c7dc0824cf6cbf55382e435d7f4d768f1edd2fa7d9b4fe2c07e79a6a778c1aea%3A2%3A%7Bi%3A0%3Bs%3A9%3A%22_identity%22%3Bi%3A1%3Bs%3A16%3A%22%5B1%2Cnull%2C2592000%5D%22%3B%7D; _csrf=a561d191f71aa699469214e76069cd4450a1decf91668b3668828dcab18ea461a%3A2%3A%7Bi%3A0%3Bs%3A5%3A%22_csrf%22%3Bi%3A1%3Bs%3A32%3A%22WApcP3UZWwqnRGSipj5rXASkJnTt59EO%22%3B%7D'
    'PATH' => '/root/.local/bin:/root/bin:/usr/local/sbin:/usr/local/bin:/usr/sbin:/usr/bin'
    'LD_LIBRARY_PATH' => '/opt/lampp/lib:/opt/lampp/lib'
    'SERVER_SIGNATURE' => ''
    'SERVER_SOFTWARE' => 'Apache/2.4.58 (Unix) OpenSSL/1.1.1w PHP/8.2.12 mod_perl/2.0.12 Perl/v5.34.1'
    'SERVER_NAME' => 'localhost'
    'SERVER_ADDR' => '::1'
    'SERVER_PORT' => '80'
    'REMOTE_ADDR' => '::1'
    'DOCUMENT_ROOT' => '/opt/lampp/htdocs'
    'REQUEST_SCHEME' => 'http'
    'CONTEXT_PREFIX' => ''
    'CONTEXT_DOCUMENT_ROOT' => '/opt/lampp/htdocs'
    'SERVER_ADMIN' => 'you@example.com'
    'SCRIPT_FILENAME' => '/opt/lampp/htdocs/web/index.php'
    'REMOTE_PORT' => '40484'
    'REDIRECT_URL' => '/web/request'
    'GATEWAY_INTERFACE' => 'CGI/1.1'
    'SERVER_PROTOCOL' => 'HTTP/1.1'
    'REQUEST_METHOD' => 'GET'
    'QUERY_STRING' => ''
    'REQUEST_URI' => '/request'
    'SCRIPT_NAME' => '/web/index.php'
    'PHP_SELF' => '/web/index.php'
    'REQUEST_TIME_FLOAT' => 1728990855.2855
    'REQUEST_TIME' => 1728990855
]
2024-10-15 13:14:15 [::1][-][-][error][ParseError] ParseError: syntax error, unexpected token "=>", expecting ")" in /opt/lampp/htdocs/controllers/RequestController.php:43
Stack trace:
#0 [internal function]: yii\BaseYii::autoload('app\\controllers...')
#1 /opt/lampp/htdocs/vendor/yiisoft/yii2/base/Module.php(661): class_exists('app\\controllers...')
#2 /opt/lampp/htdocs/vendor/yiisoft/yii2/base/Module.php(620): yii\base\Module->createControllerByID('request')
#3 /opt/lampp/htdocs/vendor/yiisoft/yii2/base/Module.php(546): yii\base\Module->createController('')
#4 /opt/lampp/htdocs/vendor/yiisoft/yii2/web/Application.php(103): yii\base\Module->runAction('request', Array)
#5 /opt/lampp/htdocs/vendor/yiisoft/yii2/base/Application.php(384): yii\web\Application->handleRequest(Object(yii\web\Request))
#6 /opt/lampp/htdocs/web/index.php(12): yii\base\Application->run()
#7 {main}
2024-10-15 13:14:15 [::1][-][-][info][application] $_GET = []

$_POST = []

$_FILES = []

$_COOKIE = [
    'PHPSESSID' => 'lpn1d7fn6u2sf6li06seack84m'
    '_identity' => '0c7dc0824cf6cbf55382e435d7f4d768f1edd2fa7d9b4fe2c07e79a6a778c1aea:2:{i:0;s:9:\"_identity\";i:1;s:16:\"[1,null,2592000]\";}'
    '_csrf' => 'a561d191f71aa699469214e76069cd4450a1decf91668b3668828dcab18ea461a:2:{i:0;s:5:\"_csrf\";i:1;s:32:\"WApcP3UZWwqnRGSipj5rXASkJnTt59EO\";}'
]

$_SERVER = [
    'REDIRECT_REDIRECT_UNIQUE_ID' => 'Zw5Oh91u-mLfTQwrTvWNhQAAAAM'
    'REDIRECT_REDIRECT_STATUS' => '200'
    'REDIRECT_UNIQUE_ID' => 'Zw5Oh91u-mLfTQwrTvWNhQAAAAM'
    'REDIRECT_STATUS' => '200'
    'UNIQUE_ID' => 'Zw5Oh91u-mLfTQwrTvWNhQAAAAM'
    'HTTP_HOST' => 'localhost'
    'HTTP_CONNECTION' => 'keep-alive'
    'HTTP_CACHE_CONTROL' => 'max-age=0'
    'HTTP_SEC_CH_UA' => '\"Chromium\";v=\"127\", \"Not)A;Brand\";v=\"99\"'
    'HTTP_SEC_CH_UA_MOBILE' => '?0'
    'HTTP_SEC_CH_UA_PLATFORM' => '\"Linux\"'
    'HTTP_UPGRADE_INSECURE_REQUESTS' => '1'
    'HTTP_USER_AGENT' => 'Mozilla/5.0 (X11; Linux x86_64; Chromium GOST) AppleWebKit/537.36 (KHTML, like Gecko) Chrome/127.0.0.0 Safari/537.36'
    'HTTP_ACCEPT' => 'text/html,application/xhtml+xml,application/xml;q=0.9,image/avif,image/webp,image/apng,*/*;q=0.8,application/signed-exchange;v=b3;q=0.7'
    'HTTP_SEC_FETCH_SITE' => 'same-origin'
    'HTTP_SEC_FETCH_MODE' => 'navigate'
    'HTTP_SEC_FETCH_USER' => '?1'
    'HTTP_SEC_FETCH_DEST' => 'document'
    'HTTP_REFERER' => 'http://localhost/'
    'HTTP_ACCEPT_ENCODING' => 'gzip, deflate, br, zstd'
    'HTTP_ACCEPT_LANGUAGE' => 'ru-RU,ru;q=0.9,en-US;q=0.8,en;q=0.7'
    'HTTP_COOKIE' => 'PHPSESSID=lpn1d7fn6u2sf6li06seack84m; _identity=0c7dc0824cf6cbf55382e435d7f4d768f1edd2fa7d9b4fe2c07e79a6a778c1aea%3A2%3A%7Bi%3A0%3Bs%3A9%3A%22_identity%22%3Bi%3A1%3Bs%3A16%3A%22%5B1%2Cnull%2C2592000%5D%22%3B%7D; _csrf=a561d191f71aa699469214e76069cd4450a1decf91668b3668828dcab18ea461a%3A2%3A%7Bi%3A0%3Bs%3A5%3A%22_csrf%22%3Bi%3A1%3Bs%3A32%3A%22WApcP3UZWwqnRGSipj5rXASkJnTt59EO%22%3B%7D'
    'PATH' => '/root/.local/bin:/root/bin:/usr/local/sbin:/usr/local/bin:/usr/sbin:/usr/bin'
    'LD_LIBRARY_PATH' => '/opt/lampp/lib:/opt/lampp/lib'
    'SERVER_SIGNATURE' => ''
    'SERVER_SOFTWARE' => 'Apache/2.4.58 (Unix) OpenSSL/1.1.1w PHP/8.2.12 mod_perl/2.0.12 Perl/v5.34.1'
    'SERVER_NAME' => 'localhost'
    'SERVER_ADDR' => '::1'
    'SERVER_PORT' => '80'
    'REMOTE_ADDR' => '::1'
    'DOCUMENT_ROOT' => '/opt/lampp/htdocs'
    'REQUEST_SCHEME' => 'http'
    'CONTEXT_PREFIX' => ''
    'CONTEXT_DOCUMENT_ROOT' => '/opt/lampp/htdocs'
    'SERVER_ADMIN' => 'you@example.com'
    'SCRIPT_FILENAME' => '/opt/lampp/htdocs/web/index.php'
    'REMOTE_PORT' => '40494'
    'REDIRECT_URL' => '/web/request'
    'GATEWAY_INTERFACE' => 'CGI/1.1'
    'SERVER_PROTOCOL' => 'HTTP/1.1'
    'REQUEST_METHOD' => 'GET'
    'QUERY_STRING' => ''
    'REQUEST_URI' => '/request'
    'SCRIPT_NAME' => '/web/index.php'
    'PHP_SELF' => '/web/index.php'
    'REQUEST_TIME_FLOAT' => 1728990855.4697
    'REQUEST_TIME' => 1728990855
]
2024-10-15 13:14:15 [::1][-][-][error][ParseError] ParseError: syntax error, unexpected token "=>", expecting ")" in /opt/lampp/htdocs/controllers/RequestController.php:43
Stack trace:
#0 [internal function]: yii\BaseYii::autoload('app\\controllers...')
#1 /opt/lampp/htdocs/vendor/yiisoft/yii2/base/Module.php(661): class_exists('app\\controllers...')
#2 /opt/lampp/htdocs/vendor/yiisoft/yii2/base/Module.php(620): yii\base\Module->createControllerByID('request')
#3 /opt/lampp/htdocs/vendor/yiisoft/yii2/base/Module.php(546): yii\base\Module->createController('')
#4 /opt/lampp/htdocs/vendor/yiisoft/yii2/web/Application.php(103): yii\base\Module->runAction('request', Array)
#5 /opt/lampp/htdocs/vendor/yiisoft/yii2/base/Application.php(384): yii\web\Application->handleRequest(Object(yii\web\Request))
#6 /opt/lampp/htdocs/web/index.php(12): yii\base\Application->run()
#7 {main}
2024-10-15 13:14:15 [::1][-][-][info][application] $_GET = []

$_POST = []

$_FILES = []

$_COOKIE = [
    'PHPSESSID' => 'lpn1d7fn6u2sf6li06seack84m'
    '_identity' => '0c7dc0824cf6cbf55382e435d7f4d768f1edd2fa7d9b4fe2c07e79a6a778c1aea:2:{i:0;s:9:\"_identity\";i:1;s:16:\"[1,null,2592000]\";}'
    '_csrf' => 'a561d191f71aa699469214e76069cd4450a1decf91668b3668828dcab18ea461a:2:{i:0;s:5:\"_csrf\";i:1;s:32:\"WApcP3UZWwqnRGSipj5rXASkJnTt59EO\";}'
]

$_SERVER = [
    'REDIRECT_REDIRECT_UNIQUE_ID' => 'Zw5OhzZDnBAwU5fg61Tx9QAAAAk'
    'REDIRECT_REDIRECT_STATUS' => '200'
    'REDIRECT_UNIQUE_ID' => 'Zw5OhzZDnBAwU5fg61Tx9QAAAAk'
    'REDIRECT_STATUS' => '200'
    'UNIQUE_ID' => 'Zw5OhzZDnBAwU5fg61Tx9QAAAAk'
    'HTTP_HOST' => 'localhost'
    'HTTP_CONNECTION' => 'keep-alive'
    'HTTP_CACHE_CONTROL' => 'max-age=0'
    'HTTP_SEC_CH_UA' => '\"Chromium\";v=\"127\", \"Not)A;Brand\";v=\"99\"'
    'HTTP_SEC_CH_UA_MOBILE' => '?0'
    'HTTP_SEC_CH_UA_PLATFORM' => '\"Linux\"'
    'HTTP_UPGRADE_INSECURE_REQUESTS' => '1'
    'HTTP_USER_AGENT' => 'Mozilla/5.0 (X11; Linux x86_64; Chromium GOST) AppleWebKit/537.36 (KHTML, like Gecko) Chrome/127.0.0.0 Safari/537.36'
    'HTTP_ACCEPT' => 'text/html,application/xhtml+xml,application/xml;q=0.9,image/avif,image/webp,image/apng,*/*;q=0.8,application/signed-exchange;v=b3;q=0.7'
    'HTTP_SEC_FETCH_SITE' => 'same-origin'
    'HTTP_SEC_FETCH_MODE' => 'navigate'
    'HTTP_SEC_FETCH_USER' => '?1'
    'HTTP_SEC_FETCH_DEST' => 'document'
    'HTTP_REFERER' => 'http://localhost/'
    'HTTP_ACCEPT_ENCODING' => 'gzip, deflate, br, zstd'
    'HTTP_ACCEPT_LANGUAGE' => 'ru-RU,ru;q=0.9,en-US;q=0.8,en;q=0.7'
    'HTTP_COOKIE' => 'PHPSESSID=lpn1d7fn6u2sf6li06seack84m; _identity=0c7dc0824cf6cbf55382e435d7f4d768f1edd2fa7d9b4fe2c07e79a6a778c1aea%3A2%3A%7Bi%3A0%3Bs%3A9%3A%22_identity%22%3Bi%3A1%3Bs%3A16%3A%22%5B1%2Cnull%2C2592000%5D%22%3B%7D; _csrf=a561d191f71aa699469214e76069cd4450a1decf91668b3668828dcab18ea461a%3A2%3A%7Bi%3A0%3Bs%3A5%3A%22_csrf%22%3Bi%3A1%3Bs%3A32%3A%22WApcP3UZWwqnRGSipj5rXASkJnTt59EO%22%3B%7D'
    'PATH' => '/root/.local/bin:/root/bin:/usr/local/sbin:/usr/local/bin:/usr/sbin:/usr/bin'
    'LD_LIBRARY_PATH' => '/opt/lampp/lib:/opt/lampp/lib'
    'SERVER_SIGNATURE' => ''
    'SERVER_SOFTWARE' => 'Apache/2.4.58 (Unix) OpenSSL/1.1.1w PHP/8.2.12 mod_perl/2.0.12 Perl/v5.34.1'
    'SERVER_NAME' => 'localhost'
    'SERVER_ADDR' => '::1'
    'SERVER_PORT' => '80'
    'REMOTE_ADDR' => '::1'
    'DOCUMENT_ROOT' => '/opt/lampp/htdocs'
    'REQUEST_SCHEME' => 'http'
    'CONTEXT_PREFIX' => ''
    'CONTEXT_DOCUMENT_ROOT' => '/opt/lampp/htdocs'
    'SERVER_ADMIN' => 'you@example.com'
    'SCRIPT_FILENAME' => '/opt/lampp/htdocs/web/index.php'
    'REMOTE_PORT' => '40504'
    'REDIRECT_URL' => '/web/request'
    'GATEWAY_INTERFACE' => 'CGI/1.1'
    'SERVER_PROTOCOL' => 'HTTP/1.1'
    'REQUEST_METHOD' => 'GET'
    'QUERY_STRING' => ''
    'REQUEST_URI' => '/request'
    'SCRIPT_NAME' => '/web/index.php'
    'PHP_SELF' => '/web/index.php'
    'REQUEST_TIME_FLOAT' => 1728990855.623
    'REQUEST_TIME' => 1728990855
]
2024-10-15 13:14:15 [::1][-][-][error][ParseError] ParseError: syntax error, unexpected token "=>", expecting ")" in /opt/lampp/htdocs/controllers/RequestController.php:43
Stack trace:
#0 [internal function]: yii\BaseYii::autoload('app\\controllers...')
#1 /opt/lampp/htdocs/vendor/yiisoft/yii2/base/Module.php(661): class_exists('app\\controllers...')
#2 /opt/lampp/htdocs/vendor/yiisoft/yii2/base/Module.php(620): yii\base\Module->createControllerByID('request')
#3 /opt/lampp/htdocs/vendor/yiisoft/yii2/base/Module.php(546): yii\base\Module->createController('')
#4 /opt/lampp/htdocs/vendor/yiisoft/yii2/web/Application.php(103): yii\base\Module->runAction('request', Array)
#5 /opt/lampp/htdocs/vendor/yiisoft/yii2/base/Application.php(384): yii\web\Application->handleRequest(Object(yii\web\Request))
#6 /opt/lampp/htdocs/web/index.php(12): yii\base\Application->run()
#7 {main}
2024-10-15 13:14:15 [::1][-][-][info][application] $_GET = []

$_POST = []

$_FILES = []

$_COOKIE = [
    'PHPSESSID' => 'lpn1d7fn6u2sf6li06seack84m'
    '_identity' => '0c7dc0824cf6cbf55382e435d7f4d768f1edd2fa7d9b4fe2c07e79a6a778c1aea:2:{i:0;s:9:\"_identity\";i:1;s:16:\"[1,null,2592000]\";}'
    '_csrf' => 'a561d191f71aa699469214e76069cd4450a1decf91668b3668828dcab18ea461a:2:{i:0;s:5:\"_csrf\";i:1;s:32:\"WApcP3UZWwqnRGSipj5rXASkJnTt59EO\";}'
]

$_SERVER = [
    'REDIRECT_REDIRECT_UNIQUE_ID' => 'Zw5Oh2U-fY6nlwRQC5nBYwAAAAg'
    'REDIRECT_REDIRECT_STATUS' => '200'
    'REDIRECT_UNIQUE_ID' => 'Zw5Oh2U-fY6nlwRQC5nBYwAAAAg'
    'REDIRECT_STATUS' => '200'
    'UNIQUE_ID' => 'Zw5Oh2U-fY6nlwRQC5nBYwAAAAg'
    'HTTP_HOST' => 'localhost'
    'HTTP_CONNECTION' => 'keep-alive'
    'HTTP_CACHE_CONTROL' => 'max-age=0'
    'HTTP_SEC_CH_UA' => '\"Chromium\";v=\"127\", \"Not)A;Brand\";v=\"99\"'
    'HTTP_SEC_CH_UA_MOBILE' => '?0'
    'HTTP_SEC_CH_UA_PLATFORM' => '\"Linux\"'
    'HTTP_UPGRADE_INSECURE_REQUESTS' => '1'
    'HTTP_USER_AGENT' => 'Mozilla/5.0 (X11; Linux x86_64; Chromium GOST) AppleWebKit/537.36 (KHTML, like Gecko) Chrome/127.0.0.0 Safari/537.36'
    'HTTP_ACCEPT' => 'text/html,application/xhtml+xml,application/xml;q=0.9,image/avif,image/webp,image/apng,*/*;q=0.8,application/signed-exchange;v=b3;q=0.7'
    'HTTP_SEC_FETCH_SITE' => 'same-origin'
    'HTTP_SEC_FETCH_MODE' => 'navigate'
    'HTTP_SEC_FETCH_USER' => '?1'
    'HTTP_SEC_FETCH_DEST' => 'document'
    'HTTP_REFERER' => 'http://localhost/'
    'HTTP_ACCEPT_ENCODING' => 'gzip, deflate, br, zstd'
    'HTTP_ACCEPT_LANGUAGE' => 'ru-RU,ru;q=0.9,en-US;q=0.8,en;q=0.7'
    'HTTP_COOKIE' => 'PHPSESSID=lpn1d7fn6u2sf6li06seack84m; _identity=0c7dc0824cf6cbf55382e435d7f4d768f1edd2fa7d9b4fe2c07e79a6a778c1aea%3A2%3A%7Bi%3A0%3Bs%3A9%3A%22_identity%22%3Bi%3A1%3Bs%3A16%3A%22%5B1%2Cnull%2C2592000%5D%22%3B%7D; _csrf=a561d191f71aa699469214e76069cd4450a1decf91668b3668828dcab18ea461a%3A2%3A%7Bi%3A0%3Bs%3A5%3A%22_csrf%22%3Bi%3A1%3Bs%3A32%3A%22WApcP3UZWwqnRGSipj5rXASkJnTt59EO%22%3B%7D'
    'PATH' => '/root/.local/bin:/root/bin:/usr/local/sbin:/usr/local/bin:/usr/sbin:/usr/bin'
    'LD_LIBRARY_PATH' => '/opt/lampp/lib:/opt/lampp/lib'
    'SERVER_SIGNATURE' => ''
    'SERVER_SOFTWARE' => 'Apache/2.4.58 (Unix) OpenSSL/1.1.1w PHP/8.2.12 mod_perl/2.0.12 Perl/v5.34.1'
    'SERVER_NAME' => 'localhost'
    'SERVER_ADDR' => '::1'
    'SERVER_PORT' => '80'
    'REMOTE_ADDR' => '::1'
    'DOCUMENT_ROOT' => '/opt/lampp/htdocs'
    'REQUEST_SCHEME' => 'http'
    'CONTEXT_PREFIX' => ''
    'CONTEXT_DOCUMENT_ROOT' => '/opt/lampp/htdocs'
    'SERVER_ADMIN' => 'you@example.com'
    'SCRIPT_FILENAME' => '/opt/lampp/htdocs/web/index.php'
    'REMOTE_PORT' => '40516'
    'REDIRECT_URL' => '/web/request'
    'GATEWAY_INTERFACE' => 'CGI/1.1'
    'SERVER_PROTOCOL' => 'HTTP/1.1'
    'REQUEST_METHOD' => 'GET'
    'QUERY_STRING' => ''
    'REQUEST_URI' => '/request'
    'SCRIPT_NAME' => '/web/index.php'
    'PHP_SELF' => '/web/index.php'
    'REQUEST_TIME_FLOAT' => 1728990855.7734
    'REQUEST_TIME' => 1728990855
]
2024-10-15 13:14:15 [::1][-][-][error][ParseError] ParseError: syntax error, unexpected token "=>", expecting ")" in /opt/lampp/htdocs/controllers/RequestController.php:43
Stack trace:
#0 [internal function]: yii\BaseYii::autoload('app\\controllers...')
#1 /opt/lampp/htdocs/vendor/yiisoft/yii2/base/Module.php(661): class_exists('app\\controllers...')
#2 /opt/lampp/htdocs/vendor/yiisoft/yii2/base/Module.php(620): yii\base\Module->createControllerByID('request')
#3 /opt/lampp/htdocs/vendor/yiisoft/yii2/base/Module.php(546): yii\base\Module->createController('')
#4 /opt/lampp/htdocs/vendor/yiisoft/yii2/web/Application.php(103): yii\base\Module->runAction('request', Array)
#5 /opt/lampp/htdocs/vendor/yiisoft/yii2/base/Application.php(384): yii\web\Application->handleRequest(Object(yii\web\Request))
#6 /opt/lampp/htdocs/web/index.php(12): yii\base\Application->run()
#7 {main}
2024-10-15 13:14:15 [::1][-][-][info][application] $_GET = []

$_POST = []

$_FILES = []

$_COOKIE = [
    'PHPSESSID' => 'lpn1d7fn6u2sf6li06seack84m'
    '_identity' => '0c7dc0824cf6cbf55382e435d7f4d768f1edd2fa7d9b4fe2c07e79a6a778c1aea:2:{i:0;s:9:\"_identity\";i:1;s:16:\"[1,null,2592000]\";}'
    '_csrf' => 'a561d191f71aa699469214e76069cd4450a1decf91668b3668828dcab18ea461a:2:{i:0;s:5:\"_csrf\";i:1;s:32:\"WApcP3UZWwqnRGSipj5rXASkJnTt59EO\";}'
]

$_SERVER = [
    'REDIRECT_REDIRECT_UNIQUE_ID' => 'Zw5OhyRvnoemf3SL2Qi5IAAAAAo'
    'REDIRECT_REDIRECT_STATUS' => '200'
    'REDIRECT_UNIQUE_ID' => 'Zw5OhyRvnoemf3SL2Qi5IAAAAAo'
    'REDIRECT_STATUS' => '200'
    'UNIQUE_ID' => 'Zw5OhyRvnoemf3SL2Qi5IAAAAAo'
    'HTTP_HOST' => 'localhost'
    'HTTP_CONNECTION' => 'keep-alive'
    'HTTP_CACHE_CONTROL' => 'max-age=0'
    'HTTP_SEC_CH_UA' => '\"Chromium\";v=\"127\", \"Not)A;Brand\";v=\"99\"'
    'HTTP_SEC_CH_UA_MOBILE' => '?0'
    'HTTP_SEC_CH_UA_PLATFORM' => '\"Linux\"'
    'HTTP_UPGRADE_INSECURE_REQUESTS' => '1'
    'HTTP_USER_AGENT' => 'Mozilla/5.0 (X11; Linux x86_64; Chromium GOST) AppleWebKit/537.36 (KHTML, like Gecko) Chrome/127.0.0.0 Safari/537.36'
    'HTTP_ACCEPT' => 'text/html,application/xhtml+xml,application/xml;q=0.9,image/avif,image/webp,image/apng,*/*;q=0.8,application/signed-exchange;v=b3;q=0.7'
    'HTTP_SEC_FETCH_SITE' => 'same-origin'
    'HTTP_SEC_FETCH_MODE' => 'navigate'
    'HTTP_SEC_FETCH_USER' => '?1'
    'HTTP_SEC_FETCH_DEST' => 'document'
    'HTTP_REFERER' => 'http://localhost/'
    'HTTP_ACCEPT_ENCODING' => 'gzip, deflate, br, zstd'
    'HTTP_ACCEPT_LANGUAGE' => 'ru-RU,ru;q=0.9,en-US;q=0.8,en;q=0.7'
    'HTTP_COOKIE' => 'PHPSESSID=lpn1d7fn6u2sf6li06seack84m; _identity=0c7dc0824cf6cbf55382e435d7f4d768f1edd2fa7d9b4fe2c07e79a6a778c1aea%3A2%3A%7Bi%3A0%3Bs%3A9%3A%22_identity%22%3Bi%3A1%3Bs%3A16%3A%22%5B1%2Cnull%2C2592000%5D%22%3B%7D; _csrf=a561d191f71aa699469214e76069cd4450a1decf91668b3668828dcab18ea461a%3A2%3A%7Bi%3A0%3Bs%3A5%3A%22_csrf%22%3Bi%3A1%3Bs%3A32%3A%22WApcP3UZWwqnRGSipj5rXASkJnTt59EO%22%3B%7D'
    'PATH' => '/root/.local/bin:/root/bin:/usr/local/sbin:/usr/local/bin:/usr/sbin:/usr/bin'
    'LD_LIBRARY_PATH' => '/opt/lampp/lib:/opt/lampp/lib'
    'SERVER_SIGNATURE' => ''
    'SERVER_SOFTWARE' => 'Apache/2.4.58 (Unix) OpenSSL/1.1.1w PHP/8.2.12 mod_perl/2.0.12 Perl/v5.34.1'
    'SERVER_NAME' => 'localhost'
    'SERVER_ADDR' => '::1'
    'SERVER_PORT' => '80'
    'REMOTE_ADDR' => '::1'
    'DOCUMENT_ROOT' => '/opt/lampp/htdocs'
    'REQUEST_SCHEME' => 'http'
    'CONTEXT_PREFIX' => ''
    'CONTEXT_DOCUMENT_ROOT' => '/opt/lampp/htdocs'
    'SERVER_ADMIN' => 'you@example.com'
    'SCRIPT_FILENAME' => '/opt/lampp/htdocs/web/index.php'
    'REMOTE_PORT' => '40532'
    'REDIRECT_URL' => '/web/request'
    'GATEWAY_INTERFACE' => 'CGI/1.1'
    'SERVER_PROTOCOL' => 'HTTP/1.1'
    'REQUEST_METHOD' => 'GET'
    'QUERY_STRING' => ''
    'REQUEST_URI' => '/request'
    'SCRIPT_NAME' => '/web/index.php'
    'PHP_SELF' => '/web/index.php'
    'REQUEST_TIME_FLOAT' => 1728990855.9257
    'REQUEST_TIME' => 1728990855
]
2024-10-15 13:14:16 [::1][-][-][error][ParseError] ParseError: syntax error, unexpected token "=>", expecting ")" in /opt/lampp/htdocs/controllers/RequestController.php:43
Stack trace:
#0 [internal function]: yii\BaseYii::autoload('app\\controllers...')
#1 /opt/lampp/htdocs/vendor/yiisoft/yii2/base/Module.php(661): class_exists('app\\controllers...')
#2 /opt/lampp/htdocs/vendor/yiisoft/yii2/base/Module.php(620): yii\base\Module->createControllerByID('request')
#3 /opt/lampp/htdocs/vendor/yiisoft/yii2/base/Module.php(546): yii\base\Module->createController('')
#4 /opt/lampp/htdocs/vendor/yiisoft/yii2/web/Application.php(103): yii\base\Module->runAction('request', Array)
#5 /opt/lampp/htdocs/vendor/yiisoft/yii2/base/Application.php(384): yii\web\Application->handleRequest(Object(yii\web\Request))
#6 /opt/lampp/htdocs/web/index.php(12): yii\base\Application->run()
#7 {main}
2024-10-15 13:14:16 [::1][-][-][info][application] $_GET = []

$_POST = []

$_FILES = []

$_COOKIE = [
    'PHPSESSID' => 'lpn1d7fn6u2sf6li06seack84m'
    '_identity' => '0c7dc0824cf6cbf55382e435d7f4d768f1edd2fa7d9b4fe2c07e79a6a778c1aea:2:{i:0;s:9:\"_identity\";i:1;s:16:\"[1,null,2592000]\";}'
    '_csrf' => 'a561d191f71aa699469214e76069cd4450a1decf91668b3668828dcab18ea461a:2:{i:0;s:5:\"_csrf\";i:1;s:32:\"WApcP3UZWwqnRGSipj5rXASkJnTt59EO\";}'
]

$_SERVER = [
    'REDIRECT_REDIRECT_UNIQUE_ID' => 'Zw5OiB5Omzz0VZlM-OU7JgAAAAQ'
    'REDIRECT_REDIRECT_STATUS' => '200'
    'REDIRECT_UNIQUE_ID' => 'Zw5OiB5Omzz0VZlM-OU7JgAAAAQ'
    'REDIRECT_STATUS' => '200'
    'UNIQUE_ID' => 'Zw5OiB5Omzz0VZlM-OU7JgAAAAQ'
    'HTTP_HOST' => 'localhost'
    'HTTP_CONNECTION' => 'keep-alive'
    'HTTP_CACHE_CONTROL' => 'max-age=0'
    'HTTP_SEC_CH_UA' => '\"Chromium\";v=\"127\", \"Not)A;Brand\";v=\"99\"'
    'HTTP_SEC_CH_UA_MOBILE' => '?0'
    'HTTP_SEC_CH_UA_PLATFORM' => '\"Linux\"'
    'HTTP_UPGRADE_INSECURE_REQUESTS' => '1'
    'HTTP_USER_AGENT' => 'Mozilla/5.0 (X11; Linux x86_64; Chromium GOST) AppleWebKit/537.36 (KHTML, like Gecko) Chrome/127.0.0.0 Safari/537.36'
    'HTTP_ACCEPT' => 'text/html,application/xhtml+xml,application/xml;q=0.9,image/avif,image/webp,image/apng,*/*;q=0.8,application/signed-exchange;v=b3;q=0.7'
    'HTTP_SEC_FETCH_SITE' => 'same-origin'
    'HTTP_SEC_FETCH_MODE' => 'navigate'
    'HTTP_SEC_FETCH_USER' => '?1'
    'HTTP_SEC_FETCH_DEST' => 'document'
    'HTTP_REFERER' => 'http://localhost/'
    'HTTP_ACCEPT_ENCODING' => 'gzip, deflate, br, zstd'
    'HTTP_ACCEPT_LANGUAGE' => 'ru-RU,ru;q=0.9,en-US;q=0.8,en;q=0.7'
    'HTTP_COOKIE' => 'PHPSESSID=lpn1d7fn6u2sf6li06seack84m; _identity=0c7dc0824cf6cbf55382e435d7f4d768f1edd2fa7d9b4fe2c07e79a6a778c1aea%3A2%3A%7Bi%3A0%3Bs%3A9%3A%22_identity%22%3Bi%3A1%3Bs%3A16%3A%22%5B1%2Cnull%2C2592000%5D%22%3B%7D; _csrf=a561d191f71aa699469214e76069cd4450a1decf91668b3668828dcab18ea461a%3A2%3A%7Bi%3A0%3Bs%3A5%3A%22_csrf%22%3Bi%3A1%3Bs%3A32%3A%22WApcP3UZWwqnRGSipj5rXASkJnTt59EO%22%3B%7D'
    'PATH' => '/root/.local/bin:/root/bin:/usr/local/sbin:/usr/local/bin:/usr/sbin:/usr/bin'
    'LD_LIBRARY_PATH' => '/opt/lampp/lib:/opt/lampp/lib'
    'SERVER_SIGNATURE' => ''
    'SERVER_SOFTWARE' => 'Apache/2.4.58 (Unix) OpenSSL/1.1.1w PHP/8.2.12 mod_perl/2.0.12 Perl/v5.34.1'
    'SERVER_NAME' => 'localhost'
    'SERVER_ADDR' => '::1'
    'SERVER_PORT' => '80'
    'REMOTE_ADDR' => '::1'
    'DOCUMENT_ROOT' => '/opt/lampp/htdocs'
    'REQUEST_SCHEME' => 'http'
    'CONTEXT_PREFIX' => ''
    'CONTEXT_DOCUMENT_ROOT' => '/opt/lampp/htdocs'
    'SERVER_ADMIN' => 'you@example.com'
    'SCRIPT_FILENAME' => '/opt/lampp/htdocs/web/index.php'
    'REMOTE_PORT' => '40540'
    'REDIRECT_URL' => '/web/request'
    'GATEWAY_INTERFACE' => 'CGI/1.1'
    'SERVER_PROTOCOL' => 'HTTP/1.1'
    'REQUEST_METHOD' => 'GET'
    'QUERY_STRING' => ''
    'REQUEST_URI' => '/request'
    'SCRIPT_NAME' => '/web/index.php'
    'PHP_SELF' => '/web/index.php'
    'REQUEST_TIME_FLOAT' => 1728990856.0949
    'REQUEST_TIME' => 1728990856
]
2024-10-15 13:14:16 [::1][-][-][error][ParseError] ParseError: syntax error, unexpected token "=>", expecting ")" in /opt/lampp/htdocs/controllers/RequestController.php:43
Stack trace:
#0 [internal function]: yii\BaseYii::autoload('app\\controllers...')
#1 /opt/lampp/htdocs/vendor/yiisoft/yii2/base/Module.php(661): class_exists('app\\controllers...')
#2 /opt/lampp/htdocs/vendor/yiisoft/yii2/base/Module.php(620): yii\base\Module->createControllerByID('request')
#3 /opt/lampp/htdocs/vendor/yiisoft/yii2/base/Module.php(546): yii\base\Module->createController('')
#4 /opt/lampp/htdocs/vendor/yiisoft/yii2/web/Application.php(103): yii\base\Module->runAction('request', Array)
#5 /opt/lampp/htdocs/vendor/yiisoft/yii2/base/Application.php(384): yii\web\Application->handleRequest(Object(yii\web\Request))
#6 /opt/lampp/htdocs/web/index.php(12): yii\base\Application->run()
#7 {main}
2024-10-15 13:14:16 [::1][-][-][info][application] $_GET = []

$_POST = []

$_FILES = []

$_COOKIE = [
    'PHPSESSID' => 'lpn1d7fn6u2sf6li06seack84m'
    '_identity' => '0c7dc0824cf6cbf55382e435d7f4d768f1edd2fa7d9b4fe2c07e79a6a778c1aea:2:{i:0;s:9:\"_identity\";i:1;s:16:\"[1,null,2592000]\";}'
    '_csrf' => 'a561d191f71aa699469214e76069cd4450a1decf91668b3668828dcab18ea461a:2:{i:0;s:5:\"_csrf\";i:1;s:32:\"WApcP3UZWwqnRGSipj5rXASkJnTt59EO\";}'
]

$_SERVER = [
    'REDIRECT_REDIRECT_UNIQUE_ID' => 'Zw5OiME3Ro21WLgCR21jLAAAAAs'
    'REDIRECT_REDIRECT_STATUS' => '200'
    'REDIRECT_UNIQUE_ID' => 'Zw5OiME3Ro21WLgCR21jLAAAAAs'
    'REDIRECT_STATUS' => '200'
    'UNIQUE_ID' => 'Zw5OiME3Ro21WLgCR21jLAAAAAs'
    'HTTP_HOST' => 'localhost'
    'HTTP_CONNECTION' => 'keep-alive'
    'HTTP_CACHE_CONTROL' => 'max-age=0'
    'HTTP_SEC_CH_UA' => '\"Chromium\";v=\"127\", \"Not)A;Brand\";v=\"99\"'
    'HTTP_SEC_CH_UA_MOBILE' => '?0'
    'HTTP_SEC_CH_UA_PLATFORM' => '\"Linux\"'
    'HTTP_UPGRADE_INSECURE_REQUESTS' => '1'
    'HTTP_USER_AGENT' => 'Mozilla/5.0 (X11; Linux x86_64; Chromium GOST) AppleWebKit/537.36 (KHTML, like Gecko) Chrome/127.0.0.0 Safari/537.36'
    'HTTP_ACCEPT' => 'text/html,application/xhtml+xml,application/xml;q=0.9,image/avif,image/webp,image/apng,*/*;q=0.8,application/signed-exchange;v=b3;q=0.7'
    'HTTP_SEC_FETCH_SITE' => 'same-origin'
    'HTTP_SEC_FETCH_MODE' => 'navigate'
    'HTTP_SEC_FETCH_USER' => '?1'
    'HTTP_SEC_FETCH_DEST' => 'document'
    'HTTP_REFERER' => 'http://localhost/'
    'HTTP_ACCEPT_ENCODING' => 'gzip, deflate, br, zstd'
    'HTTP_ACCEPT_LANGUAGE' => 'ru-RU,ru;q=0.9,en-US;q=0.8,en;q=0.7'
    'HTTP_COOKIE' => 'PHPSESSID=lpn1d7fn6u2sf6li06seack84m; _identity=0c7dc0824cf6cbf55382e435d7f4d768f1edd2fa7d9b4fe2c07e79a6a778c1aea%3A2%3A%7Bi%3A0%3Bs%3A9%3A%22_identity%22%3Bi%3A1%3Bs%3A16%3A%22%5B1%2Cnull%2C2592000%5D%22%3B%7D; _csrf=a561d191f71aa699469214e76069cd4450a1decf91668b3668828dcab18ea461a%3A2%3A%7Bi%3A0%3Bs%3A5%3A%22_csrf%22%3Bi%3A1%3Bs%3A32%3A%22WApcP3UZWwqnRGSipj5rXASkJnTt59EO%22%3B%7D'
    'PATH' => '/root/.local/bin:/root/bin:/usr/local/sbin:/usr/local/bin:/usr/sbin:/usr/bin'
    'LD_LIBRARY_PATH' => '/opt/lampp/lib:/opt/lampp/lib'
    'SERVER_SIGNATURE' => ''
    'SERVER_SOFTWARE' => 'Apache/2.4.58 (Unix) OpenSSL/1.1.1w PHP/8.2.12 mod_perl/2.0.12 Perl/v5.34.1'
    'SERVER_NAME' => 'localhost'
    'SERVER_ADDR' => '::1'
    'SERVER_PORT' => '80'
    'REMOTE_ADDR' => '::1'
    'DOCUMENT_ROOT' => '/opt/lampp/htdocs'
    'REQUEST_SCHEME' => 'http'
    'CONTEXT_PREFIX' => ''
    'CONTEXT_DOCUMENT_ROOT' => '/opt/lampp/htdocs'
    'SERVER_ADMIN' => 'you@example.com'
    'SCRIPT_FILENAME' => '/opt/lampp/htdocs/web/index.php'
    'REMOTE_PORT' => '40552'
    'REDIRECT_URL' => '/web/request'
    'GATEWAY_INTERFACE' => 'CGI/1.1'
    'SERVER_PROTOCOL' => 'HTTP/1.1'
    'REQUEST_METHOD' => 'GET'
    'QUERY_STRING' => ''
    'REQUEST_URI' => '/request'
    'SCRIPT_NAME' => '/web/index.php'
    'PHP_SELF' => '/web/index.php'
    'REQUEST_TIME_FLOAT' => 1728990856.2538
    'REQUEST_TIME' => 1728990856
]
2024-10-15 13:14:16 [::1][-][-][error][ParseError] ParseError: syntax error, unexpected token "=>", expecting ")" in /opt/lampp/htdocs/controllers/RequestController.php:43
Stack trace:
#0 [internal function]: yii\BaseYii::autoload('app\\controllers...')
#1 /opt/lampp/htdocs/vendor/yiisoft/yii2/base/Module.php(661): class_exists('app\\controllers...')
#2 /opt/lampp/htdocs/vendor/yiisoft/yii2/base/Module.php(620): yii\base\Module->createControllerByID('request')
#3 /opt/lampp/htdocs/vendor/yiisoft/yii2/base/Module.php(546): yii\base\Module->createController('')
#4 /opt/lampp/htdocs/vendor/yiisoft/yii2/web/Application.php(103): yii\base\Module->runAction('request', Array)
#5 /opt/lampp/htdocs/vendor/yiisoft/yii2/base/Application.php(384): yii\web\Application->handleRequest(Object(yii\web\Request))
#6 /opt/lampp/htdocs/web/index.php(12): yii\base\Application->run()
#7 {main}
2024-10-15 13:14:16 [::1][-][-][info][application] $_GET = []

$_POST = []

$_FILES = []

$_COOKIE = [
    'PHPSESSID' => 'lpn1d7fn6u2sf6li06seack84m'
    '_identity' => '0c7dc0824cf6cbf55382e435d7f4d768f1edd2fa7d9b4fe2c07e79a6a778c1aea:2:{i:0;s:9:\"_identity\";i:1;s:16:\"[1,null,2592000]\";}'
    '_csrf' => 'a561d191f71aa699469214e76069cd4450a1decf91668b3668828dcab18ea461a:2:{i:0;s:5:\"_csrf\";i:1;s:32:\"WApcP3UZWwqnRGSipj5rXASkJnTt59EO\";}'
]

$_SERVER = [
    'REDIRECT_REDIRECT_UNIQUE_ID' => 'Zw5OiLAB7kGczfjiGY9e8wAAAAU'
    'REDIRECT_REDIRECT_STATUS' => '200'
    'REDIRECT_UNIQUE_ID' => 'Zw5OiLAB7kGczfjiGY9e8wAAAAU'
    'REDIRECT_STATUS' => '200'
    'UNIQUE_ID' => 'Zw5OiLAB7kGczfjiGY9e8wAAAAU'
    'HTTP_HOST' => 'localhost'
    'HTTP_CONNECTION' => 'keep-alive'
    'HTTP_CACHE_CONTROL' => 'max-age=0'
    'HTTP_SEC_CH_UA' => '\"Chromium\";v=\"127\", \"Not)A;Brand\";v=\"99\"'
    'HTTP_SEC_CH_UA_MOBILE' => '?0'
    'HTTP_SEC_CH_UA_PLATFORM' => '\"Linux\"'
    'HTTP_UPGRADE_INSECURE_REQUESTS' => '1'
    'HTTP_USER_AGENT' => 'Mozilla/5.0 (X11; Linux x86_64; Chromium GOST) AppleWebKit/537.36 (KHTML, like Gecko) Chrome/127.0.0.0 Safari/537.36'
    'HTTP_ACCEPT' => 'text/html,application/xhtml+xml,application/xml;q=0.9,image/avif,image/webp,image/apng,*/*;q=0.8,application/signed-exchange;v=b3;q=0.7'
    'HTTP_SEC_FETCH_SITE' => 'same-origin'
    'HTTP_SEC_FETCH_MODE' => 'navigate'
    'HTTP_SEC_FETCH_USER' => '?1'
    'HTTP_SEC_FETCH_DEST' => 'document'
    'HTTP_REFERER' => 'http://localhost/'
    'HTTP_ACCEPT_ENCODING' => 'gzip, deflate, br, zstd'
    'HTTP_ACCEPT_LANGUAGE' => 'ru-RU,ru;q=0.9,en-US;q=0.8,en;q=0.7'
    'HTTP_COOKIE' => 'PHPSESSID=lpn1d7fn6u2sf6li06seack84m; _identity=0c7dc0824cf6cbf55382e435d7f4d768f1edd2fa7d9b4fe2c07e79a6a778c1aea%3A2%3A%7Bi%3A0%3Bs%3A9%3A%22_identity%22%3Bi%3A1%3Bs%3A16%3A%22%5B1%2Cnull%2C2592000%5D%22%3B%7D; _csrf=a561d191f71aa699469214e76069cd4450a1decf91668b3668828dcab18ea461a%3A2%3A%7Bi%3A0%3Bs%3A5%3A%22_csrf%22%3Bi%3A1%3Bs%3A32%3A%22WApcP3UZWwqnRGSipj5rXASkJnTt59EO%22%3B%7D'
    'PATH' => '/root/.local/bin:/root/bin:/usr/local/sbin:/usr/local/bin:/usr/sbin:/usr/bin'
    'LD_LIBRARY_PATH' => '/opt/lampp/lib:/opt/lampp/lib'
    'SERVER_SIGNATURE' => ''
    'SERVER_SOFTWARE' => 'Apache/2.4.58 (Unix) OpenSSL/1.1.1w PHP/8.2.12 mod_perl/2.0.12 Perl/v5.34.1'
    'SERVER_NAME' => 'localhost'
    'SERVER_ADDR' => '::1'
    'SERVER_PORT' => '80'
    'REMOTE_ADDR' => '::1'
    'DOCUMENT_ROOT' => '/opt/lampp/htdocs'
    'REQUEST_SCHEME' => 'http'
    'CONTEXT_PREFIX' => ''
    'CONTEXT_DOCUMENT_ROOT' => '/opt/lampp/htdocs'
    'SERVER_ADMIN' => 'you@example.com'
    'SCRIPT_FILENAME' => '/opt/lampp/htdocs/web/index.php'
    'REMOTE_PORT' => '40564'
    'REDIRECT_URL' => '/web/request'
    'GATEWAY_INTERFACE' => 'CGI/1.1'
    'SERVER_PROTOCOL' => 'HTTP/1.1'
    'REQUEST_METHOD' => 'GET'
    'QUERY_STRING' => ''
    'REQUEST_URI' => '/request'
    'SCRIPT_NAME' => '/web/index.php'
    'PHP_SELF' => '/web/index.php'
    'REQUEST_TIME_FLOAT' => 1728990856.3973
    'REQUEST_TIME' => 1728990856
]
2024-10-15 13:14:27 [::1][-][-][error][ParseError] ParseError: syntax error, unexpected token "=>", expecting ")" in /opt/lampp/htdocs/controllers/RequestController.php:43
Stack trace:
#0 [internal function]: yii\BaseYii::autoload('app\\controllers...')
#1 /opt/lampp/htdocs/vendor/yiisoft/yii2/base/Module.php(661): class_exists('app\\controllers...')
#2 /opt/lampp/htdocs/vendor/yiisoft/yii2/base/Module.php(620): yii\base\Module->createControllerByID('request')
#3 /opt/lampp/htdocs/vendor/yiisoft/yii2/base/Module.php(546): yii\base\Module->createController('')
#4 /opt/lampp/htdocs/vendor/yiisoft/yii2/web/Application.php(103): yii\base\Module->runAction('request', Array)
#5 /opt/lampp/htdocs/vendor/yiisoft/yii2/base/Application.php(384): yii\web\Application->handleRequest(Object(yii\web\Request))
#6 /opt/lampp/htdocs/web/index.php(12): yii\base\Application->run()
#7 {main}
2024-10-15 13:14:27 [::1][-][-][info][application] $_GET = []

$_POST = []

$_FILES = []

$_COOKIE = [
    'PHPSESSID' => 'lpn1d7fn6u2sf6li06seack84m'
    '_identity' => '0c7dc0824cf6cbf55382e435d7f4d768f1edd2fa7d9b4fe2c07e79a6a778c1aea:2:{i:0;s:9:\"_identity\";i:1;s:16:\"[1,null,2592000]\";}'
    '_csrf' => 'a561d191f71aa699469214e76069cd4450a1decf91668b3668828dcab18ea461a:2:{i:0;s:5:\"_csrf\";i:1;s:32:\"WApcP3UZWwqnRGSipj5rXASkJnTt59EO\";}'
]

$_SERVER = [
    'REDIRECT_REDIRECT_UNIQUE_ID' => 'Zw5Ok61VoMH5C8vtPIdRQwAAAAE'
    'REDIRECT_REDIRECT_STATUS' => '200'
    'REDIRECT_UNIQUE_ID' => 'Zw5Ok61VoMH5C8vtPIdRQwAAAAE'
    'REDIRECT_STATUS' => '200'
    'UNIQUE_ID' => 'Zw5Ok61VoMH5C8vtPIdRQwAAAAE'
    'HTTP_HOST' => 'localhost'
    'HTTP_CONNECTION' => 'keep-alive'
    'HTTP_CACHE_CONTROL' => 'max-age=0'
    'HTTP_SEC_CH_UA' => '\"Chromium\";v=\"127\", \"Not)A;Brand\";v=\"99\"'
    'HTTP_SEC_CH_UA_MOBILE' => '?0'
    'HTTP_SEC_CH_UA_PLATFORM' => '\"Linux\"'
    'HTTP_UPGRADE_INSECURE_REQUESTS' => '1'
    'HTTP_USER_AGENT' => 'Mozilla/5.0 (X11; Linux x86_64; Chromium GOST) AppleWebKit/537.36 (KHTML, like Gecko) Chrome/127.0.0.0 Safari/537.36'
    'HTTP_ACCEPT' => 'text/html,application/xhtml+xml,application/xml;q=0.9,image/avif,image/webp,image/apng,*/*;q=0.8,application/signed-exchange;v=b3;q=0.7'
    'HTTP_SEC_FETCH_SITE' => 'same-origin'
    'HTTP_SEC_FETCH_MODE' => 'navigate'
    'HTTP_SEC_FETCH_USER' => '?1'
    'HTTP_SEC_FETCH_DEST' => 'document'
    'HTTP_REFERER' => 'http://localhost/'
    'HTTP_ACCEPT_ENCODING' => 'gzip, deflate, br, zstd'
    'HTTP_ACCEPT_LANGUAGE' => 'ru-RU,ru;q=0.9,en-US;q=0.8,en;q=0.7'
    'HTTP_COOKIE' => 'PHPSESSID=lpn1d7fn6u2sf6li06seack84m; _identity=0c7dc0824cf6cbf55382e435d7f4d768f1edd2fa7d9b4fe2c07e79a6a778c1aea%3A2%3A%7Bi%3A0%3Bs%3A9%3A%22_identity%22%3Bi%3A1%3Bs%3A16%3A%22%5B1%2Cnull%2C2592000%5D%22%3B%7D; _csrf=a561d191f71aa699469214e76069cd4450a1decf91668b3668828dcab18ea461a%3A2%3A%7Bi%3A0%3Bs%3A5%3A%22_csrf%22%3Bi%3A1%3Bs%3A32%3A%22WApcP3UZWwqnRGSipj5rXASkJnTt59EO%22%3B%7D'
    'PATH' => '/root/.local/bin:/root/bin:/usr/local/sbin:/usr/local/bin:/usr/sbin:/usr/bin'
    'LD_LIBRARY_PATH' => '/opt/lampp/lib:/opt/lampp/lib'
    'SERVER_SIGNATURE' => ''
    'SERVER_SOFTWARE' => 'Apache/2.4.58 (Unix) OpenSSL/1.1.1w PHP/8.2.12 mod_perl/2.0.12 Perl/v5.34.1'
    'SERVER_NAME' => 'localhost'
    'SERVER_ADDR' => '::1'
    'SERVER_PORT' => '80'
    'REMOTE_ADDR' => '::1'
    'DOCUMENT_ROOT' => '/opt/lampp/htdocs'
    'REQUEST_SCHEME' => 'http'
    'CONTEXT_PREFIX' => ''
    'CONTEXT_DOCUMENT_ROOT' => '/opt/lampp/htdocs'
    'SERVER_ADMIN' => 'you@example.com'
    'SCRIPT_FILENAME' => '/opt/lampp/htdocs/web/index.php'
    'REMOTE_PORT' => '40576'
    'REDIRECT_URL' => '/web/request'
    'GATEWAY_INTERFACE' => 'CGI/1.1'
    'SERVER_PROTOCOL' => 'HTTP/1.1'
    'REQUEST_METHOD' => 'GET'
    'QUERY_STRING' => ''
    'REQUEST_URI' => '/request'
    'SCRIPT_NAME' => '/web/index.php'
    'PHP_SELF' => '/web/index.php'
    'REQUEST_TIME_FLOAT' => 1728990867.5603
    'REQUEST_TIME' => 1728990867
]
2024-10-15 13:14:28 [::1][-][-][error][ParseError] ParseError: syntax error, unexpected token "=>", expecting ")" in /opt/lampp/htdocs/controllers/RequestController.php:43
Stack trace:
#0 [internal function]: yii\BaseYii::autoload('app\\controllers...')
#1 /opt/lampp/htdocs/vendor/yiisoft/yii2/base/Module.php(661): class_exists('app\\controllers...')
#2 /opt/lampp/htdocs/vendor/yiisoft/yii2/base/Module.php(620): yii\base\Module->createControllerByID('request')
#3 /opt/lampp/htdocs/vendor/yiisoft/yii2/base/Module.php(546): yii\base\Module->createController('')
#4 /opt/lampp/htdocs/vendor/yiisoft/yii2/web/Application.php(103): yii\base\Module->runAction('request', Array)
#5 /opt/lampp/htdocs/vendor/yiisoft/yii2/base/Application.php(384): yii\web\Application->handleRequest(Object(yii\web\Request))
#6 /opt/lampp/htdocs/web/index.php(12): yii\base\Application->run()
#7 {main}
2024-10-15 13:14:28 [::1][-][-][info][application] $_GET = []

$_POST = []

$_FILES = []

$_COOKIE = [
    'PHPSESSID' => 'lpn1d7fn6u2sf6li06seack84m'
    '_identity' => '0c7dc0824cf6cbf55382e435d7f4d768f1edd2fa7d9b4fe2c07e79a6a778c1aea:2:{i:0;s:9:\"_identity\";i:1;s:16:\"[1,null,2592000]\";}'
    '_csrf' => 'a561d191f71aa699469214e76069cd4450a1decf91668b3668828dcab18ea461a:2:{i:0;s:5:\"_csrf\";i:1;s:32:\"WApcP3UZWwqnRGSipj5rXASkJnTt59EO\";}'
]

$_SERVER = [
    'REDIRECT_REDIRECT_UNIQUE_ID' => 'Zw5OlJNhNb--r0ddEg5phgAAAAI'
    'REDIRECT_REDIRECT_STATUS' => '200'
    'REDIRECT_UNIQUE_ID' => 'Zw5OlJNhNb--r0ddEg5phgAAAAI'
    'REDIRECT_STATUS' => '200'
    'UNIQUE_ID' => 'Zw5OlJNhNb--r0ddEg5phgAAAAI'
    'HTTP_HOST' => 'localhost'
    'HTTP_CONNECTION' => 'keep-alive'
    'HTTP_CACHE_CONTROL' => 'max-age=0'
    'HTTP_SEC_CH_UA' => '\"Chromium\";v=\"127\", \"Not)A;Brand\";v=\"99\"'
    'HTTP_SEC_CH_UA_MOBILE' => '?0'
    'HTTP_SEC_CH_UA_PLATFORM' => '\"Linux\"'
    'HTTP_UPGRADE_INSECURE_REQUESTS' => '1'
    'HTTP_USER_AGENT' => 'Mozilla/5.0 (X11; Linux x86_64; Chromium GOST) AppleWebKit/537.36 (KHTML, like Gecko) Chrome/127.0.0.0 Safari/537.36'
    'HTTP_ACCEPT' => 'text/html,application/xhtml+xml,application/xml;q=0.9,image/avif,image/webp,image/apng,*/*;q=0.8,application/signed-exchange;v=b3;q=0.7'
    'HTTP_SEC_FETCH_SITE' => 'same-origin'
    'HTTP_SEC_FETCH_MODE' => 'navigate'
    'HTTP_SEC_FETCH_USER' => '?1'
    'HTTP_SEC_FETCH_DEST' => 'document'
    'HTTP_REFERER' => 'http://localhost/'
    'HTTP_ACCEPT_ENCODING' => 'gzip, deflate, br, zstd'
    'HTTP_ACCEPT_LANGUAGE' => 'ru-RU,ru;q=0.9,en-US;q=0.8,en;q=0.7'
    'HTTP_COOKIE' => 'PHPSESSID=lpn1d7fn6u2sf6li06seack84m; _identity=0c7dc0824cf6cbf55382e435d7f4d768f1edd2fa7d9b4fe2c07e79a6a778c1aea%3A2%3A%7Bi%3A0%3Bs%3A9%3A%22_identity%22%3Bi%3A1%3Bs%3A16%3A%22%5B1%2Cnull%2C2592000%5D%22%3B%7D; _csrf=a561d191f71aa699469214e76069cd4450a1decf91668b3668828dcab18ea461a%3A2%3A%7Bi%3A0%3Bs%3A5%3A%22_csrf%22%3Bi%3A1%3Bs%3A32%3A%22WApcP3UZWwqnRGSipj5rXASkJnTt59EO%22%3B%7D'
    'PATH' => '/root/.local/bin:/root/bin:/usr/local/sbin:/usr/local/bin:/usr/sbin:/usr/bin'
    'LD_LIBRARY_PATH' => '/opt/lampp/lib:/opt/lampp/lib'
    'SERVER_SIGNATURE' => ''
    'SERVER_SOFTWARE' => 'Apache/2.4.58 (Unix) OpenSSL/1.1.1w PHP/8.2.12 mod_perl/2.0.12 Perl/v5.34.1'
    'SERVER_NAME' => 'localhost'
    'SERVER_ADDR' => '::1'
    'SERVER_PORT' => '80'
    'REMOTE_ADDR' => '::1'
    'DOCUMENT_ROOT' => '/opt/lampp/htdocs'
    'REQUEST_SCHEME' => 'http'
    'CONTEXT_PREFIX' => ''
    'CONTEXT_DOCUMENT_ROOT' => '/opt/lampp/htdocs'
    'SERVER_ADMIN' => 'you@example.com'
    'SCRIPT_FILENAME' => '/opt/lampp/htdocs/web/index.php'
    'REMOTE_PORT' => '50404'
    'REDIRECT_URL' => '/web/request'
    'GATEWAY_INTERFACE' => 'CGI/1.1'
    'SERVER_PROTOCOL' => 'HTTP/1.1'
    'REQUEST_METHOD' => 'GET'
    'QUERY_STRING' => ''
    'REQUEST_URI' => '/request'
    'SCRIPT_NAME' => '/web/index.php'
    'PHP_SELF' => '/web/index.php'
    'REQUEST_TIME_FLOAT' => 1728990868.0221
    'REQUEST_TIME' => 1728990868
]
2024-10-22 11:16:04 [::1][-][rbi76inerp208q73muhjauqo8o][error][yii\web\HttpException:404] yii\base\InvalidRouteException: Unable to resolve the request "requests/index". in /opt/lampp/htdocs/vendor/yiisoft/yii2/base/Module.php:561
Stack trace:
#0 /opt/lampp/htdocs/vendor/yiisoft/yii2/web/Application.php(103): yii\base\Module->runAction('requests/index', Array)
#1 /opt/lampp/htdocs/vendor/yiisoft/yii2/base/Application.php(384): yii\web\Application->handleRequest(Object(yii\web\Request))
#2 /opt/lampp/htdocs/web/index.php(12): yii\base\Application->run()
#3 {main}

Next yii\web\NotFoundHttpException: Страница не найдена. in /opt/lampp/htdocs/vendor/yiisoft/yii2/web/Application.php:115
Stack trace:
#0 /opt/lampp/htdocs/vendor/yiisoft/yii2/base/Application.php(384): yii\web\Application->handleRequest(Object(yii\web\Request))
#1 /opt/lampp/htdocs/web/index.php(12): yii\base\Application->run()
#2 {main}
2024-10-22 11:16:04 [::1][-][rbi76inerp208q73muhjauqo8o][info][application] $_GET = [
    'page' => '2'
    'per-page' => '2'
]

$_POST = []

$_FILES = []

$_COOKIE = [
    'PHPSESSID' => 'evsph9hnu9c0nnqg2aotkrgh4m'
    '_identity' => '0c8d6a040836a312615d011f046e4ae3c5da93ba1339e5f3506bf45c6654d816a:2:{i:0;s:9:\"_identity\";i:1;s:17:\"[12,null,2592000]\";}'
    '_csrf' => '9b60f4cf4295ce7c7aae3d53663524450f49518a3d988c8965f0da6016cdb505a:2:{i:0;s:5:\"_csrf\";i:1;s:32:\"cJzCYkHLHlk4yiMnQ6Ehi3isABEk3Lm7\";}'
]

$_SESSION = [
    '__flash' => []
    '__authKey' => null
]

$_SERVER = [
    'REDIRECT_REDIRECT_UNIQUE_ID' => 'ZxdtVI1r_sMkjevOq3BO9gAAAAU'
    'REDIRECT_REDIRECT_STATUS' => '200'
    'REDIRECT_UNIQUE_ID' => 'ZxdtVI1r_sMkjevOq3BO9gAAAAU'
    'REDIRECT_STATUS' => '200'
    'UNIQUE_ID' => 'ZxdtVI1r_sMkjevOq3BO9gAAAAU'
    'HTTP_HOST' => 'localhost'
    'HTTP_CONNECTION' => 'keep-alive'
    'HTTP_CACHE_CONTROL' => 'max-age=0'
    'HTTP_SEC_CH_UA' => '\"Chromium\";v=\"127\", \"Not)A;Brand\";v=\"99\"'
    'HTTP_SEC_CH_UA_MOBILE' => '?0'
    'HTTP_SEC_CH_UA_PLATFORM' => '\"Linux\"'
    'HTTP_UPGRADE_INSECURE_REQUESTS' => '1'
    'HTTP_USER_AGENT' => 'Mozilla/5.0 (X11; Linux x86_64; Chromium GOST) AppleWebKit/537.36 (KHTML, like Gecko) Chrome/127.0.0.0 Safari/537.36'
    'HTTP_ACCEPT' => 'text/html,application/xhtml+xml,application/xml;q=0.9,image/avif,image/webp,image/apng,*/*;q=0.8,application/signed-exchange;v=b3;q=0.7'
    'HTTP_SEC_FETCH_SITE' => 'same-origin'
    'HTTP_SEC_FETCH_MODE' => 'navigate'
    'HTTP_SEC_FETCH_USER' => '?1'
    'HTTP_SEC_FETCH_DEST' => 'document'
    'HTTP_REFERER' => 'http://localhost/requests'
    'HTTP_ACCEPT_ENCODING' => 'gzip, deflate, br, zstd'
    'HTTP_ACCEPT_LANGUAGE' => 'ru-RU,ru;q=0.9'
    'HTTP_COOKIE' => 'PHPSESSID=evsph9hnu9c0nnqg2aotkrgh4m; _identity=0c8d6a040836a312615d011f046e4ae3c5da93ba1339e5f3506bf45c6654d816a%3A2%3A%7Bi%3A0%3Bs%3A9%3A%22_identity%22%3Bi%3A1%3Bs%3A17%3A%22%5B12%2Cnull%2C2592000%5D%22%3B%7D; _csrf=9b60f4cf4295ce7c7aae3d53663524450f49518a3d988c8965f0da6016cdb505a%3A2%3A%7Bi%3A0%3Bs%3A5%3A%22_csrf%22%3Bi%3A1%3Bs%3A32%3A%22cJzCYkHLHlk4yiMnQ6Ehi3isABEk3Lm7%22%3B%7D'
    'PATH' => '/root/.local/bin:/root/bin:/usr/local/sbin:/usr/local/bin:/usr/sbin:/usr/bin'
    'LD_LIBRARY_PATH' => '/opt/lampp/lib:/opt/lampp/lib'
    'SERVER_SIGNATURE' => ''
    'SERVER_SOFTWARE' => 'Apache/2.4.58 (Unix) OpenSSL/1.1.1w PHP/8.2.12 mod_perl/2.0.12 Perl/v5.34.1'
    'SERVER_NAME' => 'localhost'
    'SERVER_ADDR' => '::1'
    'SERVER_PORT' => '80'
    'REMOTE_ADDR' => '::1'
    'DOCUMENT_ROOT' => '/opt/lampp/htdocs'
    'REQUEST_SCHEME' => 'http'
    'CONTEXT_PREFIX' => ''
    'CONTEXT_DOCUMENT_ROOT' => '/opt/lampp/htdocs'
    'SERVER_ADMIN' => 'you@example.com'
    'SCRIPT_FILENAME' => '/opt/lampp/htdocs/web/index.php'
    'REMOTE_PORT' => '34234'
    'REDIRECT_URL' => '/web/requests/index'
    'REDIRECT_QUERY_STRING' => 'page=2&per-page=2'
    'GATEWAY_INTERFACE' => 'CGI/1.1'
    'SERVER_PROTOCOL' => 'HTTP/1.1'
    'REQUEST_METHOD' => 'GET'
    'QUERY_STRING' => 'page=2&per-page=2'
    'REQUEST_URI' => '/requests/index?page=2&per-page=2'
    'SCRIPT_NAME' => '/web/index.php'
    'PHP_SELF' => '/web/index.php'
    'REQUEST_TIME_FLOAT' => 1729588564.6365
    'REQUEST_TIME' => 1729588564
]
2024-10-22 12:14:10 [::1][8][ubtjclhdm7ava349ebl2u67r48][error][yii\base\UnknownPropertyException] yii\base\UnknownPropertyException: Getting unknown property: yii\web\User::validateAdmin in /opt/lampp/htdocs/vendor/yiisoft/yii2/base/Component.php:154
Stack trace:
#0 /opt/lampp/htdocs/views/layouts/main.php(45): yii\base\Component->__get('validateAdmin')
#1 /opt/lampp/htdocs/vendor/yiisoft/yii2/base/View.php(348): require('/opt/lampp/htdo...')
#2 /opt/lampp/htdocs/vendor/yiisoft/yii2/base/View.php(258): yii\base\View->renderPhpFile('/opt/lampp/htdo...', Array)
#3 /opt/lampp/htdocs/vendor/yiisoft/yii2/base/Controller.php(422): yii\base\View->renderFile('/opt/lampp/htdo...', Array, Object(app\controllers\AdminController))
#4 /opt/lampp/htdocs/vendor/yiisoft/yii2/base/Controller.php(408): yii\base\Controller->renderContent('<h1>admin/index...')
#5 /opt/lampp/htdocs/controllers/AdminController.php(9): yii\base\Controller->render('index')
#6 [internal function]: app\controllers\AdminController->actionIndex()
#7 /opt/lampp/htdocs/vendor/yiisoft/yii2/base/InlineAction.php(57): call_user_func_array(Array, Array)
#8 /opt/lampp/htdocs/vendor/yiisoft/yii2/base/Controller.php(178): yii\base\InlineAction->runWithParams(Array)
#9 /opt/lampp/htdocs/vendor/yiisoft/yii2/base/Module.php(552): yii\base\Controller->runAction('', Array)
#10 /opt/lampp/htdocs/vendor/yiisoft/yii2/web/Application.php(103): yii\base\Module->runAction('admin', Array)
#11 /opt/lampp/htdocs/vendor/yiisoft/yii2/base/Application.php(384): yii\web\Application->handleRequest(Object(yii\web\Request))
#12 /opt/lampp/htdocs/web/index.php(12): yii\base\Application->run()
#13 {main}
2024-10-22 12:14:10 [::1][8][ubtjclhdm7ava349ebl2u67r48][info][application] $_GET = []

$_POST = []

$_FILES = []

$_COOKIE = [
    'PHPSESSID' => 'ubtjclhdm7ava349ebl2u67r48'
    '_identity' => '3c368898812ae785f8c005e59018109711d625ba6893bcb49cb012b66c820d45a:2:{i:0;s:9:\"_identity\";i:1;s:16:\"[8,null,2592000]\";}'
    '_csrf' => '21d8a4cf15987ce08f6b25e1d0d696ae452390ebdf0a24806caf100b8b717ffba:2:{i:0;s:5:\"_csrf\";i:1;s:32:\"zloxBV-r5dXe0MZNzuM4UmG-WmEO0JbJ\";}'
]

$_SESSION = [
    '__flash' => [
        'sucsess' => -1
        'sucсess' => -1
    ]
    'sucsess' => 'Ты молодец'
    'sucсess' => 'Ты молодец'
    '__captcha/site/captcha' => 'nabeben'
    '__captcha/site/captchacount' => 1
    '__id' => 8
    '__authKey' => null
]

$_SERVER = [
    'REDIRECT_REDIRECT_UNIQUE_ID' => 'Zxd68lgMTb4vzZ07Vl6IRAAAAAA'
    'REDIRECT_REDIRECT_STATUS' => '200'
    'REDIRECT_UNIQUE_ID' => 'Zxd68lgMTb4vzZ07Vl6IRAAAAAA'
    'REDIRECT_STATUS' => '200'
    'UNIQUE_ID' => 'Zxd68lgMTb4vzZ07Vl6IRAAAAAA'
    'HTTP_HOST' => 'localhost'
    'HTTP_CONNECTION' => 'keep-alive'
    'HTTP_CACHE_CONTROL' => 'max-age=0'
    'HTTP_SEC_CH_UA' => '\"Chromium\";v=\"127\", \"Not)A;Brand\";v=\"99\"'
    'HTTP_SEC_CH_UA_MOBILE' => '?0'
    'HTTP_SEC_CH_UA_PLATFORM' => '\"Linux\"'
    'HTTP_UPGRADE_INSECURE_REQUESTS' => '1'
    'HTTP_USER_AGENT' => 'Mozilla/5.0 (X11; Linux x86_64; Chromium GOST) AppleWebKit/537.36 (KHTML, like Gecko) Chrome/127.0.0.0 Safari/537.36'
    'HTTP_ACCEPT' => 'text/html,application/xhtml+xml,application/xml;q=0.9,image/avif,image/webp,image/apng,*/*;q=0.8,application/signed-exchange;v=b3;q=0.7'
    'HTTP_SEC_FETCH_SITE' => 'none'
    'HTTP_SEC_FETCH_MODE' => 'navigate'
    'HTTP_SEC_FETCH_USER' => '?1'
    'HTTP_SEC_FETCH_DEST' => 'document'
    'HTTP_ACCEPT_ENCODING' => 'gzip, deflate, br, zstd'
    'HTTP_ACCEPT_LANGUAGE' => 'ru-RU,ru;q=0.9'
    'HTTP_COOKIE' => 'PHPSESSID=ubtjclhdm7ava349ebl2u67r48; _identity=3c368898812ae785f8c005e59018109711d625ba6893bcb49cb012b66c820d45a%3A2%3A%7Bi%3A0%3Bs%3A9%3A%22_identity%22%3Bi%3A1%3Bs%3A16%3A%22%5B8%2Cnull%2C2592000%5D%22%3B%7D; _csrf=21d8a4cf15987ce08f6b25e1d0d696ae452390ebdf0a24806caf100b8b717ffba%3A2%3A%7Bi%3A0%3Bs%3A5%3A%22_csrf%22%3Bi%3A1%3Bs%3A32%3A%22zloxBV-r5dXe0MZNzuM4UmG-WmEO0JbJ%22%3B%7D'
    'PATH' => '/root/.local/bin:/root/bin:/usr/local/sbin:/usr/local/bin:/usr/sbin:/usr/bin'
    'LD_LIBRARY_PATH' => '/opt/lampp/lib:/opt/lampp/lib'
    'SERVER_SIGNATURE' => ''
    'SERVER_SOFTWARE' => 'Apache/2.4.58 (Unix) OpenSSL/1.1.1w PHP/8.2.12 mod_perl/2.0.12 Perl/v5.34.1'
    'SERVER_NAME' => 'localhost'
    'SERVER_ADDR' => '::1'
    'SERVER_PORT' => '80'
    'REMOTE_ADDR' => '::1'
    'DOCUMENT_ROOT' => '/opt/lampp/htdocs'
    'REQUEST_SCHEME' => 'http'
    'CONTEXT_PREFIX' => ''
    'CONTEXT_DOCUMENT_ROOT' => '/opt/lampp/htdocs'
    'SERVER_ADMIN' => 'you@example.com'
    'SCRIPT_FILENAME' => '/opt/lampp/htdocs/web/index.php'
    'REMOTE_PORT' => '55638'
    'REDIRECT_URL' => '/web/admin'
    'GATEWAY_INTERFACE' => 'CGI/1.1'
    'SERVER_PROTOCOL' => 'HTTP/1.1'
    'REQUEST_METHOD' => 'GET'
    'QUERY_STRING' => ''
    'REQUEST_URI' => '/admin'
    'SCRIPT_NAME' => '/web/index.php'
    'PHP_SELF' => '/web/index.php'
    'REQUEST_TIME_FLOAT' => 1729592050.7877
    'REQUEST_TIME' => 1729592050
]
2024-10-22 12:15:29 [::1][8][ubtjclhdm7ava349ebl2u67r48][error][yii\base\UnknownPropertyException] yii\base\UnknownPropertyException: Getting unknown property: yii\web\Application::identity in /opt/lampp/htdocs/vendor/yiisoft/yii2/base/Component.php:154
Stack trace:
#0 /opt/lampp/htdocs/vendor/yiisoft/yii2/di/ServiceLocator.php(77): yii\base\Component->__get('identity')
#1 /opt/lampp/htdocs/views/layouts/main.php(45): yii\di\ServiceLocator->__get('identity')
#2 /opt/lampp/htdocs/vendor/yiisoft/yii2/base/View.php(348): require('/opt/lampp/htdo...')
#3 /opt/lampp/htdocs/vendor/yiisoft/yii2/base/View.php(258): yii\base\View->renderPhpFile('/opt/lampp/htdo...', Array)
#4 /opt/lampp/htdocs/vendor/yiisoft/yii2/base/Controller.php(422): yii\base\View->renderFile('/opt/lampp/htdo...', Array, Object(app\controllers\AdminController))
#5 /opt/lampp/htdocs/vendor/yiisoft/yii2/base/Controller.php(408): yii\base\Controller->renderContent('<h1>admin/index...')
#6 /opt/lampp/htdocs/controllers/AdminController.php(9): yii\base\Controller->render('index')
#7 [internal function]: app\controllers\AdminController->actionIndex()
#8 /opt/lampp/htdocs/vendor/yiisoft/yii2/base/InlineAction.php(57): call_user_func_array(Array, Array)
#9 /opt/lampp/htdocs/vendor/yiisoft/yii2/base/Controller.php(178): yii\base\InlineAction->runWithParams(Array)
#10 /opt/lampp/htdocs/vendor/yiisoft/yii2/base/Module.php(552): yii\base\Controller->runAction('', Array)
#11 /opt/lampp/htdocs/vendor/yiisoft/yii2/web/Application.php(103): yii\base\Module->runAction('admin', Array)
#12 /opt/lampp/htdocs/vendor/yiisoft/yii2/base/Application.php(384): yii\web\Application->handleRequest(Object(yii\web\Request))
#13 /opt/lampp/htdocs/web/index.php(12): yii\base\Application->run()
#14 {main}
2024-10-22 12:15:29 [::1][8][ubtjclhdm7ava349ebl2u67r48][info][application] $_GET = []

$_POST = []

$_FILES = []

$_COOKIE = [
    'PHPSESSID' => 'ubtjclhdm7ava349ebl2u67r48'
    '_identity' => '3c368898812ae785f8c005e59018109711d625ba6893bcb49cb012b66c820d45a:2:{i:0;s:9:\"_identity\";i:1;s:16:\"[8,null,2592000]\";}'
    '_csrf' => '21d8a4cf15987ce08f6b25e1d0d696ae452390ebdf0a24806caf100b8b717ffba:2:{i:0;s:5:\"_csrf\";i:1;s:32:\"zloxBV-r5dXe0MZNzuM4UmG-WmEO0JbJ\";}'
]

$_SESSION = [
    '__flash' => [
        'sucsess' => -1
        'sucсess' => -1
    ]
    'sucsess' => 'Ты молодец'
    'sucсess' => 'Ты молодец'
    '__captcha/site/captcha' => 'nabeben'
    '__captcha/site/captchacount' => 1
    '__id' => 8
    '__authKey' => null
]

$_SERVER = [
    'REDIRECT_REDIRECT_UNIQUE_ID' => 'Zxd7QY1r_sMkjevOq3BO_gAAAAU'
    'REDIRECT_REDIRECT_STATUS' => '200'
    'REDIRECT_UNIQUE_ID' => 'Zxd7QY1r_sMkjevOq3BO_gAAAAU'
    'REDIRECT_STATUS' => '200'
    'UNIQUE_ID' => 'Zxd7QY1r_sMkjevOq3BO_gAAAAU'
    'HTTP_HOST' => 'localhost'
    'HTTP_CONNECTION' => 'keep-alive'
    'HTTP_CACHE_CONTROL' => 'max-age=0'
    'HTTP_SEC_CH_UA' => '\"Chromium\";v=\"127\", \"Not)A;Brand\";v=\"99\"'
    'HTTP_SEC_CH_UA_MOBILE' => '?0'
    'HTTP_SEC_CH_UA_PLATFORM' => '\"Linux\"'
    'HTTP_UPGRADE_INSECURE_REQUESTS' => '1'
    'HTTP_USER_AGENT' => 'Mozilla/5.0 (X11; Linux x86_64; Chromium GOST) AppleWebKit/537.36 (KHTML, like Gecko) Chrome/127.0.0.0 Safari/537.36'
    'HTTP_ACCEPT' => 'text/html,application/xhtml+xml,application/xml;q=0.9,image/avif,image/webp,image/apng,*/*;q=0.8,application/signed-exchange;v=b3;q=0.7'
    'HTTP_SEC_FETCH_SITE' => 'none'
    'HTTP_SEC_FETCH_MODE' => 'navigate'
    'HTTP_SEC_FETCH_USER' => '?1'
    'HTTP_SEC_FETCH_DEST' => 'document'
    'HTTP_ACCEPT_ENCODING' => 'gzip, deflate, br, zstd'
    'HTTP_ACCEPT_LANGUAGE' => 'ru-RU,ru;q=0.9'
    'HTTP_COOKIE' => 'PHPSESSID=ubtjclhdm7ava349ebl2u67r48; _identity=3c368898812ae785f8c005e59018109711d625ba6893bcb49cb012b66c820d45a%3A2%3A%7Bi%3A0%3Bs%3A9%3A%22_identity%22%3Bi%3A1%3Bs%3A16%3A%22%5B8%2Cnull%2C2592000%5D%22%3B%7D; _csrf=21d8a4cf15987ce08f6b25e1d0d696ae452390ebdf0a24806caf100b8b717ffba%3A2%3A%7Bi%3A0%3Bs%3A5%3A%22_csrf%22%3Bi%3A1%3Bs%3A32%3A%22zloxBV-r5dXe0MZNzuM4UmG-WmEO0JbJ%22%3B%7D'
    'PATH' => '/root/.local/bin:/root/bin:/usr/local/sbin:/usr/local/bin:/usr/sbin:/usr/bin'
    'LD_LIBRARY_PATH' => '/opt/lampp/lib:/opt/lampp/lib'
    'SERVER_SIGNATURE' => ''
    'SERVER_SOFTWARE' => 'Apache/2.4.58 (Unix) OpenSSL/1.1.1w PHP/8.2.12 mod_perl/2.0.12 Perl/v5.34.1'
    'SERVER_NAME' => 'localhost'
    'SERVER_ADDR' => '::1'
    'SERVER_PORT' => '80'
    'REMOTE_ADDR' => '::1'
    'DOCUMENT_ROOT' => '/opt/lampp/htdocs'
    'REQUEST_SCHEME' => 'http'
    'CONTEXT_PREFIX' => ''
    'CONTEXT_DOCUMENT_ROOT' => '/opt/lampp/htdocs'
    'SERVER_ADMIN' => 'you@example.com'
    'SCRIPT_FILENAME' => '/opt/lampp/htdocs/web/index.php'
    'REMOTE_PORT' => '46376'
    'REDIRECT_URL' => '/web/admin'
    'GATEWAY_INTERFACE' => 'CGI/1.1'
    'SERVER_PROTOCOL' => 'HTTP/1.1'
    'REQUEST_METHOD' => 'GET'
    'QUERY_STRING' => ''
    'REQUEST_URI' => '/admin'
    'SCRIPT_NAME' => '/web/index.php'
    'PHP_SELF' => '/web/index.php'
    'REQUEST_TIME_FLOAT' => 1729592129.7569
    'REQUEST_TIME' => 1729592129
]
2024-10-22 12:15:33 [::1][8][ubtjclhdm7ava349ebl2u67r48][error][yii\base\UnknownPropertyException] yii\base\UnknownPropertyException: Getting unknown property: yii\web\Application::identity in /opt/lampp/htdocs/vendor/yiisoft/yii2/base/Component.php:154
Stack trace:
#0 /opt/lampp/htdocs/vendor/yiisoft/yii2/di/ServiceLocator.php(77): yii\base\Component->__get('identity')
#1 /opt/lampp/htdocs/views/layouts/main.php(45): yii\di\ServiceLocator->__get('identity')
#2 /opt/lampp/htdocs/vendor/yiisoft/yii2/base/View.php(348): require('/opt/lampp/htdo...')
#3 /opt/lampp/htdocs/vendor/yiisoft/yii2/base/View.php(258): yii\base\View->renderPhpFile('/opt/lampp/htdo...', Array)
#4 /opt/lampp/htdocs/vendor/yiisoft/yii2/base/Controller.php(422): yii\base\View->renderFile('/opt/lampp/htdo...', Array, Object(app\controllers\SiteController))
#5 /opt/lampp/htdocs/vendor/yiisoft/yii2/base/Controller.php(408): yii\base\Controller->renderContent('<div class="sit...')
#6 /opt/lampp/htdocs/controllers/SiteController.php(64): yii\base\Controller->render('index')
#7 [internal function]: app\controllers\SiteController->actionIndex()
#8 /opt/lampp/htdocs/vendor/yiisoft/yii2/base/InlineAction.php(57): call_user_func_array(Array, Array)
#9 /opt/lampp/htdocs/vendor/yiisoft/yii2/base/Controller.php(178): yii\base\InlineAction->runWithParams(Array)
#10 /opt/lampp/htdocs/vendor/yiisoft/yii2/base/Module.php(552): yii\base\Controller->runAction('', Array)
#11 /opt/lampp/htdocs/vendor/yiisoft/yii2/web/Application.php(103): yii\base\Module->runAction('', Array)
#12 /opt/lampp/htdocs/vendor/yiisoft/yii2/base/Application.php(384): yii\web\Application->handleRequest(Object(yii\web\Request))
#13 /opt/lampp/htdocs/web/index.php(12): yii\base\Application->run()
#14 {main}
2024-10-22 12:15:33 [::1][8][ubtjclhdm7ava349ebl2u67r48][info][application] $_GET = []

$_POST = []

$_FILES = []

$_COOKIE = [
    'PHPSESSID' => 'ubtjclhdm7ava349ebl2u67r48'
    '_identity' => '3c368898812ae785f8c005e59018109711d625ba6893bcb49cb012b66c820d45a:2:{i:0;s:9:\"_identity\";i:1;s:16:\"[8,null,2592000]\";}'
    '_csrf' => '21d8a4cf15987ce08f6b25e1d0d696ae452390ebdf0a24806caf100b8b717ffba:2:{i:0;s:5:\"_csrf\";i:1;s:32:\"zloxBV-r5dXe0MZNzuM4UmG-WmEO0JbJ\";}'
]

$_SESSION = [
    '__flash' => [
        'sucsess' => -1
        'sucсess' => -1
    ]
    'sucsess' => 'Ты молодец'
    'sucсess' => 'Ты молодец'
    '__captcha/site/captcha' => 'nabeben'
    '__captcha/site/captchacount' => 1
    '__id' => 8
    '__authKey' => null
]

$_SERVER = [
    'REDIRECT_UNIQUE_ID' => 'Zxd7RWgs0ylGETYYUyf5BQAAAAQ'
    'REDIRECT_STATUS' => '200'
    'UNIQUE_ID' => 'Zxd7RWgs0ylGETYYUyf5BQAAAAQ'
    'HTTP_HOST' => 'localhost'
    'HTTP_CONNECTION' => 'keep-alive'
    'HTTP_SEC_CH_UA' => '\"Chromium\";v=\"127\", \"Not)A;Brand\";v=\"99\"'
    'HTTP_SEC_CH_UA_MOBILE' => '?0'
    'HTTP_SEC_CH_UA_PLATFORM' => '\"Linux\"'
    'HTTP_UPGRADE_INSECURE_REQUESTS' => '1'
    'HTTP_USER_AGENT' => 'Mozilla/5.0 (X11; Linux x86_64; Chromium GOST) AppleWebKit/537.36 (KHTML, like Gecko) Chrome/127.0.0.0 Safari/537.36'
    'HTTP_SEC_PURPOSE' => 'prefetch;prerender'
    'HTTP_PURPOSE' => 'prefetch'
    'HTTP_ACCEPT' => 'text/html,application/xhtml+xml,application/xml;q=0.9,image/avif,image/webp,image/apng,*/*;q=0.8,application/signed-exchange;v=b3;q=0.7'
    'HTTP_SEC_FETCH_SITE' => 'none'
    'HTTP_SEC_FETCH_MODE' => 'navigate'
    'HTTP_SEC_FETCH_USER' => '?1'
    'HTTP_SEC_FETCH_DEST' => 'document'
    'HTTP_ACCEPT_ENCODING' => 'gzip, deflate, br, zstd'
    'HTTP_ACCEPT_LANGUAGE' => 'ru-RU,ru;q=0.9'
    'HTTP_COOKIE' => 'PHPSESSID=ubtjclhdm7ava349ebl2u67r48; _identity=3c368898812ae785f8c005e59018109711d625ba6893bcb49cb012b66c820d45a%3A2%3A%7Bi%3A0%3Bs%3A9%3A%22_identity%22%3Bi%3A1%3Bs%3A16%3A%22%5B8%2Cnull%2C2592000%5D%22%3B%7D; _csrf=21d8a4cf15987ce08f6b25e1d0d696ae452390ebdf0a24806caf100b8b717ffba%3A2%3A%7Bi%3A0%3Bs%3A5%3A%22_csrf%22%3Bi%3A1%3Bs%3A32%3A%22zloxBV-r5dXe0MZNzuM4UmG-WmEO0JbJ%22%3B%7D'
    'PATH' => '/root/.local/bin:/root/bin:/usr/local/sbin:/usr/local/bin:/usr/sbin:/usr/bin'
    'LD_LIBRARY_PATH' => '/opt/lampp/lib:/opt/lampp/lib'
    'SERVER_SIGNATURE' => ''
    'SERVER_SOFTWARE' => 'Apache/2.4.58 (Unix) OpenSSL/1.1.1w PHP/8.2.12 mod_perl/2.0.12 Perl/v5.34.1'
    'SERVER_NAME' => 'localhost'
    'SERVER_ADDR' => '::1'
    'SERVER_PORT' => '80'
    'REMOTE_ADDR' => '::1'
    'DOCUMENT_ROOT' => '/opt/lampp/htdocs'
    'REQUEST_SCHEME' => 'http'
    'CONTEXT_PREFIX' => ''
    'CONTEXT_DOCUMENT_ROOT' => '/opt/lampp/htdocs'
    'SERVER_ADMIN' => 'you@example.com'
    'SCRIPT_FILENAME' => '/opt/lampp/htdocs/web/index.php'
    'REMOTE_PORT' => '46390'
    'REDIRECT_URL' => '/'
    'GATEWAY_INTERFACE' => 'CGI/1.1'
    'SERVER_PROTOCOL' => 'HTTP/1.1'
    'REQUEST_METHOD' => 'GET'
    'QUERY_STRING' => ''
    'REQUEST_URI' => '/'
    'SCRIPT_NAME' => '/web/index.php'
    'PHP_SELF' => '/web/index.php'
    'REQUEST_TIME_FLOAT' => 1729592133.7436
    'REQUEST_TIME' => 1729592133
]
2024-10-22 12:15:34 [::1][8][ubtjclhdm7ava349ebl2u67r48][error][yii\base\UnknownPropertyException] yii\base\UnknownPropertyException: Getting unknown property: yii\web\Application::identity in /opt/lampp/htdocs/vendor/yiisoft/yii2/base/Component.php:154
Stack trace:
#0 /opt/lampp/htdocs/vendor/yiisoft/yii2/di/ServiceLocator.php(77): yii\base\Component->__get('identity')
#1 /opt/lampp/htdocs/views/layouts/main.php(45): yii\di\ServiceLocator->__get('identity')
#2 /opt/lampp/htdocs/vendor/yiisoft/yii2/base/View.php(348): require('/opt/lampp/htdo...')
#3 /opt/lampp/htdocs/vendor/yiisoft/yii2/base/View.php(258): yii\base\View->renderPhpFile('/opt/lampp/htdo...', Array)
#4 /opt/lampp/htdocs/vendor/yiisoft/yii2/base/Controller.php(422): yii\base\View->renderFile('/opt/lampp/htdo...', Array, Object(app\controllers\SiteController))
#5 /opt/lampp/htdocs/vendor/yiisoft/yii2/base/Controller.php(408): yii\base\Controller->renderContent('<div class="sit...')
#6 /opt/lampp/htdocs/controllers/SiteController.php(64): yii\base\Controller->render('index')
#7 [internal function]: app\controllers\SiteController->actionIndex()
#8 /opt/lampp/htdocs/vendor/yiisoft/yii2/base/InlineAction.php(57): call_user_func_array(Array, Array)
#9 /opt/lampp/htdocs/vendor/yiisoft/yii2/base/Controller.php(178): yii\base\InlineAction->runWithParams(Array)
#10 /opt/lampp/htdocs/vendor/yiisoft/yii2/base/Module.php(552): yii\base\Controller->runAction('', Array)
#11 /opt/lampp/htdocs/vendor/yiisoft/yii2/web/Application.php(103): yii\base\Module->runAction('', Array)
#12 /opt/lampp/htdocs/vendor/yiisoft/yii2/base/Application.php(384): yii\web\Application->handleRequest(Object(yii\web\Request))
#13 /opt/lampp/htdocs/web/index.php(12): yii\base\Application->run()
#14 {main}
2024-10-22 12:15:34 [::1][8][ubtjclhdm7ava349ebl2u67r48][info][application] $_GET = []

$_POST = []

$_FILES = []

$_COOKIE = [
    'PHPSESSID' => 'ubtjclhdm7ava349ebl2u67r48'
    '_identity' => '3c368898812ae785f8c005e59018109711d625ba6893bcb49cb012b66c820d45a:2:{i:0;s:9:\"_identity\";i:1;s:16:\"[8,null,2592000]\";}'
    '_csrf' => '21d8a4cf15987ce08f6b25e1d0d696ae452390ebdf0a24806caf100b8b717ffba:2:{i:0;s:5:\"_csrf\";i:1;s:32:\"zloxBV-r5dXe0MZNzuM4UmG-WmEO0JbJ\";}'
]

$_SESSION = [
    '__flash' => [
        'sucsess' => -1
        'sucсess' => -1
    ]
    'sucsess' => 'Ты молодец'
    'sucсess' => 'Ты молодец'
    '__captcha/site/captcha' => 'nabeben'
    '__captcha/site/captchacount' => 1
    '__id' => 8
    '__authKey' => null
]

$_SERVER = [
    'REDIRECT_UNIQUE_ID' => 'Zxd7RuQ3Q8pcj4Kl4zGOsAAAAAY'
    'REDIRECT_STATUS' => '200'
    'UNIQUE_ID' => 'Zxd7RuQ3Q8pcj4Kl4zGOsAAAAAY'
    'HTTP_HOST' => 'localhost'
    'HTTP_CONNECTION' => 'keep-alive'
    'HTTP_SEC_CH_UA' => '\"Chromium\";v=\"127\", \"Not)A;Brand\";v=\"99\"'
    'HTTP_SEC_CH_UA_MOBILE' => '?0'
    'HTTP_SEC_CH_UA_PLATFORM' => '\"Linux\"'
    'HTTP_UPGRADE_INSECURE_REQUESTS' => '1'
    'HTTP_USER_AGENT' => 'Mozilla/5.0 (X11; Linux x86_64; Chromium GOST) AppleWebKit/537.36 (KHTML, like Gecko) Chrome/127.0.0.0 Safari/537.36'
    'HTTP_ACCEPT' => 'text/html,application/xhtml+xml,application/xml;q=0.9,image/avif,image/webp,image/apng,*/*;q=0.8,application/signed-exchange;v=b3;q=0.7'
    'HTTP_SEC_FETCH_SITE' => 'none'
    'HTTP_SEC_FETCH_MODE' => 'navigate'
    'HTTP_SEC_FETCH_USER' => '?1'
    'HTTP_SEC_FETCH_DEST' => 'document'
    'HTTP_ACCEPT_ENCODING' => 'gzip, deflate, br, zstd'
    'HTTP_ACCEPT_LANGUAGE' => 'ru-RU,ru;q=0.9'
    'HTTP_COOKIE' => 'PHPSESSID=ubtjclhdm7ava349ebl2u67r48; _identity=3c368898812ae785f8c005e59018109711d625ba6893bcb49cb012b66c820d45a%3A2%3A%7Bi%3A0%3Bs%3A9%3A%22_identity%22%3Bi%3A1%3Bs%3A16%3A%22%5B8%2Cnull%2C2592000%5D%22%3B%7D; _csrf=21d8a4cf15987ce08f6b25e1d0d696ae452390ebdf0a24806caf100b8b717ffba%3A2%3A%7Bi%3A0%3Bs%3A5%3A%22_csrf%22%3Bi%3A1%3Bs%3A32%3A%22zloxBV-r5dXe0MZNzuM4UmG-WmEO0JbJ%22%3B%7D'
    'PATH' => '/root/.local/bin:/root/bin:/usr/local/sbin:/usr/local/bin:/usr/sbin:/usr/bin'
    'LD_LIBRARY_PATH' => '/opt/lampp/lib:/opt/lampp/lib'
    'SERVER_SIGNATURE' => ''
    'SERVER_SOFTWARE' => 'Apache/2.4.58 (Unix) OpenSSL/1.1.1w PHP/8.2.12 mod_perl/2.0.12 Perl/v5.34.1'
    'SERVER_NAME' => 'localhost'
    'SERVER_ADDR' => '::1'
    'SERVER_PORT' => '80'
    'REMOTE_ADDR' => '::1'
    'DOCUMENT_ROOT' => '/opt/lampp/htdocs'
    'REQUEST_SCHEME' => 'http'
    'CONTEXT_PREFIX' => ''
    'CONTEXT_DOCUMENT_ROOT' => '/opt/lampp/htdocs'
    'SERVER_ADMIN' => 'you@example.com'
    'SCRIPT_FILENAME' => '/opt/lampp/htdocs/web/index.php'
    'REMOTE_PORT' => '46402'
    'REDIRECT_URL' => '/'
    'GATEWAY_INTERFACE' => 'CGI/1.1'
    'SERVER_PROTOCOL' => 'HTTP/1.1'
    'REQUEST_METHOD' => 'GET'
    'QUERY_STRING' => ''
    'REQUEST_URI' => '/'
    'SCRIPT_NAME' => '/web/index.php'
    'PHP_SELF' => '/web/index.php'
    'REQUEST_TIME_FLOAT' => 1729592134.2935
    'REQUEST_TIME' => 1729592134
]
2024-10-22 12:16:14 [::1][8][ubtjclhdm7ava349ebl2u67r48][error][yii\base\UnknownPropertyException] yii\base\UnknownPropertyException: Getting unknown property: app\models\User::code in /opt/lampp/htdocs/vendor/yiisoft/yii2/base/Component.php:154
Stack trace:
#0 /opt/lampp/htdocs/vendor/yiisoft/yii2/db/BaseActiveRecord.php(296): yii\base\Component->__get('code')
#1 /opt/lampp/htdocs/models/User.php(160): yii\db\BaseActiveRecord->__get('code')
#2 /opt/lampp/htdocs/views/layouts/main.php(45): app\models\User->validateAdmin()
#3 /opt/lampp/htdocs/vendor/yiisoft/yii2/base/View.php(348): require('/opt/lampp/htdo...')
#4 /opt/lampp/htdocs/vendor/yiisoft/yii2/base/View.php(258): yii\base\View->renderPhpFile('/opt/lampp/htdo...', Array)
#5 /opt/lampp/htdocs/vendor/yiisoft/yii2/base/Controller.php(422): yii\base\View->renderFile('/opt/lampp/htdo...', Array, Object(app\controllers\SiteController))
#6 /opt/lampp/htdocs/vendor/yiisoft/yii2/base/Controller.php(408): yii\base\Controller->renderContent('<div class="sit...')
#7 /opt/lampp/htdocs/controllers/SiteController.php(64): yii\base\Controller->render('index')
#8 [internal function]: app\controllers\SiteController->actionIndex()
#9 /opt/lampp/htdocs/vendor/yiisoft/yii2/base/InlineAction.php(57): call_user_func_array(Array, Array)
#10 /opt/lampp/htdocs/vendor/yiisoft/yii2/base/Controller.php(178): yii\base\InlineAction->runWithParams(Array)
#11 /opt/lampp/htdocs/vendor/yiisoft/yii2/base/Module.php(552): yii\base\Controller->runAction('', Array)
#12 /opt/lampp/htdocs/vendor/yiisoft/yii2/web/Application.php(103): yii\base\Module->runAction('', Array)
#13 /opt/lampp/htdocs/vendor/yiisoft/yii2/base/Application.php(384): yii\web\Application->handleRequest(Object(yii\web\Request))
#14 /opt/lampp/htdocs/web/index.php(12): yii\base\Application->run()
#15 {main}
2024-10-22 12:16:14 [::1][8][ubtjclhdm7ava349ebl2u67r48][info][application] $_GET = []

$_POST = []

$_FILES = []

$_COOKIE = [
    'PHPSESSID' => 'ubtjclhdm7ava349ebl2u67r48'
    '_identity' => '3c368898812ae785f8c005e59018109711d625ba6893bcb49cb012b66c820d45a:2:{i:0;s:9:\"_identity\";i:1;s:16:\"[8,null,2592000]\";}'
    '_csrf' => '21d8a4cf15987ce08f6b25e1d0d696ae452390ebdf0a24806caf100b8b717ffba:2:{i:0;s:5:\"_csrf\";i:1;s:32:\"zloxBV-r5dXe0MZNzuM4UmG-WmEO0JbJ\";}'
]

$_SESSION = [
    '__flash' => [
        'sucsess' => -1
        'sucсess' => -1
    ]
    'sucsess' => 'Ты молодец'
    'sucсess' => 'Ты молодец'
    '__captcha/site/captcha' => 'nabeben'
    '__captcha/site/captchacount' => 1
    '__id' => 8
    '__authKey' => null
]

$_SERVER = [
    'REDIRECT_UNIQUE_ID' => 'Zxd7bnMtlDrp4nYn7tfg2AAAAAI'
    'REDIRECT_STATUS' => '200'
    'UNIQUE_ID' => 'Zxd7bnMtlDrp4nYn7tfg2AAAAAI'
    'HTTP_HOST' => 'localhost'
    'HTTP_CONNECTION' => 'keep-alive'
    'HTTP_CACHE_CONTROL' => 'max-age=0'
    'HTTP_SEC_CH_UA' => '\"Chromium\";v=\"127\", \"Not)A;Brand\";v=\"99\"'
    'HTTP_SEC_CH_UA_MOBILE' => '?0'
    'HTTP_SEC_CH_UA_PLATFORM' => '\"Linux\"'
    'HTTP_UPGRADE_INSECURE_REQUESTS' => '1'
    'HTTP_USER_AGENT' => 'Mozilla/5.0 (X11; Linux x86_64; Chromium GOST) AppleWebKit/537.36 (KHTML, like Gecko) Chrome/127.0.0.0 Safari/537.36'
    'HTTP_ACCEPT' => 'text/html,application/xhtml+xml,application/xml;q=0.9,image/avif,image/webp,image/apng,*/*;q=0.8,application/signed-exchange;v=b3;q=0.7'
    'HTTP_SEC_FETCH_SITE' => 'none'
    'HTTP_SEC_FETCH_MODE' => 'navigate'
    'HTTP_SEC_FETCH_USER' => '?1'
    'HTTP_SEC_FETCH_DEST' => 'document'
    'HTTP_ACCEPT_ENCODING' => 'gzip, deflate, br, zstd'
    'HTTP_ACCEPT_LANGUAGE' => 'ru-RU,ru;q=0.9'
    'HTTP_COOKIE' => 'PHPSESSID=ubtjclhdm7ava349ebl2u67r48; _identity=3c368898812ae785f8c005e59018109711d625ba6893bcb49cb012b66c820d45a%3A2%3A%7Bi%3A0%3Bs%3A9%3A%22_identity%22%3Bi%3A1%3Bs%3A16%3A%22%5B8%2Cnull%2C2592000%5D%22%3B%7D; _csrf=21d8a4cf15987ce08f6b25e1d0d696ae452390ebdf0a24806caf100b8b717ffba%3A2%3A%7Bi%3A0%3Bs%3A5%3A%22_csrf%22%3Bi%3A1%3Bs%3A32%3A%22zloxBV-r5dXe0MZNzuM4UmG-WmEO0JbJ%22%3B%7D'
    'PATH' => '/root/.local/bin:/root/bin:/usr/local/sbin:/usr/local/bin:/usr/sbin:/usr/bin'
    'LD_LIBRARY_PATH' => '/opt/lampp/lib:/opt/lampp/lib'
    'SERVER_SIGNATURE' => ''
    'SERVER_SOFTWARE' => 'Apache/2.4.58 (Unix) OpenSSL/1.1.1w PHP/8.2.12 mod_perl/2.0.12 Perl/v5.34.1'
    'SERVER_NAME' => 'localhost'
    'SERVER_ADDR' => '::1'
    'SERVER_PORT' => '80'
    'REMOTE_ADDR' => '::1'
    'DOCUMENT_ROOT' => '/opt/lampp/htdocs'
    'REQUEST_SCHEME' => 'http'
    'CONTEXT_PREFIX' => ''
    'CONTEXT_DOCUMENT_ROOT' => '/opt/lampp/htdocs'
    'SERVER_ADMIN' => 'you@example.com'
    'SCRIPT_FILENAME' => '/opt/lampp/htdocs/web/index.php'
    'REMOTE_PORT' => '53622'
    'REDIRECT_URL' => '/'
    'GATEWAY_INTERFACE' => 'CGI/1.1'
    'SERVER_PROTOCOL' => 'HTTP/1.1'
    'REQUEST_METHOD' => 'GET'
    'QUERY_STRING' => ''
    'REQUEST_URI' => '/'
    'SCRIPT_NAME' => '/web/index.php'
    'PHP_SELF' => '/web/index.php'
    'REQUEST_TIME_FLOAT' => 1729592174.1325
    'REQUEST_TIME' => 1729592174
]
2024-10-22 12:16:14 [::1][8][ubtjclhdm7ava349ebl2u67r48][error][yii\base\UnknownPropertyException] yii\base\UnknownPropertyException: Getting unknown property: app\models\User::code in /opt/lampp/htdocs/vendor/yiisoft/yii2/base/Component.php:154
Stack trace:
#0 /opt/lampp/htdocs/vendor/yiisoft/yii2/db/BaseActiveRecord.php(296): yii\base\Component->__get('code')
#1 /opt/lampp/htdocs/models/User.php(160): yii\db\BaseActiveRecord->__get('code')
#2 /opt/lampp/htdocs/views/layouts/main.php(45): app\models\User->validateAdmin()
#3 /opt/lampp/htdocs/vendor/yiisoft/yii2/base/View.php(348): require('/opt/lampp/htdo...')
#4 /opt/lampp/htdocs/vendor/yiisoft/yii2/base/View.php(258): yii\base\View->renderPhpFile('/opt/lampp/htdo...', Array)
#5 /opt/lampp/htdocs/vendor/yiisoft/yii2/base/Controller.php(422): yii\base\View->renderFile('/opt/lampp/htdo...', Array, Object(app\controllers\SiteController))
#6 /opt/lampp/htdocs/vendor/yiisoft/yii2/base/Controller.php(408): yii\base\Controller->renderContent('<div class="sit...')
#7 /opt/lampp/htdocs/controllers/SiteController.php(64): yii\base\Controller->render('index')
#8 [internal function]: app\controllers\SiteController->actionIndex()
#9 /opt/lampp/htdocs/vendor/yiisoft/yii2/base/InlineAction.php(57): call_user_func_array(Array, Array)
#10 /opt/lampp/htdocs/vendor/yiisoft/yii2/base/Controller.php(178): yii\base\InlineAction->runWithParams(Array)
#11 /opt/lampp/htdocs/vendor/yiisoft/yii2/base/Module.php(552): yii\base\Controller->runAction('', Array)
#12 /opt/lampp/htdocs/vendor/yiisoft/yii2/web/Application.php(103): yii\base\Module->runAction('', Array)
#13 /opt/lampp/htdocs/vendor/yiisoft/yii2/base/Application.php(384): yii\web\Application->handleRequest(Object(yii\web\Request))
#14 /opt/lampp/htdocs/web/index.php(12): yii\base\Application->run()
#15 {main}
2024-10-22 12:16:14 [::1][8][ubtjclhdm7ava349ebl2u67r48][info][application] $_GET = []

$_POST = []

$_FILES = []

$_COOKIE = [
    'PHPSESSID' => 'ubtjclhdm7ava349ebl2u67r48'
    '_identity' => '3c368898812ae785f8c005e59018109711d625ba6893bcb49cb012b66c820d45a:2:{i:0;s:9:\"_identity\";i:1;s:16:\"[8,null,2592000]\";}'
    '_csrf' => '21d8a4cf15987ce08f6b25e1d0d696ae452390ebdf0a24806caf100b8b717ffba:2:{i:0;s:5:\"_csrf\";i:1;s:32:\"zloxBV-r5dXe0MZNzuM4UmG-WmEO0JbJ\";}'
]

$_SESSION = [
    '__flash' => [
        'sucsess' => -1
        'sucсess' => -1
    ]
    'sucsess' => 'Ты молодец'
    'sucсess' => 'Ты молодец'
    '__captcha/site/captcha' => 'nabeben'
    '__captcha/site/captchacount' => 1
    '__id' => 8
    '__authKey' => null
]

$_SERVER = [
    'REDIRECT_UNIQUE_ID' => 'Zxd7bp8l8nlNEby2fUeIsgAAAAg'
    'REDIRECT_STATUS' => '200'
    'UNIQUE_ID' => 'Zxd7bp8l8nlNEby2fUeIsgAAAAg'
    'HTTP_HOST' => 'localhost'
    'HTTP_CONNECTION' => 'keep-alive'
    'HTTP_CACHE_CONTROL' => 'max-age=0'
    'HTTP_SEC_CH_UA' => '\"Chromium\";v=\"127\", \"Not)A;Brand\";v=\"99\"'
    'HTTP_SEC_CH_UA_MOBILE' => '?0'
    'HTTP_SEC_CH_UA_PLATFORM' => '\"Linux\"'
    'HTTP_UPGRADE_INSECURE_REQUESTS' => '1'
    'HTTP_USER_AGENT' => 'Mozilla/5.0 (X11; Linux x86_64; Chromium GOST) AppleWebKit/537.36 (KHTML, like Gecko) Chrome/127.0.0.0 Safari/537.36'
    'HTTP_ACCEPT' => 'text/html,application/xhtml+xml,application/xml;q=0.9,image/avif,image/webp,image/apng,*/*;q=0.8,application/signed-exchange;v=b3;q=0.7'
    'HTTP_SEC_FETCH_SITE' => 'none'
    'HTTP_SEC_FETCH_MODE' => 'navigate'
    'HTTP_SEC_FETCH_USER' => '?1'
    'HTTP_SEC_FETCH_DEST' => 'document'
    'HTTP_ACCEPT_ENCODING' => 'gzip, deflate, br, zstd'
    'HTTP_ACCEPT_LANGUAGE' => 'ru-RU,ru;q=0.9'
    'HTTP_COOKIE' => 'PHPSESSID=ubtjclhdm7ava349ebl2u67r48; _identity=3c368898812ae785f8c005e59018109711d625ba6893bcb49cb012b66c820d45a%3A2%3A%7Bi%3A0%3Bs%3A9%3A%22_identity%22%3Bi%3A1%3Bs%3A16%3A%22%5B8%2Cnull%2C2592000%5D%22%3B%7D; _csrf=21d8a4cf15987ce08f6b25e1d0d696ae452390ebdf0a24806caf100b8b717ffba%3A2%3A%7Bi%3A0%3Bs%3A5%3A%22_csrf%22%3Bi%3A1%3Bs%3A32%3A%22zloxBV-r5dXe0MZNzuM4UmG-WmEO0JbJ%22%3B%7D'
    'PATH' => '/root/.local/bin:/root/bin:/usr/local/sbin:/usr/local/bin:/usr/sbin:/usr/bin'
    'LD_LIBRARY_PATH' => '/opt/lampp/lib:/opt/lampp/lib'
    'SERVER_SIGNATURE' => ''
    'SERVER_SOFTWARE' => 'Apache/2.4.58 (Unix) OpenSSL/1.1.1w PHP/8.2.12 mod_perl/2.0.12 Perl/v5.34.1'
    'SERVER_NAME' => 'localhost'
    'SERVER_ADDR' => '::1'
    'SERVER_PORT' => '80'
    'REMOTE_ADDR' => '::1'
    'DOCUMENT_ROOT' => '/opt/lampp/htdocs'
    'REQUEST_SCHEME' => 'http'
    'CONTEXT_PREFIX' => ''
    'CONTEXT_DOCUMENT_ROOT' => '/opt/lampp/htdocs'
    'SERVER_ADMIN' => 'you@example.com'
    'SCRIPT_FILENAME' => '/opt/lampp/htdocs/web/index.php'
    'REMOTE_PORT' => '53632'
    'REDIRECT_URL' => '/'
    'GATEWAY_INTERFACE' => 'CGI/1.1'
    'SERVER_PROTOCOL' => 'HTTP/1.1'
    'REQUEST_METHOD' => 'GET'
    'QUERY_STRING' => ''
    'REQUEST_URI' => '/'
    'SCRIPT_NAME' => '/web/index.php'
    'PHP_SELF' => '/web/index.php'
    'REQUEST_TIME_FLOAT' => 1729592174.7356
    'REQUEST_TIME' => 1729592174
]
2024-10-22 12:18:56 [::1][8][ubtjclhdm7ava349ebl2u67r48][error][yii\base\UnknownPropertyException] yii\base\UnknownPropertyException: Getting unknown property: app\models\User::code in /opt/lampp/htdocs/vendor/yiisoft/yii2/base/Component.php:154
Stack trace:
#0 /opt/lampp/htdocs/vendor/yiisoft/yii2/db/BaseActiveRecord.php(296): yii\base\Component->__get('code')
#1 /opt/lampp/htdocs/models/User.php(160): yii\db\BaseActiveRecord->__get('code')
#2 /opt/lampp/htdocs/views/layouts/main.php(45): app\models\User->validateAdmin()
#3 /opt/lampp/htdocs/vendor/yiisoft/yii2/base/View.php(348): require('/opt/lampp/htdo...')
#4 /opt/lampp/htdocs/vendor/yiisoft/yii2/base/View.php(258): yii\base\View->renderPhpFile('/opt/lampp/htdo...', Array)
#5 /opt/lampp/htdocs/vendor/yiisoft/yii2/base/Controller.php(422): yii\base\View->renderFile('/opt/lampp/htdo...', Array, Object(app\controllers\SiteController))
#6 /opt/lampp/htdocs/vendor/yiisoft/yii2/base/Controller.php(408): yii\base\Controller->renderContent('<div class="sit...')
#7 /opt/lampp/htdocs/controllers/SiteController.php(64): yii\base\Controller->render('index')
#8 [internal function]: app\controllers\SiteController->actionIndex()
#9 /opt/lampp/htdocs/vendor/yiisoft/yii2/base/InlineAction.php(57): call_user_func_array(Array, Array)
#10 /opt/lampp/htdocs/vendor/yiisoft/yii2/base/Controller.php(178): yii\base\InlineAction->runWithParams(Array)
#11 /opt/lampp/htdocs/vendor/yiisoft/yii2/base/Module.php(552): yii\base\Controller->runAction('', Array)
#12 /opt/lampp/htdocs/vendor/yiisoft/yii2/web/Application.php(103): yii\base\Module->runAction('', Array)
#13 /opt/lampp/htdocs/vendor/yiisoft/yii2/base/Application.php(384): yii\web\Application->handleRequest(Object(yii\web\Request))
#14 /opt/lampp/htdocs/web/index.php(12): yii\base\Application->run()
#15 {main}
2024-10-22 12:18:56 [::1][8][ubtjclhdm7ava349ebl2u67r48][info][application] $_GET = []

$_POST = []

$_FILES = []

$_COOKIE = [
    'PHPSESSID' => 'ubtjclhdm7ava349ebl2u67r48'
    '_identity' => '3c368898812ae785f8c005e59018109711d625ba6893bcb49cb012b66c820d45a:2:{i:0;s:9:\"_identity\";i:1;s:16:\"[8,null,2592000]\";}'
    '_csrf' => '21d8a4cf15987ce08f6b25e1d0d696ae452390ebdf0a24806caf100b8b717ffba:2:{i:0;s:5:\"_csrf\";i:1;s:32:\"zloxBV-r5dXe0MZNzuM4UmG-WmEO0JbJ\";}'
]

$_SESSION = [
    '__flash' => [
        'sucsess' => -1
        'sucсess' => -1
    ]
    'sucsess' => 'Ты молодец'
    'sucсess' => 'Ты молодец'
    '__captcha/site/captcha' => 'nabeben'
    '__captcha/site/captchacount' => 1
    '__id' => 8
    '__authKey' => null
]

$_SERVER = [
    'REDIRECT_UNIQUE_ID' => 'Zxd8ECEVzI7RR7Msf1s26QAAAAk'
    'REDIRECT_STATUS' => '200'
    'UNIQUE_ID' => 'Zxd8ECEVzI7RR7Msf1s26QAAAAk'
    'HTTP_HOST' => 'localhost'
    'HTTP_CONNECTION' => 'keep-alive'
    'HTTP_CACHE_CONTROL' => 'max-age=0'
    'HTTP_SEC_CH_UA' => '\"Chromium\";v=\"127\", \"Not)A;Brand\";v=\"99\"'
    'HTTP_SEC_CH_UA_MOBILE' => '?0'
    'HTTP_SEC_CH_UA_PLATFORM' => '\"Linux\"'
    'HTTP_UPGRADE_INSECURE_REQUESTS' => '1'
    'HTTP_USER_AGENT' => 'Mozilla/5.0 (X11; Linux x86_64; Chromium GOST) AppleWebKit/537.36 (KHTML, like Gecko) Chrome/127.0.0.0 Safari/537.36'
    'HTTP_ACCEPT' => 'text/html,application/xhtml+xml,application/xml;q=0.9,image/avif,image/webp,image/apng,*/*;q=0.8,application/signed-exchange;v=b3;q=0.7'
    'HTTP_SEC_FETCH_SITE' => 'none'
    'HTTP_SEC_FETCH_MODE' => 'navigate'
    'HTTP_SEC_FETCH_USER' => '?1'
    'HTTP_SEC_FETCH_DEST' => 'document'
    'HTTP_ACCEPT_ENCODING' => 'gzip, deflate, br, zstd'
    'HTTP_ACCEPT_LANGUAGE' => 'ru-RU,ru;q=0.9'
    'HTTP_COOKIE' => 'PHPSESSID=ubtjclhdm7ava349ebl2u67r48; _identity=3c368898812ae785f8c005e59018109711d625ba6893bcb49cb012b66c820d45a%3A2%3A%7Bi%3A0%3Bs%3A9%3A%22_identity%22%3Bi%3A1%3Bs%3A16%3A%22%5B8%2Cnull%2C2592000%5D%22%3B%7D; _csrf=21d8a4cf15987ce08f6b25e1d0d696ae452390ebdf0a24806caf100b8b717ffba%3A2%3A%7Bi%3A0%3Bs%3A5%3A%22_csrf%22%3Bi%3A1%3Bs%3A32%3A%22zloxBV-r5dXe0MZNzuM4UmG-WmEO0JbJ%22%3B%7D'
    'PATH' => '/root/.local/bin:/root/bin:/usr/local/sbin:/usr/local/bin:/usr/sbin:/usr/bin'
    'LD_LIBRARY_PATH' => '/opt/lampp/lib:/opt/lampp/lib'
    'SERVER_SIGNATURE' => ''
    'SERVER_SOFTWARE' => 'Apache/2.4.58 (Unix) OpenSSL/1.1.1w PHP/8.2.12 mod_perl/2.0.12 Perl/v5.34.1'
    'SERVER_NAME' => 'localhost'
    'SERVER_ADDR' => '::1'
    'SERVER_PORT' => '80'
    'REMOTE_ADDR' => '::1'
    'DOCUMENT_ROOT' => '/opt/lampp/htdocs'
    'REQUEST_SCHEME' => 'http'
    'CONTEXT_PREFIX' => ''
    'CONTEXT_DOCUMENT_ROOT' => '/opt/lampp/htdocs'
    'SERVER_ADMIN' => 'you@example.com'
    'SCRIPT_FILENAME' => '/opt/lampp/htdocs/web/index.php'
    'REMOTE_PORT' => '60524'
    'REDIRECT_URL' => '/'
    'GATEWAY_INTERFACE' => 'CGI/1.1'
    'SERVER_PROTOCOL' => 'HTTP/1.1'
    'REQUEST_METHOD' => 'GET'
    'QUERY_STRING' => ''
    'REQUEST_URI' => '/'
    'SCRIPT_NAME' => '/web/index.php'
    'PHP_SELF' => '/web/index.php'
    'REQUEST_TIME_FLOAT' => 1729592336.0519
    'REQUEST_TIME' => 1729592336
]
2024-10-22 12:30:31 [::1][8][ubtjclhdm7ava349ebl2u67r48][error][yii\base\UnknownPropertyException] yii\base\UnknownPropertyException: Getting unknown property: app\models\User::code in /opt/lampp/htdocs/vendor/yiisoft/yii2/base/Component.php:154
Stack trace:
#0 /opt/lampp/htdocs/vendor/yiisoft/yii2/db/BaseActiveRecord.php(296): yii\base\Component->__get('code')
#1 /opt/lampp/htdocs/models/User.php(160): yii\db\BaseActiveRecord->__get('code')
#2 /opt/lampp/htdocs/views/layouts/main.php(45): app\models\User->validateAdmin()
#3 /opt/lampp/htdocs/vendor/yiisoft/yii2/base/View.php(348): require('/opt/lampp/htdo...')
#4 /opt/lampp/htdocs/vendor/yiisoft/yii2/base/View.php(258): yii\base\View->renderPhpFile('/opt/lampp/htdo...', Array)
#5 /opt/lampp/htdocs/vendor/yiisoft/yii2/base/Controller.php(422): yii\base\View->renderFile('/opt/lampp/htdo...', Array, Object(app\controllers\SiteController))
#6 /opt/lampp/htdocs/vendor/yiisoft/yii2/base/Controller.php(408): yii\base\Controller->renderContent('<div class="sit...')
#7 /opt/lampp/htdocs/controllers/SiteController.php(64): yii\base\Controller->render('index')
#8 [internal function]: app\controllers\SiteController->actionIndex()
#9 /opt/lampp/htdocs/vendor/yiisoft/yii2/base/InlineAction.php(57): call_user_func_array(Array, Array)
#10 /opt/lampp/htdocs/vendor/yiisoft/yii2/base/Controller.php(178): yii\base\InlineAction->runWithParams(Array)
#11 /opt/lampp/htdocs/vendor/yiisoft/yii2/base/Module.php(552): yii\base\Controller->runAction('', Array)
#12 /opt/lampp/htdocs/vendor/yiisoft/yii2/web/Application.php(103): yii\base\Module->runAction('', Array)
#13 /opt/lampp/htdocs/vendor/yiisoft/yii2/base/Application.php(384): yii\web\Application->handleRequest(Object(yii\web\Request))
#14 /opt/lampp/htdocs/web/index.php(12): yii\base\Application->run()
#15 {main}
2024-10-22 12:30:31 [::1][8][ubtjclhdm7ava349ebl2u67r48][info][application] $_GET = []

$_POST = []

$_FILES = []

$_COOKIE = [
    'PHPSESSID' => 'ubtjclhdm7ava349ebl2u67r48'
    '_identity' => '3c368898812ae785f8c005e59018109711d625ba6893bcb49cb012b66c820d45a:2:{i:0;s:9:\"_identity\";i:1;s:16:\"[8,null,2592000]\";}'
    '_csrf' => '21d8a4cf15987ce08f6b25e1d0d696ae452390ebdf0a24806caf100b8b717ffba:2:{i:0;s:5:\"_csrf\";i:1;s:32:\"zloxBV-r5dXe0MZNzuM4UmG-WmEO0JbJ\";}'
]

$_SESSION = [
    '__flash' => [
        'sucsess' => -1
        'sucсess' => -1
    ]
    'sucsess' => 'Ты молодец'
    'sucсess' => 'Ты молодец'
    '__captcha/site/captcha' => 'nabeben'
    '__captcha/site/captchacount' => 1
    '__id' => 8
    '__authKey' => null
]

$_SERVER = [
    'REDIRECT_UNIQUE_ID' => 'Zxd-x2S50igL5wTT6JiB4QAAAAM'
    'REDIRECT_STATUS' => '200'
    'UNIQUE_ID' => 'Zxd-x2S50igL5wTT6JiB4QAAAAM'
    'HTTP_HOST' => 'localhost'
    'HTTP_CONNECTION' => 'keep-alive'
    'HTTP_CACHE_CONTROL' => 'max-age=0'
    'HTTP_SEC_CH_UA' => '\"Chromium\";v=\"127\", \"Not)A;Brand\";v=\"99\"'
    'HTTP_SEC_CH_UA_MOBILE' => '?0'
    'HTTP_SEC_CH_UA_PLATFORM' => '\"Linux\"'
    'HTTP_UPGRADE_INSECURE_REQUESTS' => '1'
    'HTTP_USER_AGENT' => 'Mozilla/5.0 (X11; Linux x86_64; Chromium GOST) AppleWebKit/537.36 (KHTML, like Gecko) Chrome/127.0.0.0 Safari/537.36'
    'HTTP_ACCEPT' => 'text/html,application/xhtml+xml,application/xml;q=0.9,image/avif,image/webp,image/apng,*/*;q=0.8,application/signed-exchange;v=b3;q=0.7'
    'HTTP_SEC_FETCH_SITE' => 'none'
    'HTTP_SEC_FETCH_MODE' => 'navigate'
    'HTTP_SEC_FETCH_USER' => '?1'
    'HTTP_SEC_FETCH_DEST' => 'document'
    'HTTP_ACCEPT_ENCODING' => 'gzip, deflate, br, zstd'
    'HTTP_ACCEPT_LANGUAGE' => 'ru-RU,ru;q=0.9'
    'HTTP_COOKIE' => 'PHPSESSID=ubtjclhdm7ava349ebl2u67r48; _identity=3c368898812ae785f8c005e59018109711d625ba6893bcb49cb012b66c820d45a%3A2%3A%7Bi%3A0%3Bs%3A9%3A%22_identity%22%3Bi%3A1%3Bs%3A16%3A%22%5B8%2Cnull%2C2592000%5D%22%3B%7D; _csrf=21d8a4cf15987ce08f6b25e1d0d696ae452390ebdf0a24806caf100b8b717ffba%3A2%3A%7Bi%3A0%3Bs%3A5%3A%22_csrf%22%3Bi%3A1%3Bs%3A32%3A%22zloxBV-r5dXe0MZNzuM4UmG-WmEO0JbJ%22%3B%7D'
    'PATH' => '/root/.local/bin:/root/bin:/usr/local/sbin:/usr/local/bin:/usr/sbin:/usr/bin'
    'LD_LIBRARY_PATH' => '/opt/lampp/lib:/opt/lampp/lib'
    'SERVER_SIGNATURE' => ''
    'SERVER_SOFTWARE' => 'Apache/2.4.58 (Unix) OpenSSL/1.1.1w PHP/8.2.12 mod_perl/2.0.12 Perl/v5.34.1'
    'SERVER_NAME' => 'localhost'
    'SERVER_ADDR' => '::1'
    'SERVER_PORT' => '80'
    'REMOTE_ADDR' => '::1'
    'DOCUMENT_ROOT' => '/opt/lampp/htdocs'
    'REQUEST_SCHEME' => 'http'
    'CONTEXT_PREFIX' => ''
    'CONTEXT_DOCUMENT_ROOT' => '/opt/lampp/htdocs'
    'SERVER_ADMIN' => 'you@example.com'
    'SCRIPT_FILENAME' => '/opt/lampp/htdocs/web/index.php'
    'REMOTE_PORT' => '51608'
    'REDIRECT_URL' => '/'
    'GATEWAY_INTERFACE' => 'CGI/1.1'
    'SERVER_PROTOCOL' => 'HTTP/1.1'
    'REQUEST_METHOD' => 'GET'
    'QUERY_STRING' => ''
    'REQUEST_URI' => '/'
    'SCRIPT_NAME' => '/web/index.php'
    'PHP_SELF' => '/web/index.php'
    'REQUEST_TIME_FLOAT' => 1729593031.3777
    'REQUEST_TIME' => 1729593031
]
2024-10-22 12:30:31 [::1][8][ubtjclhdm7ava349ebl2u67r48][error][yii\base\UnknownPropertyException] yii\base\UnknownPropertyException: Getting unknown property: app\models\User::code in /opt/lampp/htdocs/vendor/yiisoft/yii2/base/Component.php:154
Stack trace:
#0 /opt/lampp/htdocs/vendor/yiisoft/yii2/db/BaseActiveRecord.php(296): yii\base\Component->__get('code')
#1 /opt/lampp/htdocs/models/User.php(160): yii\db\BaseActiveRecord->__get('code')
#2 /opt/lampp/htdocs/views/layouts/main.php(45): app\models\User->validateAdmin()
#3 /opt/lampp/htdocs/vendor/yiisoft/yii2/base/View.php(348): require('/opt/lampp/htdo...')
#4 /opt/lampp/htdocs/vendor/yiisoft/yii2/base/View.php(258): yii\base\View->renderPhpFile('/opt/lampp/htdo...', Array)
#5 /opt/lampp/htdocs/vendor/yiisoft/yii2/base/Controller.php(422): yii\base\View->renderFile('/opt/lampp/htdo...', Array, Object(app\controllers\SiteController))
#6 /opt/lampp/htdocs/vendor/yiisoft/yii2/base/Controller.php(408): yii\base\Controller->renderContent('<div class="sit...')
#7 /opt/lampp/htdocs/controllers/SiteController.php(64): yii\base\Controller->render('index')
#8 [internal function]: app\controllers\SiteController->actionIndex()
#9 /opt/lampp/htdocs/vendor/yiisoft/yii2/base/InlineAction.php(57): call_user_func_array(Array, Array)
#10 /opt/lampp/htdocs/vendor/yiisoft/yii2/base/Controller.php(178): yii\base\InlineAction->runWithParams(Array)
#11 /opt/lampp/htdocs/vendor/yiisoft/yii2/base/Module.php(552): yii\base\Controller->runAction('', Array)
#12 /opt/lampp/htdocs/vendor/yiisoft/yii2/web/Application.php(103): yii\base\Module->runAction('', Array)
#13 /opt/lampp/htdocs/vendor/yiisoft/yii2/base/Application.php(384): yii\web\Application->handleRequest(Object(yii\web\Request))
#14 /opt/lampp/htdocs/web/index.php(12): yii\base\Application->run()
#15 {main}
2024-10-22 12:30:31 [::1][8][ubtjclhdm7ava349ebl2u67r48][info][application] $_GET = []

$_POST = []

$_FILES = []

$_COOKIE = [
    'PHPSESSID' => 'ubtjclhdm7ava349ebl2u67r48'
    '_identity' => '3c368898812ae785f8c005e59018109711d625ba6893bcb49cb012b66c820d45a:2:{i:0;s:9:\"_identity\";i:1;s:16:\"[8,null,2592000]\";}'
    '_csrf' => '21d8a4cf15987ce08f6b25e1d0d696ae452390ebdf0a24806caf100b8b717ffba:2:{i:0;s:5:\"_csrf\";i:1;s:32:\"zloxBV-r5dXe0MZNzuM4UmG-WmEO0JbJ\";}'
]

$_SESSION = [
    '__flash' => [
        'sucsess' => -1
        'sucсess' => -1
    ]
    'sucsess' => 'Ты молодец'
    'sucсess' => 'Ты молодец'
    '__captcha/site/captcha' => 'nabeben'
    '__captcha/site/captchacount' => 1
    '__id' => 8
    '__authKey' => null
]

$_SERVER = [
    'REDIRECT_UNIQUE_ID' => 'Zxd-xx-uviaqIHcCie-JZgAAAAE'
    'REDIRECT_STATUS' => '200'
    'UNIQUE_ID' => 'Zxd-xx-uviaqIHcCie-JZgAAAAE'
    'HTTP_HOST' => 'localhost'
    'HTTP_CONNECTION' => 'keep-alive'
    'HTTP_CACHE_CONTROL' => 'max-age=0'
    'HTTP_SEC_CH_UA' => '\"Chromium\";v=\"127\", \"Not)A;Brand\";v=\"99\"'
    'HTTP_SEC_CH_UA_MOBILE' => '?0'
    'HTTP_SEC_CH_UA_PLATFORM' => '\"Linux\"'
    'HTTP_UPGRADE_INSECURE_REQUESTS' => '1'
    'HTTP_USER_AGENT' => 'Mozilla/5.0 (X11; Linux x86_64; Chromium GOST) AppleWebKit/537.36 (KHTML, like Gecko) Chrome/127.0.0.0 Safari/537.36'
    'HTTP_ACCEPT' => 'text/html,application/xhtml+xml,application/xml;q=0.9,image/avif,image/webp,image/apng,*/*;q=0.8,application/signed-exchange;v=b3;q=0.7'
    'HTTP_SEC_FETCH_SITE' => 'none'
    'HTTP_SEC_FETCH_MODE' => 'navigate'
    'HTTP_SEC_FETCH_USER' => '?1'
    'HTTP_SEC_FETCH_DEST' => 'document'
    'HTTP_ACCEPT_ENCODING' => 'gzip, deflate, br, zstd'
    'HTTP_ACCEPT_LANGUAGE' => 'ru-RU,ru;q=0.9'
    'HTTP_COOKIE' => 'PHPSESSID=ubtjclhdm7ava349ebl2u67r48; _identity=3c368898812ae785f8c005e59018109711d625ba6893bcb49cb012b66c820d45a%3A2%3A%7Bi%3A0%3Bs%3A9%3A%22_identity%22%3Bi%3A1%3Bs%3A16%3A%22%5B8%2Cnull%2C2592000%5D%22%3B%7D; _csrf=21d8a4cf15987ce08f6b25e1d0d696ae452390ebdf0a24806caf100b8b717ffba%3A2%3A%7Bi%3A0%3Bs%3A5%3A%22_csrf%22%3Bi%3A1%3Bs%3A32%3A%22zloxBV-r5dXe0MZNzuM4UmG-WmEO0JbJ%22%3B%7D'
    'PATH' => '/root/.local/bin:/root/bin:/usr/local/sbin:/usr/local/bin:/usr/sbin:/usr/bin'
    'LD_LIBRARY_PATH' => '/opt/lampp/lib:/opt/lampp/lib'
    'SERVER_SIGNATURE' => ''
    'SERVER_SOFTWARE' => 'Apache/2.4.58 (Unix) OpenSSL/1.1.1w PHP/8.2.12 mod_perl/2.0.12 Perl/v5.34.1'
    'SERVER_NAME' => 'localhost'
    'SERVER_ADDR' => '::1'
    'SERVER_PORT' => '80'
    'REMOTE_ADDR' => '::1'
    'DOCUMENT_ROOT' => '/opt/lampp/htdocs'
    'REQUEST_SCHEME' => 'http'
    'CONTEXT_PREFIX' => ''
    'CONTEXT_DOCUMENT_ROOT' => '/opt/lampp/htdocs'
    'SERVER_ADMIN' => 'you@example.com'
    'SCRIPT_FILENAME' => '/opt/lampp/htdocs/web/index.php'
    'REMOTE_PORT' => '51622'
    'REDIRECT_URL' => '/'
    'GATEWAY_INTERFACE' => 'CGI/1.1'
    'SERVER_PROTOCOL' => 'HTTP/1.1'
    'REQUEST_METHOD' => 'GET'
    'QUERY_STRING' => ''
    'REQUEST_URI' => '/'
    'SCRIPT_NAME' => '/web/index.php'
    'PHP_SELF' => '/web/index.php'
    'REQUEST_TIME_FLOAT' => 1729593031.9291
    'REQUEST_TIME' => 1729593031
]
2024-10-22 12:32:24 [::1][8][ubtjclhdm7ava349ebl2u67r48][error][yii\base\UnknownPropertyException] yii\base\UnknownPropertyException: Getting unknown property: app\models\User::code in /opt/lampp/htdocs/vendor/yiisoft/yii2/base/Component.php:154
Stack trace:
#0 /opt/lampp/htdocs/vendor/yiisoft/yii2/db/BaseActiveRecord.php(296): yii\base\Component->__get('code')
#1 /opt/lampp/htdocs/models/User.php(160): yii\db\BaseActiveRecord->__get('code')
#2 /opt/lampp/htdocs/views/layouts/main.php(45): app\models\User->validateAdmin()
#3 /opt/lampp/htdocs/vendor/yiisoft/yii2/base/View.php(348): require('/opt/lampp/htdo...')
#4 /opt/lampp/htdocs/vendor/yiisoft/yii2/base/View.php(258): yii\base\View->renderPhpFile('/opt/lampp/htdo...', Array)
#5 /opt/lampp/htdocs/vendor/yiisoft/yii2/base/Controller.php(422): yii\base\View->renderFile('/opt/lampp/htdo...', Array, Object(app\controllers\SiteController))
#6 /opt/lampp/htdocs/vendor/yiisoft/yii2/base/Controller.php(408): yii\base\Controller->renderContent('<div class="sit...')
#7 /opt/lampp/htdocs/controllers/SiteController.php(64): yii\base\Controller->render('index')
#8 [internal function]: app\controllers\SiteController->actionIndex()
#9 /opt/lampp/htdocs/vendor/yiisoft/yii2/base/InlineAction.php(57): call_user_func_array(Array, Array)
#10 /opt/lampp/htdocs/vendor/yiisoft/yii2/base/Controller.php(178): yii\base\InlineAction->runWithParams(Array)
#11 /opt/lampp/htdocs/vendor/yiisoft/yii2/base/Module.php(552): yii\base\Controller->runAction('', Array)
#12 /opt/lampp/htdocs/vendor/yiisoft/yii2/web/Application.php(103): yii\base\Module->runAction('', Array)
#13 /opt/lampp/htdocs/vendor/yiisoft/yii2/base/Application.php(384): yii\web\Application->handleRequest(Object(yii\web\Request))
#14 /opt/lampp/htdocs/web/index.php(12): yii\base\Application->run()
#15 {main}
2024-10-22 12:32:24 [::1][8][ubtjclhdm7ava349ebl2u67r48][info][application] $_GET = []

$_POST = []

$_FILES = []

$_COOKIE = [
    'PHPSESSID' => 'ubtjclhdm7ava349ebl2u67r48'
    '_identity' => '3c368898812ae785f8c005e59018109711d625ba6893bcb49cb012b66c820d45a:2:{i:0;s:9:\"_identity\";i:1;s:16:\"[8,null,2592000]\";}'
    '_csrf' => '21d8a4cf15987ce08f6b25e1d0d696ae452390ebdf0a24806caf100b8b717ffba:2:{i:0;s:5:\"_csrf\";i:1;s:32:\"zloxBV-r5dXe0MZNzuM4UmG-WmEO0JbJ\";}'
]

$_SESSION = [
    '__flash' => [
        'sucsess' => -1
        'sucсess' => -1
    ]
    'sucsess' => 'Ты молодец'
    'sucсess' => 'Ты молодец'
    '__captcha/site/captcha' => 'nabeben'
    '__captcha/site/captchacount' => 1
    '__id' => 8
    '__authKey' => null
]

$_SERVER = [
    'REDIRECT_UNIQUE_ID' => 'Zxd_NzBrB5Dpx3FQ0dLVUQAAAAs'
    'REDIRECT_STATUS' => '200'
    'UNIQUE_ID' => 'Zxd_NzBrB5Dpx3FQ0dLVUQAAAAs'
    'HTTP_HOST' => 'localhost'
    'HTTP_CONNECTION' => 'keep-alive'
    'HTTP_CACHE_CONTROL' => 'max-age=0'
    'HTTP_SEC_CH_UA' => '\"Chromium\";v=\"127\", \"Not)A;Brand\";v=\"99\"'
    'HTTP_SEC_CH_UA_MOBILE' => '?0'
    'HTTP_SEC_CH_UA_PLATFORM' => '\"Linux\"'
    'HTTP_UPGRADE_INSECURE_REQUESTS' => '1'
    'HTTP_USER_AGENT' => 'Mozilla/5.0 (X11; Linux x86_64; Chromium GOST) AppleWebKit/537.36 (KHTML, like Gecko) Chrome/127.0.0.0 Safari/537.36'
    'HTTP_ACCEPT' => 'text/html,application/xhtml+xml,application/xml;q=0.9,image/avif,image/webp,image/apng,*/*;q=0.8,application/signed-exchange;v=b3;q=0.7'
    'HTTP_SEC_FETCH_SITE' => 'none'
    'HTTP_SEC_FETCH_MODE' => 'navigate'
    'HTTP_SEC_FETCH_USER' => '?1'
    'HTTP_SEC_FETCH_DEST' => 'document'
    'HTTP_ACCEPT_ENCODING' => 'gzip, deflate, br, zstd'
    'HTTP_ACCEPT_LANGUAGE' => 'ru-RU,ru;q=0.9'
    'HTTP_COOKIE' => 'PHPSESSID=ubtjclhdm7ava349ebl2u67r48; _identity=3c368898812ae785f8c005e59018109711d625ba6893bcb49cb012b66c820d45a%3A2%3A%7Bi%3A0%3Bs%3A9%3A%22_identity%22%3Bi%3A1%3Bs%3A16%3A%22%5B8%2Cnull%2C2592000%5D%22%3B%7D; _csrf=21d8a4cf15987ce08f6b25e1d0d696ae452390ebdf0a24806caf100b8b717ffba%3A2%3A%7Bi%3A0%3Bs%3A5%3A%22_csrf%22%3Bi%3A1%3Bs%3A32%3A%22zloxBV-r5dXe0MZNzuM4UmG-WmEO0JbJ%22%3B%7D'
    'PATH' => '/root/.local/bin:/root/bin:/usr/local/sbin:/usr/local/bin:/usr/sbin:/usr/bin'
    'LD_LIBRARY_PATH' => '/opt/lampp/lib:/opt/lampp/lib'
    'SERVER_SIGNATURE' => ''
    'SERVER_SOFTWARE' => 'Apache/2.4.58 (Unix) OpenSSL/1.1.1w PHP/8.2.12 mod_perl/2.0.12 Perl/v5.34.1'
    'SERVER_NAME' => 'localhost'
    'SERVER_ADDR' => '::1'
    'SERVER_PORT' => '80'
    'REMOTE_ADDR' => '::1'
    'DOCUMENT_ROOT' => '/opt/lampp/htdocs'
    'REQUEST_SCHEME' => 'http'
    'CONTEXT_PREFIX' => ''
    'CONTEXT_DOCUMENT_ROOT' => '/opt/lampp/htdocs'
    'SERVER_ADMIN' => 'you@example.com'
    'SCRIPT_FILENAME' => '/opt/lampp/htdocs/web/index.php'
    'REMOTE_PORT' => '33372'
    'REDIRECT_URL' => '/'
    'GATEWAY_INTERFACE' => 'CGI/1.1'
    'SERVER_PROTOCOL' => 'HTTP/1.1'
    'REQUEST_METHOD' => 'GET'
    'QUERY_STRING' => ''
    'REQUEST_URI' => '/'
    'SCRIPT_NAME' => '/web/index.php'
    'PHP_SELF' => '/web/index.php'
    'REQUEST_TIME_FLOAT' => 1729593143.9972
    'REQUEST_TIME' => 1729593143
]
2024-10-22 12:32:24 [::1][8][ubtjclhdm7ava349ebl2u67r48][error][yii\base\UnknownPropertyException] yii\base\UnknownPropertyException: Getting unknown property: app\models\User::code in /opt/lampp/htdocs/vendor/yiisoft/yii2/base/Component.php:154
Stack trace:
#0 /opt/lampp/htdocs/vendor/yiisoft/yii2/db/BaseActiveRecord.php(296): yii\base\Component->__get('code')
#1 /opt/lampp/htdocs/models/User.php(160): yii\db\BaseActiveRecord->__get('code')
#2 /opt/lampp/htdocs/views/layouts/main.php(45): app\models\User->validateAdmin()
#3 /opt/lampp/htdocs/vendor/yiisoft/yii2/base/View.php(348): require('/opt/lampp/htdo...')
#4 /opt/lampp/htdocs/vendor/yiisoft/yii2/base/View.php(258): yii\base\View->renderPhpFile('/opt/lampp/htdo...', Array)
#5 /opt/lampp/htdocs/vendor/yiisoft/yii2/base/Controller.php(422): yii\base\View->renderFile('/opt/lampp/htdo...', Array, Object(app\controllers\SiteController))
#6 /opt/lampp/htdocs/vendor/yiisoft/yii2/base/Controller.php(408): yii\base\Controller->renderContent('<div class="sit...')
#7 /opt/lampp/htdocs/controllers/SiteController.php(64): yii\base\Controller->render('index')
#8 [internal function]: app\controllers\SiteController->actionIndex()
#9 /opt/lampp/htdocs/vendor/yiisoft/yii2/base/InlineAction.php(57): call_user_func_array(Array, Array)
#10 /opt/lampp/htdocs/vendor/yiisoft/yii2/base/Controller.php(178): yii\base\InlineAction->runWithParams(Array)
#11 /opt/lampp/htdocs/vendor/yiisoft/yii2/base/Module.php(552): yii\base\Controller->runAction('', Array)
#12 /opt/lampp/htdocs/vendor/yiisoft/yii2/web/Application.php(103): yii\base\Module->runAction('', Array)
#13 /opt/lampp/htdocs/vendor/yiisoft/yii2/base/Application.php(384): yii\web\Application->handleRequest(Object(yii\web\Request))
#14 /opt/lampp/htdocs/web/index.php(12): yii\base\Application->run()
#15 {main}
2024-10-22 12:32:24 [::1][8][ubtjclhdm7ava349ebl2u67r48][info][application] $_GET = []

$_POST = []

$_FILES = []

$_COOKIE = [
    'PHPSESSID' => 'ubtjclhdm7ava349ebl2u67r48'
    '_identity' => '3c368898812ae785f8c005e59018109711d625ba6893bcb49cb012b66c820d45a:2:{i:0;s:9:\"_identity\";i:1;s:16:\"[8,null,2592000]\";}'
    '_csrf' => '21d8a4cf15987ce08f6b25e1d0d696ae452390ebdf0a24806caf100b8b717ffba:2:{i:0;s:5:\"_csrf\";i:1;s:32:\"zloxBV-r5dXe0MZNzuM4UmG-WmEO0JbJ\";}'
]

$_SESSION = [
    '__flash' => [
        'sucsess' => -1
        'sucсess' => -1
    ]
    'sucsess' => 'Ты молодец'
    'sucсess' => 'Ты молодец'
    '__captcha/site/captcha' => 'nabeben'
    '__captcha/site/captchacount' => 1
    '__id' => 8
    '__authKey' => null
]

$_SERVER = [
    'REDIRECT_UNIQUE_ID' => 'Zxd_OFgMTb4vzZ07Vl6IRQAAAAA'
    'REDIRECT_STATUS' => '200'
    'UNIQUE_ID' => 'Zxd_OFgMTb4vzZ07Vl6IRQAAAAA'
    'HTTP_HOST' => 'localhost'
    'HTTP_CONNECTION' => 'keep-alive'
    'HTTP_CACHE_CONTROL' => 'max-age=0'
    'HTTP_SEC_CH_UA' => '\"Chromium\";v=\"127\", \"Not)A;Brand\";v=\"99\"'
    'HTTP_SEC_CH_UA_MOBILE' => '?0'
    'HTTP_SEC_CH_UA_PLATFORM' => '\"Linux\"'
    'HTTP_UPGRADE_INSECURE_REQUESTS' => '1'
    'HTTP_USER_AGENT' => 'Mozilla/5.0 (X11; Linux x86_64; Chromium GOST) AppleWebKit/537.36 (KHTML, like Gecko) Chrome/127.0.0.0 Safari/537.36'
    'HTTP_ACCEPT' => 'text/html,application/xhtml+xml,application/xml;q=0.9,image/avif,image/webp,image/apng,*/*;q=0.8,application/signed-exchange;v=b3;q=0.7'
    'HTTP_SEC_FETCH_SITE' => 'none'
    'HTTP_SEC_FETCH_MODE' => 'navigate'
    'HTTP_SEC_FETCH_USER' => '?1'
    'HTTP_SEC_FETCH_DEST' => 'document'
    'HTTP_ACCEPT_ENCODING' => 'gzip, deflate, br, zstd'
    'HTTP_ACCEPT_LANGUAGE' => 'ru-RU,ru;q=0.9'
    'HTTP_COOKIE' => 'PHPSESSID=ubtjclhdm7ava349ebl2u67r48; _identity=3c368898812ae785f8c005e59018109711d625ba6893bcb49cb012b66c820d45a%3A2%3A%7Bi%3A0%3Bs%3A9%3A%22_identity%22%3Bi%3A1%3Bs%3A16%3A%22%5B8%2Cnull%2C2592000%5D%22%3B%7D; _csrf=21d8a4cf15987ce08f6b25e1d0d696ae452390ebdf0a24806caf100b8b717ffba%3A2%3A%7Bi%3A0%3Bs%3A5%3A%22_csrf%22%3Bi%3A1%3Bs%3A32%3A%22zloxBV-r5dXe0MZNzuM4UmG-WmEO0JbJ%22%3B%7D'
    'PATH' => '/root/.local/bin:/root/bin:/usr/local/sbin:/usr/local/bin:/usr/sbin:/usr/bin'
    'LD_LIBRARY_PATH' => '/opt/lampp/lib:/opt/lampp/lib'
    'SERVER_SIGNATURE' => ''
    'SERVER_SOFTWARE' => 'Apache/2.4.58 (Unix) OpenSSL/1.1.1w PHP/8.2.12 mod_perl/2.0.12 Perl/v5.34.1'
    'SERVER_NAME' => 'localhost'
    'SERVER_ADDR' => '::1'
    'SERVER_PORT' => '80'
    'REMOTE_ADDR' => '::1'
    'DOCUMENT_ROOT' => '/opt/lampp/htdocs'
    'REQUEST_SCHEME' => 'http'
    'CONTEXT_PREFIX' => ''
    'CONTEXT_DOCUMENT_ROOT' => '/opt/lampp/htdocs'
    'SERVER_ADMIN' => 'you@example.com'
    'SCRIPT_FILENAME' => '/opt/lampp/htdocs/web/index.php'
    'REMOTE_PORT' => '33380'
    'REDIRECT_URL' => '/'
    'GATEWAY_INTERFACE' => 'CGI/1.1'
    'SERVER_PROTOCOL' => 'HTTP/1.1'
    'REQUEST_METHOD' => 'GET'
    'QUERY_STRING' => ''
    'REQUEST_URI' => '/'
    'SCRIPT_NAME' => '/web/index.php'
    'PHP_SELF' => '/web/index.php'
    'REQUEST_TIME_FLOAT' => 1729593144.3257
    'REQUEST_TIME' => 1729593144
]
2024-10-22 12:32:24 [::1][8][ubtjclhdm7ava349ebl2u67r48][error][yii\base\UnknownPropertyException] yii\base\UnknownPropertyException: Getting unknown property: app\models\User::code in /opt/lampp/htdocs/vendor/yiisoft/yii2/base/Component.php:154
Stack trace:
#0 /opt/lampp/htdocs/vendor/yiisoft/yii2/db/BaseActiveRecord.php(296): yii\base\Component->__get('code')
#1 /opt/lampp/htdocs/models/User.php(160): yii\db\BaseActiveRecord->__get('code')
#2 /opt/lampp/htdocs/views/layouts/main.php(45): app\models\User->validateAdmin()
#3 /opt/lampp/htdocs/vendor/yiisoft/yii2/base/View.php(348): require('/opt/lampp/htdo...')
#4 /opt/lampp/htdocs/vendor/yiisoft/yii2/base/View.php(258): yii\base\View->renderPhpFile('/opt/lampp/htdo...', Array)
#5 /opt/lampp/htdocs/vendor/yiisoft/yii2/base/Controller.php(422): yii\base\View->renderFile('/opt/lampp/htdo...', Array, Object(app\controllers\SiteController))
#6 /opt/lampp/htdocs/vendor/yiisoft/yii2/base/Controller.php(408): yii\base\Controller->renderContent('<div class="sit...')
#7 /opt/lampp/htdocs/controllers/SiteController.php(64): yii\base\Controller->render('index')
#8 [internal function]: app\controllers\SiteController->actionIndex()
#9 /opt/lampp/htdocs/vendor/yiisoft/yii2/base/InlineAction.php(57): call_user_func_array(Array, Array)
#10 /opt/lampp/htdocs/vendor/yiisoft/yii2/base/Controller.php(178): yii\base\InlineAction->runWithParams(Array)
#11 /opt/lampp/htdocs/vendor/yiisoft/yii2/base/Module.php(552): yii\base\Controller->runAction('', Array)
#12 /opt/lampp/htdocs/vendor/yiisoft/yii2/web/Application.php(103): yii\base\Module->runAction('', Array)
#13 /opt/lampp/htdocs/vendor/yiisoft/yii2/base/Application.php(384): yii\web\Application->handleRequest(Object(yii\web\Request))
#14 /opt/lampp/htdocs/web/index.php(12): yii\base\Application->run()
#15 {main}
2024-10-22 12:32:24 [::1][8][ubtjclhdm7ava349ebl2u67r48][info][application] $_GET = []

$_POST = []

$_FILES = []

$_COOKIE = [
    'PHPSESSID' => 'ubtjclhdm7ava349ebl2u67r48'
    '_identity' => '3c368898812ae785f8c005e59018109711d625ba6893bcb49cb012b66c820d45a:2:{i:0;s:9:\"_identity\";i:1;s:16:\"[8,null,2592000]\";}'
    '_csrf' => '21d8a4cf15987ce08f6b25e1d0d696ae452390ebdf0a24806caf100b8b717ffba:2:{i:0;s:5:\"_csrf\";i:1;s:32:\"zloxBV-r5dXe0MZNzuM4UmG-WmEO0JbJ\";}'
]

$_SESSION = [
    '__flash' => [
        'sucsess' => -1
        'sucсess' => -1
    ]
    'sucsess' => 'Ты молодец'
    'sucсess' => 'Ты молодец'
    '__captcha/site/captcha' => 'nabeben'
    '__captcha/site/captchacount' => 1
    '__id' => 8
    '__authKey' => null
]

$_SERVER = [
    'REDIRECT_UNIQUE_ID' => 'Zxd_OI1r_sMkjevOq3BO_wAAAAU'
    'REDIRECT_STATUS' => '200'
    'UNIQUE_ID' => 'Zxd_OI1r_sMkjevOq3BO_wAAAAU'
    'HTTP_HOST' => 'localhost'
    'HTTP_CONNECTION' => 'keep-alive'
    'HTTP_CACHE_CONTROL' => 'max-age=0'
    'HTTP_SEC_CH_UA' => '\"Chromium\";v=\"127\", \"Not)A;Brand\";v=\"99\"'
    'HTTP_SEC_CH_UA_MOBILE' => '?0'
    'HTTP_SEC_CH_UA_PLATFORM' => '\"Linux\"'
    'HTTP_UPGRADE_INSECURE_REQUESTS' => '1'
    'HTTP_USER_AGENT' => 'Mozilla/5.0 (X11; Linux x86_64; Chromium GOST) AppleWebKit/537.36 (KHTML, like Gecko) Chrome/127.0.0.0 Safari/537.36'
    'HTTP_ACCEPT' => 'text/html,application/xhtml+xml,application/xml;q=0.9,image/avif,image/webp,image/apng,*/*;q=0.8,application/signed-exchange;v=b3;q=0.7'
    'HTTP_SEC_FETCH_SITE' => 'none'
    'HTTP_SEC_FETCH_MODE' => 'navigate'
    'HTTP_SEC_FETCH_USER' => '?1'
    'HTTP_SEC_FETCH_DEST' => 'document'
    'HTTP_ACCEPT_ENCODING' => 'gzip, deflate, br, zstd'
    'HTTP_ACCEPT_LANGUAGE' => 'ru-RU,ru;q=0.9'
    'HTTP_COOKIE' => 'PHPSESSID=ubtjclhdm7ava349ebl2u67r48; _identity=3c368898812ae785f8c005e59018109711d625ba6893bcb49cb012b66c820d45a%3A2%3A%7Bi%3A0%3Bs%3A9%3A%22_identity%22%3Bi%3A1%3Bs%3A16%3A%22%5B8%2Cnull%2C2592000%5D%22%3B%7D; _csrf=21d8a4cf15987ce08f6b25e1d0d696ae452390ebdf0a24806caf100b8b717ffba%3A2%3A%7Bi%3A0%3Bs%3A5%3A%22_csrf%22%3Bi%3A1%3Bs%3A32%3A%22zloxBV-r5dXe0MZNzuM4UmG-WmEO0JbJ%22%3B%7D'
    'PATH' => '/root/.local/bin:/root/bin:/usr/local/sbin:/usr/local/bin:/usr/sbin:/usr/bin'
    'LD_LIBRARY_PATH' => '/opt/lampp/lib:/opt/lampp/lib'
    'SERVER_SIGNATURE' => ''
    'SERVER_SOFTWARE' => 'Apache/2.4.58 (Unix) OpenSSL/1.1.1w PHP/8.2.12 mod_perl/2.0.12 Perl/v5.34.1'
    'SERVER_NAME' => 'localhost'
    'SERVER_ADDR' => '::1'
    'SERVER_PORT' => '80'
    'REMOTE_ADDR' => '::1'
    'DOCUMENT_ROOT' => '/opt/lampp/htdocs'
    'REQUEST_SCHEME' => 'http'
    'CONTEXT_PREFIX' => ''
    'CONTEXT_DOCUMENT_ROOT' => '/opt/lampp/htdocs'
    'SERVER_ADMIN' => 'you@example.com'
    'SCRIPT_FILENAME' => '/opt/lampp/htdocs/web/index.php'
    'REMOTE_PORT' => '33384'
    'REDIRECT_URL' => '/'
    'GATEWAY_INTERFACE' => 'CGI/1.1'
    'SERVER_PROTOCOL' => 'HTTP/1.1'
    'REQUEST_METHOD' => 'GET'
    'QUERY_STRING' => ''
    'REQUEST_URI' => '/'
    'SCRIPT_NAME' => '/web/index.php'
    'PHP_SELF' => '/web/index.php'
    'REQUEST_TIME_FLOAT' => 1729593144.4788
    'REQUEST_TIME' => 1729593144
]
2024-10-22 12:32:51 [::1][8][ubtjclhdm7ava349ebl2u67r48][error][yii\base\UnknownPropertyException] yii\base\UnknownPropertyException: Getting unknown property: app\models\User::code in /opt/lampp/htdocs/vendor/yiisoft/yii2/base/Component.php:154
Stack trace:
#0 /opt/lampp/htdocs/vendor/yiisoft/yii2/db/BaseActiveRecord.php(296): yii\base\Component->__get('code')
#1 /opt/lampp/htdocs/models/User.php(160): yii\db\BaseActiveRecord->__get('code')
#2 /opt/lampp/htdocs/views/layouts/main.php(45): app\models\User->validateAdmin()
#3 /opt/lampp/htdocs/vendor/yiisoft/yii2/base/View.php(348): require('/opt/lampp/htdo...')
#4 /opt/lampp/htdocs/vendor/yiisoft/yii2/base/View.php(258): yii\base\View->renderPhpFile('/opt/lampp/htdo...', Array)
#5 /opt/lampp/htdocs/vendor/yiisoft/yii2/base/Controller.php(422): yii\base\View->renderFile('/opt/lampp/htdo...', Array, Object(app\controllers\SiteController))
#6 /opt/lampp/htdocs/vendor/yiisoft/yii2/base/Controller.php(408): yii\base\Controller->renderContent('<div class="sit...')
#7 /opt/lampp/htdocs/controllers/SiteController.php(64): yii\base\Controller->render('index')
#8 [internal function]: app\controllers\SiteController->actionIndex()
#9 /opt/lampp/htdocs/vendor/yiisoft/yii2/base/InlineAction.php(57): call_user_func_array(Array, Array)
#10 /opt/lampp/htdocs/vendor/yiisoft/yii2/base/Controller.php(178): yii\base\InlineAction->runWithParams(Array)
#11 /opt/lampp/htdocs/vendor/yiisoft/yii2/base/Module.php(552): yii\base\Controller->runAction('', Array)
#12 /opt/lampp/htdocs/vendor/yiisoft/yii2/web/Application.php(103): yii\base\Module->runAction('', Array)
#13 /opt/lampp/htdocs/vendor/yiisoft/yii2/base/Application.php(384): yii\web\Application->handleRequest(Object(yii\web\Request))
#14 /opt/lampp/htdocs/web/index.php(12): yii\base\Application->run()
#15 {main}
2024-10-22 12:32:51 [::1][8][ubtjclhdm7ava349ebl2u67r48][info][application] $_GET = []

$_POST = []

$_FILES = []

$_COOKIE = [
    'PHPSESSID' => 'ubtjclhdm7ava349ebl2u67r48'
    '_identity' => '3c368898812ae785f8c005e59018109711d625ba6893bcb49cb012b66c820d45a:2:{i:0;s:9:\"_identity\";i:1;s:16:\"[8,null,2592000]\";}'
    '_csrf' => '21d8a4cf15987ce08f6b25e1d0d696ae452390ebdf0a24806caf100b8b717ffba:2:{i:0;s:5:\"_csrf\";i:1;s:32:\"zloxBV-r5dXe0MZNzuM4UmG-WmEO0JbJ\";}'
]

$_SESSION = [
    '__flash' => [
        'sucsess' => -1
        'sucсess' => -1
    ]
    'sucsess' => 'Ты молодец'
    'sucсess' => 'Ты молодец'
    '__captcha/site/captcha' => 'nabeben'
    '__captcha/site/captchacount' => 1
    '__id' => 8
    '__authKey' => null
]

$_SERVER = [
    'REDIRECT_UNIQUE_ID' => 'Zxd_U2gs0ylGETYYUyf5BgAAAAQ'
    'REDIRECT_STATUS' => '200'
    'UNIQUE_ID' => 'Zxd_U2gs0ylGETYYUyf5BgAAAAQ'
    'HTTP_HOST' => 'localhost'
    'HTTP_CONNECTION' => 'keep-alive'
    'HTTP_CACHE_CONTROL' => 'max-age=0'
    'HTTP_SEC_CH_UA' => '\"Chromium\";v=\"127\", \"Not)A;Brand\";v=\"99\"'
    'HTTP_SEC_CH_UA_MOBILE' => '?0'
    'HTTP_SEC_CH_UA_PLATFORM' => '\"Linux\"'
    'HTTP_UPGRADE_INSECURE_REQUESTS' => '1'
    'HTTP_USER_AGENT' => 'Mozilla/5.0 (X11; Linux x86_64; Chromium GOST) AppleWebKit/537.36 (KHTML, like Gecko) Chrome/127.0.0.0 Safari/537.36'
    'HTTP_ACCEPT' => 'text/html,application/xhtml+xml,application/xml;q=0.9,image/avif,image/webp,image/apng,*/*;q=0.8,application/signed-exchange;v=b3;q=0.7'
    'HTTP_SEC_FETCH_SITE' => 'none'
    'HTTP_SEC_FETCH_MODE' => 'navigate'
    'HTTP_SEC_FETCH_USER' => '?1'
    'HTTP_SEC_FETCH_DEST' => 'document'
    'HTTP_ACCEPT_ENCODING' => 'gzip, deflate, br, zstd'
    'HTTP_ACCEPT_LANGUAGE' => 'ru-RU,ru;q=0.9'
    'HTTP_COOKIE' => 'PHPSESSID=ubtjclhdm7ava349ebl2u67r48; _identity=3c368898812ae785f8c005e59018109711d625ba6893bcb49cb012b66c820d45a%3A2%3A%7Bi%3A0%3Bs%3A9%3A%22_identity%22%3Bi%3A1%3Bs%3A16%3A%22%5B8%2Cnull%2C2592000%5D%22%3B%7D; _csrf=21d8a4cf15987ce08f6b25e1d0d696ae452390ebdf0a24806caf100b8b717ffba%3A2%3A%7Bi%3A0%3Bs%3A5%3A%22_csrf%22%3Bi%3A1%3Bs%3A32%3A%22zloxBV-r5dXe0MZNzuM4UmG-WmEO0JbJ%22%3B%7D'
    'PATH' => '/root/.local/bin:/root/bin:/usr/local/sbin:/usr/local/bin:/usr/sbin:/usr/bin'
    'LD_LIBRARY_PATH' => '/opt/lampp/lib:/opt/lampp/lib'
    'SERVER_SIGNATURE' => ''
    'SERVER_SOFTWARE' => 'Apache/2.4.58 (Unix) OpenSSL/1.1.1w PHP/8.2.12 mod_perl/2.0.12 Perl/v5.34.1'
    'SERVER_NAME' => 'localhost'
    'SERVER_ADDR' => '::1'
    'SERVER_PORT' => '80'
    'REMOTE_ADDR' => '::1'
    'DOCUMENT_ROOT' => '/opt/lampp/htdocs'
    'REQUEST_SCHEME' => 'http'
    'CONTEXT_PREFIX' => ''
    'CONTEXT_DOCUMENT_ROOT' => '/opt/lampp/htdocs'
    'SERVER_ADMIN' => 'you@example.com'
    'SCRIPT_FILENAME' => '/opt/lampp/htdocs/web/index.php'
    'REMOTE_PORT' => '47966'
    'REDIRECT_URL' => '/'
    'GATEWAY_INTERFACE' => 'CGI/1.1'
    'SERVER_PROTOCOL' => 'HTTP/1.1'
    'REQUEST_METHOD' => 'GET'
    'QUERY_STRING' => ''
    'REQUEST_URI' => '/'
    'SCRIPT_NAME' => '/web/index.php'
    'PHP_SELF' => '/web/index.php'
    'REQUEST_TIME_FLOAT' => 1729593171.307
    'REQUEST_TIME' => 1729593171
]
2024-10-22 12:32:51 [::1][8][ubtjclhdm7ava349ebl2u67r48][error][yii\base\UnknownPropertyException] yii\base\UnknownPropertyException: Getting unknown property: app\models\User::code in /opt/lampp/htdocs/vendor/yiisoft/yii2/base/Component.php:154
Stack trace:
#0 /opt/lampp/htdocs/vendor/yiisoft/yii2/db/BaseActiveRecord.php(296): yii\base\Component->__get('code')
#1 /opt/lampp/htdocs/models/User.php(160): yii\db\BaseActiveRecord->__get('code')
#2 /opt/lampp/htdocs/views/layouts/main.php(45): app\models\User->validateAdmin()
#3 /opt/lampp/htdocs/vendor/yiisoft/yii2/base/View.php(348): require('/opt/lampp/htdo...')
#4 /opt/lampp/htdocs/vendor/yiisoft/yii2/base/View.php(258): yii\base\View->renderPhpFile('/opt/lampp/htdo...', Array)
#5 /opt/lampp/htdocs/vendor/yiisoft/yii2/base/Controller.php(422): yii\base\View->renderFile('/opt/lampp/htdo...', Array, Object(app\controllers\SiteController))
#6 /opt/lampp/htdocs/vendor/yiisoft/yii2/base/Controller.php(408): yii\base\Controller->renderContent('<div class="sit...')
#7 /opt/lampp/htdocs/controllers/SiteController.php(64): yii\base\Controller->render('index')
#8 [internal function]: app\controllers\SiteController->actionIndex()
#9 /opt/lampp/htdocs/vendor/yiisoft/yii2/base/InlineAction.php(57): call_user_func_array(Array, Array)
#10 /opt/lampp/htdocs/vendor/yiisoft/yii2/base/Controller.php(178): yii\base\InlineAction->runWithParams(Array)
#11 /opt/lampp/htdocs/vendor/yiisoft/yii2/base/Module.php(552): yii\base\Controller->runAction('', Array)
#12 /opt/lampp/htdocs/vendor/yiisoft/yii2/web/Application.php(103): yii\base\Module->runAction('', Array)
#13 /opt/lampp/htdocs/vendor/yiisoft/yii2/base/Application.php(384): yii\web\Application->handleRequest(Object(yii\web\Request))
#14 /opt/lampp/htdocs/web/index.php(12): yii\base\Application->run()
#15 {main}
2024-10-22 12:32:51 [::1][8][ubtjclhdm7ava349ebl2u67r48][info][application] $_GET = []

$_POST = []

$_FILES = []

$_COOKIE = [
    'PHPSESSID' => 'ubtjclhdm7ava349ebl2u67r48'
    '_identity' => '3c368898812ae785f8c005e59018109711d625ba6893bcb49cb012b66c820d45a:2:{i:0;s:9:\"_identity\";i:1;s:16:\"[8,null,2592000]\";}'
    '_csrf' => '21d8a4cf15987ce08f6b25e1d0d696ae452390ebdf0a24806caf100b8b717ffba:2:{i:0;s:5:\"_csrf\";i:1;s:32:\"zloxBV-r5dXe0MZNzuM4UmG-WmEO0JbJ\";}'
]

$_SESSION = [
    '__flash' => [
        'sucsess' => -1
        'sucсess' => -1
    ]
    'sucsess' => 'Ты молодец'
    'sucсess' => 'Ты молодец'
    '__captcha/site/captcha' => 'nabeben'
    '__captcha/site/captchacount' => 1
    '__id' => 8
    '__authKey' => null
]

$_SERVER = [
    'REDIRECT_UNIQUE_ID' => 'Zxd_U-Q3Q8pcj4Kl4zGOsQAAAAY'
    'REDIRECT_STATUS' => '200'
    'UNIQUE_ID' => 'Zxd_U-Q3Q8pcj4Kl4zGOsQAAAAY'
    'HTTP_HOST' => 'localhost'
    'HTTP_CONNECTION' => 'keep-alive'
    'HTTP_CACHE_CONTROL' => 'max-age=0'
    'HTTP_SEC_CH_UA' => '\"Chromium\";v=\"127\", \"Not)A;Brand\";v=\"99\"'
    'HTTP_SEC_CH_UA_MOBILE' => '?0'
    'HTTP_SEC_CH_UA_PLATFORM' => '\"Linux\"'
    'HTTP_UPGRADE_INSECURE_REQUESTS' => '1'
    'HTTP_USER_AGENT' => 'Mozilla/5.0 (X11; Linux x86_64; Chromium GOST) AppleWebKit/537.36 (KHTML, like Gecko) Chrome/127.0.0.0 Safari/537.36'
    'HTTP_ACCEPT' => 'text/html,application/xhtml+xml,application/xml;q=0.9,image/avif,image/webp,image/apng,*/*;q=0.8,application/signed-exchange;v=b3;q=0.7'
    'HTTP_SEC_FETCH_SITE' => 'none'
    'HTTP_SEC_FETCH_MODE' => 'navigate'
    'HTTP_SEC_FETCH_USER' => '?1'
    'HTTP_SEC_FETCH_DEST' => 'document'
    'HTTP_ACCEPT_ENCODING' => 'gzip, deflate, br, zstd'
    'HTTP_ACCEPT_LANGUAGE' => 'ru-RU,ru;q=0.9'
    'HTTP_COOKIE' => 'PHPSESSID=ubtjclhdm7ava349ebl2u67r48; _identity=3c368898812ae785f8c005e59018109711d625ba6893bcb49cb012b66c820d45a%3A2%3A%7Bi%3A0%3Bs%3A9%3A%22_identity%22%3Bi%3A1%3Bs%3A16%3A%22%5B8%2Cnull%2C2592000%5D%22%3B%7D; _csrf=21d8a4cf15987ce08f6b25e1d0d696ae452390ebdf0a24806caf100b8b717ffba%3A2%3A%7Bi%3A0%3Bs%3A5%3A%22_csrf%22%3Bi%3A1%3Bs%3A32%3A%22zloxBV-r5dXe0MZNzuM4UmG-WmEO0JbJ%22%3B%7D'
    'PATH' => '/root/.local/bin:/root/bin:/usr/local/sbin:/usr/local/bin:/usr/sbin:/usr/bin'
    'LD_LIBRARY_PATH' => '/opt/lampp/lib:/opt/lampp/lib'
    'SERVER_SIGNATURE' => ''
    'SERVER_SOFTWARE' => 'Apache/2.4.58 (Unix) OpenSSL/1.1.1w PHP/8.2.12 mod_perl/2.0.12 Perl/v5.34.1'
    'SERVER_NAME' => 'localhost'
    'SERVER_ADDR' => '::1'
    'SERVER_PORT' => '80'
    'REMOTE_ADDR' => '::1'
    'DOCUMENT_ROOT' => '/opt/lampp/htdocs'
    'REQUEST_SCHEME' => 'http'
    'CONTEXT_PREFIX' => ''
    'CONTEXT_DOCUMENT_ROOT' => '/opt/lampp/htdocs'
    'SERVER_ADMIN' => 'you@example.com'
    'SCRIPT_FILENAME' => '/opt/lampp/htdocs/web/index.php'
    'REMOTE_PORT' => '47968'
    'REDIRECT_URL' => '/'
    'GATEWAY_INTERFACE' => 'CGI/1.1'
    'SERVER_PROTOCOL' => 'HTTP/1.1'
    'REQUEST_METHOD' => 'GET'
    'QUERY_STRING' => ''
    'REQUEST_URI' => '/'
    'SCRIPT_NAME' => '/web/index.php'
    'PHP_SELF' => '/web/index.php'
    'REQUEST_TIME_FLOAT' => 1729593171.7976
    'REQUEST_TIME' => 1729593171
]
2024-10-22 12:32:52 [::1][8][ubtjclhdm7ava349ebl2u67r48][error][yii\base\UnknownPropertyException] yii\base\UnknownPropertyException: Getting unknown property: app\models\User::code in /opt/lampp/htdocs/vendor/yiisoft/yii2/base/Component.php:154
Stack trace:
#0 /opt/lampp/htdocs/vendor/yiisoft/yii2/db/BaseActiveRecord.php(296): yii\base\Component->__get('code')
#1 /opt/lampp/htdocs/models/User.php(160): yii\db\BaseActiveRecord->__get('code')
#2 /opt/lampp/htdocs/views/layouts/main.php(45): app\models\User->validateAdmin()
#3 /opt/lampp/htdocs/vendor/yiisoft/yii2/base/View.php(348): require('/opt/lampp/htdo...')
#4 /opt/lampp/htdocs/vendor/yiisoft/yii2/base/View.php(258): yii\base\View->renderPhpFile('/opt/lampp/htdo...', Array)
#5 /opt/lampp/htdocs/vendor/yiisoft/yii2/base/Controller.php(422): yii\base\View->renderFile('/opt/lampp/htdo...', Array, Object(app\controllers\SiteController))
#6 /opt/lampp/htdocs/vendor/yiisoft/yii2/base/Controller.php(408): yii\base\Controller->renderContent('<div class="sit...')
#7 /opt/lampp/htdocs/controllers/SiteController.php(64): yii\base\Controller->render('index')
#8 [internal function]: app\controllers\SiteController->actionIndex()
#9 /opt/lampp/htdocs/vendor/yiisoft/yii2/base/InlineAction.php(57): call_user_func_array(Array, Array)
#10 /opt/lampp/htdocs/vendor/yiisoft/yii2/base/Controller.php(178): yii\base\InlineAction->runWithParams(Array)
#11 /opt/lampp/htdocs/vendor/yiisoft/yii2/base/Module.php(552): yii\base\Controller->runAction('', Array)
#12 /opt/lampp/htdocs/vendor/yiisoft/yii2/web/Application.php(103): yii\base\Module->runAction('', Array)
#13 /opt/lampp/htdocs/vendor/yiisoft/yii2/base/Application.php(384): yii\web\Application->handleRequest(Object(yii\web\Request))
#14 /opt/lampp/htdocs/web/index.php(12): yii\base\Application->run()
#15 {main}
2024-10-22 12:32:51 [::1][8][ubtjclhdm7ava349ebl2u67r48][info][application] $_GET = []

$_POST = []

$_FILES = []

$_COOKIE = [
    'PHPSESSID' => 'ubtjclhdm7ava349ebl2u67r48'
    '_identity' => '3c368898812ae785f8c005e59018109711d625ba6893bcb49cb012b66c820d45a:2:{i:0;s:9:\"_identity\";i:1;s:16:\"[8,null,2592000]\";}'
    '_csrf' => '21d8a4cf15987ce08f6b25e1d0d696ae452390ebdf0a24806caf100b8b717ffba:2:{i:0;s:5:\"_csrf\";i:1;s:32:\"zloxBV-r5dXe0MZNzuM4UmG-WmEO0JbJ\";}'
]

$_SESSION = [
    '__flash' => [
        'sucsess' => -1
        'sucсess' => -1
    ]
    'sucsess' => 'Ты молодец'
    'sucсess' => 'Ты молодец'
    '__captcha/site/captcha' => 'nabeben'
    '__captcha/site/captchacount' => 1
    '__id' => 8
    '__authKey' => null
]

$_SERVER = [
    'REDIRECT_UNIQUE_ID' => 'Zxd_U3MtlDrp4nYn7tfg2QAAAAI'
    'REDIRECT_STATUS' => '200'
    'UNIQUE_ID' => 'Zxd_U3MtlDrp4nYn7tfg2QAAAAI'
    'HTTP_HOST' => 'localhost'
    'HTTP_CONNECTION' => 'keep-alive'
    'HTTP_CACHE_CONTROL' => 'max-age=0'
    'HTTP_SEC_CH_UA' => '\"Chromium\";v=\"127\", \"Not)A;Brand\";v=\"99\"'
    'HTTP_SEC_CH_UA_MOBILE' => '?0'
    'HTTP_SEC_CH_UA_PLATFORM' => '\"Linux\"'
    'HTTP_UPGRADE_INSECURE_REQUESTS' => '1'
    'HTTP_USER_AGENT' => 'Mozilla/5.0 (X11; Linux x86_64; Chromium GOST) AppleWebKit/537.36 (KHTML, like Gecko) Chrome/127.0.0.0 Safari/537.36'
    'HTTP_ACCEPT' => 'text/html,application/xhtml+xml,application/xml;q=0.9,image/avif,image/webp,image/apng,*/*;q=0.8,application/signed-exchange;v=b3;q=0.7'
    'HTTP_SEC_FETCH_SITE' => 'none'
    'HTTP_SEC_FETCH_MODE' => 'navigate'
    'HTTP_SEC_FETCH_USER' => '?1'
    'HTTP_SEC_FETCH_DEST' => 'document'
    'HTTP_ACCEPT_ENCODING' => 'gzip, deflate, br, zstd'
    'HTTP_ACCEPT_LANGUAGE' => 'ru-RU,ru;q=0.9'
    'HTTP_COOKIE' => 'PHPSESSID=ubtjclhdm7ava349ebl2u67r48; _identity=3c368898812ae785f8c005e59018109711d625ba6893bcb49cb012b66c820d45a%3A2%3A%7Bi%3A0%3Bs%3A9%3A%22_identity%22%3Bi%3A1%3Bs%3A16%3A%22%5B8%2Cnull%2C2592000%5D%22%3B%7D; _csrf=21d8a4cf15987ce08f6b25e1d0d696ae452390ebdf0a24806caf100b8b717ffba%3A2%3A%7Bi%3A0%3Bs%3A5%3A%22_csrf%22%3Bi%3A1%3Bs%3A32%3A%22zloxBV-r5dXe0MZNzuM4UmG-WmEO0JbJ%22%3B%7D'
    'PATH' => '/root/.local/bin:/root/bin:/usr/local/sbin:/usr/local/bin:/usr/sbin:/usr/bin'
    'LD_LIBRARY_PATH' => '/opt/lampp/lib:/opt/lampp/lib'
    'SERVER_SIGNATURE' => ''
    'SERVER_SOFTWARE' => 'Apache/2.4.58 (Unix) OpenSSL/1.1.1w PHP/8.2.12 mod_perl/2.0.12 Perl/v5.34.1'
    'SERVER_NAME' => 'localhost'
    'SERVER_ADDR' => '::1'
    'SERVER_PORT' => '80'
    'REMOTE_ADDR' => '::1'
    'DOCUMENT_ROOT' => '/opt/lampp/htdocs'
    'REQUEST_SCHEME' => 'http'
    'CONTEXT_PREFIX' => ''
    'CONTEXT_DOCUMENT_ROOT' => '/opt/lampp/htdocs'
    'SERVER_ADMIN' => 'you@example.com'
    'SCRIPT_FILENAME' => '/opt/lampp/htdocs/web/index.php'
    'REMOTE_PORT' => '47972'
    'REDIRECT_URL' => '/'
    'GATEWAY_INTERFACE' => 'CGI/1.1'
    'SERVER_PROTOCOL' => 'HTTP/1.1'
    'REQUEST_METHOD' => 'GET'
    'QUERY_STRING' => ''
    'REQUEST_URI' => '/'
    'SCRIPT_NAME' => '/web/index.php'
    'PHP_SELF' => '/web/index.php'
    'REQUEST_TIME_FLOAT' => 1729593171.974
    'REQUEST_TIME' => 1729593171
]
2024-10-22 12:33:44 [::1][8][ubtjclhdm7ava349ebl2u67r48][error][yii\base\UnknownPropertyException] yii\base\UnknownPropertyException: Getting unknown property: app\models\User::code in /opt/lampp/htdocs/vendor/yiisoft/yii2/base/Component.php:154
Stack trace:
#0 /opt/lampp/htdocs/vendor/yiisoft/yii2/db/BaseActiveRecord.php(296): yii\base\Component->__get('code')
#1 /opt/lampp/htdocs/models/User.php(160): yii\db\BaseActiveRecord->__get('code')
#2 /opt/lampp/htdocs/views/layouts/main.php(45): app\models\User->validateAdmin()
#3 /opt/lampp/htdocs/vendor/yiisoft/yii2/base/View.php(348): require('/opt/lampp/htdo...')
#4 /opt/lampp/htdocs/vendor/yiisoft/yii2/base/View.php(258): yii\base\View->renderPhpFile('/opt/lampp/htdo...', Array)
#5 /opt/lampp/htdocs/vendor/yiisoft/yii2/base/Controller.php(422): yii\base\View->renderFile('/opt/lampp/htdo...', Array, Object(app\controllers\SiteController))
#6 /opt/lampp/htdocs/vendor/yiisoft/yii2/base/Controller.php(408): yii\base\Controller->renderContent('<div class="sit...')
#7 /opt/lampp/htdocs/controllers/SiteController.php(64): yii\base\Controller->render('index')
#8 [internal function]: app\controllers\SiteController->actionIndex()
#9 /opt/lampp/htdocs/vendor/yiisoft/yii2/base/InlineAction.php(57): call_user_func_array(Array, Array)
#10 /opt/lampp/htdocs/vendor/yiisoft/yii2/base/Controller.php(178): yii\base\InlineAction->runWithParams(Array)
#11 /opt/lampp/htdocs/vendor/yiisoft/yii2/base/Module.php(552): yii\base\Controller->runAction('', Array)
#12 /opt/lampp/htdocs/vendor/yiisoft/yii2/web/Application.php(103): yii\base\Module->runAction('', Array)
#13 /opt/lampp/htdocs/vendor/yiisoft/yii2/base/Application.php(384): yii\web\Application->handleRequest(Object(yii\web\Request))
#14 /opt/lampp/htdocs/web/index.php(12): yii\base\Application->run()
#15 {main}
2024-10-22 12:33:44 [::1][8][ubtjclhdm7ava349ebl2u67r48][info][application] $_GET = []

$_POST = []

$_FILES = []

$_COOKIE = [
    'PHPSESSID' => 'ubtjclhdm7ava349ebl2u67r48'
    '_identity' => '3c368898812ae785f8c005e59018109711d625ba6893bcb49cb012b66c820d45a:2:{i:0;s:9:\"_identity\";i:1;s:16:\"[8,null,2592000]\";}'
    '_csrf' => '21d8a4cf15987ce08f6b25e1d0d696ae452390ebdf0a24806caf100b8b717ffba:2:{i:0;s:5:\"_csrf\";i:1;s:32:\"zloxBV-r5dXe0MZNzuM4UmG-WmEO0JbJ\";}'
]

$_SESSION = [
    '__flash' => [
        'sucsess' => -1
        'sucсess' => -1
    ]
    'sucsess' => 'Ты молодец'
    'sucсess' => 'Ты молодец'
    '__captcha/site/captcha' => 'nabeben'
    '__captcha/site/captchacount' => 1
    '__id' => 8
    '__authKey' => null
]

$_SERVER = [
    'REDIRECT_UNIQUE_ID' => 'Zxd_iJ8l8nlNEby2fUeIswAAAAg'
    'REDIRECT_STATUS' => '200'
    'UNIQUE_ID' => 'Zxd_iJ8l8nlNEby2fUeIswAAAAg'
    'HTTP_HOST' => 'localhost'
    'HTTP_CONNECTION' => 'keep-alive'
    'HTTP_CACHE_CONTROL' => 'max-age=0'
    'HTTP_SEC_CH_UA' => '\"Chromium\";v=\"127\", \"Not)A;Brand\";v=\"99\"'
    'HTTP_SEC_CH_UA_MOBILE' => '?0'
    'HTTP_SEC_CH_UA_PLATFORM' => '\"Linux\"'
    'HTTP_UPGRADE_INSECURE_REQUESTS' => '1'
    'HTTP_USER_AGENT' => 'Mozilla/5.0 (X11; Linux x86_64; Chromium GOST) AppleWebKit/537.36 (KHTML, like Gecko) Chrome/127.0.0.0 Safari/537.36'
    'HTTP_ACCEPT' => 'text/html,application/xhtml+xml,application/xml;q=0.9,image/avif,image/webp,image/apng,*/*;q=0.8,application/signed-exchange;v=b3;q=0.7'
    'HTTP_SEC_FETCH_SITE' => 'none'
    'HTTP_SEC_FETCH_MODE' => 'navigate'
    'HTTP_SEC_FETCH_USER' => '?1'
    'HTTP_SEC_FETCH_DEST' => 'document'
    'HTTP_ACCEPT_ENCODING' => 'gzip, deflate, br, zstd'
    'HTTP_ACCEPT_LANGUAGE' => 'ru-RU,ru;q=0.9'
    'HTTP_COOKIE' => 'PHPSESSID=ubtjclhdm7ava349ebl2u67r48; _identity=3c368898812ae785f8c005e59018109711d625ba6893bcb49cb012b66c820d45a%3A2%3A%7Bi%3A0%3Bs%3A9%3A%22_identity%22%3Bi%3A1%3Bs%3A16%3A%22%5B8%2Cnull%2C2592000%5D%22%3B%7D; _csrf=21d8a4cf15987ce08f6b25e1d0d696ae452390ebdf0a24806caf100b8b717ffba%3A2%3A%7Bi%3A0%3Bs%3A5%3A%22_csrf%22%3Bi%3A1%3Bs%3A32%3A%22zloxBV-r5dXe0MZNzuM4UmG-WmEO0JbJ%22%3B%7D'
    'PATH' => '/root/.local/bin:/root/bin:/usr/local/sbin:/usr/local/bin:/usr/sbin:/usr/bin'
    'LD_LIBRARY_PATH' => '/opt/lampp/lib:/opt/lampp/lib'
    'SERVER_SIGNATURE' => ''
    'SERVER_SOFTWARE' => 'Apache/2.4.58 (Unix) OpenSSL/1.1.1w PHP/8.2.12 mod_perl/2.0.12 Perl/v5.34.1'
    'SERVER_NAME' => 'localhost'
    'SERVER_ADDR' => '::1'
    'SERVER_PORT' => '80'
    'REMOTE_ADDR' => '::1'
    'DOCUMENT_ROOT' => '/opt/lampp/htdocs'
    'REQUEST_SCHEME' => 'http'
    'CONTEXT_PREFIX' => ''
    'CONTEXT_DOCUMENT_ROOT' => '/opt/lampp/htdocs'
    'SERVER_ADMIN' => 'you@example.com'
    'SCRIPT_FILENAME' => '/opt/lampp/htdocs/web/index.php'
    'REMOTE_PORT' => '49810'
    'REDIRECT_URL' => '/'
    'GATEWAY_INTERFACE' => 'CGI/1.1'
    'SERVER_PROTOCOL' => 'HTTP/1.1'
    'REQUEST_METHOD' => 'GET'
    'QUERY_STRING' => ''
    'REQUEST_URI' => '/'
    'SCRIPT_NAME' => '/web/index.php'
    'PHP_SELF' => '/web/index.php'
    'REQUEST_TIME_FLOAT' => 1729593224.0169
    'REQUEST_TIME' => 1729593224
]
2024-10-22 12:47:39 [::1][8][ubtjclhdm7ava349ebl2u67r48][error][yii\base\UnknownPropertyException] yii\base\UnknownPropertyException: Getting unknown property: app\models\User::code in /opt/lampp/htdocs/vendor/yiisoft/yii2/base/Component.php:154
Stack trace:
#0 /opt/lampp/htdocs/vendor/yiisoft/yii2/db/BaseActiveRecord.php(296): yii\base\Component->__get('code')
#1 /opt/lampp/htdocs/models/User.php(160): yii\db\BaseActiveRecord->__get('code')
#2 /opt/lampp/htdocs/views/layouts/main.php(45): app\models\User->validateAdmin()
#3 /opt/lampp/htdocs/vendor/yiisoft/yii2/base/View.php(348): require('/opt/lampp/htdo...')
#4 /opt/lampp/htdocs/vendor/yiisoft/yii2/base/View.php(258): yii\base\View->renderPhpFile('/opt/lampp/htdo...', Array)
#5 /opt/lampp/htdocs/vendor/yiisoft/yii2/base/Controller.php(422): yii\base\View->renderFile('/opt/lampp/htdo...', Array, Object(app\controllers\SiteController))
#6 /opt/lampp/htdocs/vendor/yiisoft/yii2/base/Controller.php(408): yii\base\Controller->renderContent('<div class="sit...')
#7 /opt/lampp/htdocs/controllers/SiteController.php(64): yii\base\Controller->render('index')
#8 [internal function]: app\controllers\SiteController->actionIndex()
#9 /opt/lampp/htdocs/vendor/yiisoft/yii2/base/InlineAction.php(57): call_user_func_array(Array, Array)
#10 /opt/lampp/htdocs/vendor/yiisoft/yii2/base/Controller.php(178): yii\base\InlineAction->runWithParams(Array)
#11 /opt/lampp/htdocs/vendor/yiisoft/yii2/base/Module.php(552): yii\base\Controller->runAction('', Array)
#12 /opt/lampp/htdocs/vendor/yiisoft/yii2/web/Application.php(103): yii\base\Module->runAction('', Array)
#13 /opt/lampp/htdocs/vendor/yiisoft/yii2/base/Application.php(384): yii\web\Application->handleRequest(Object(yii\web\Request))
#14 /opt/lampp/htdocs/web/index.php(12): yii\base\Application->run()
#15 {main}
2024-10-22 12:47:39 [::1][8][ubtjclhdm7ava349ebl2u67r48][info][application] $_GET = []

$_POST = []

$_FILES = []

$_COOKIE = [
    'PHPSESSID' => 'ubtjclhdm7ava349ebl2u67r48'
    '_identity' => '3c368898812ae785f8c005e59018109711d625ba6893bcb49cb012b66c820d45a:2:{i:0;s:9:\"_identity\";i:1;s:16:\"[8,null,2592000]\";}'
    '_csrf' => '21d8a4cf15987ce08f6b25e1d0d696ae452390ebdf0a24806caf100b8b717ffba:2:{i:0;s:5:\"_csrf\";i:1;s:32:\"zloxBV-r5dXe0MZNzuM4UmG-WmEO0JbJ\";}'
]

$_SESSION = [
    '__flash' => [
        'sucsess' => -1
        'sucсess' => -1
    ]
    'sucsess' => 'Ты молодец'
    'sucсess' => 'Ты молодец'
    '__captcha/site/captcha' => 'nabeben'
    '__captcha/site/captchacount' => 1
    '__id' => 8
    '__authKey' => null
]

$_SERVER = [
    'REDIRECT_UNIQUE_ID' => 'ZxeCy2S50igL5wTT6JiB4gAAAAM'
    'REDIRECT_STATUS' => '200'
    'UNIQUE_ID' => 'ZxeCy2S50igL5wTT6JiB4gAAAAM'
    'HTTP_HOST' => 'localhost'
    'HTTP_CONNECTION' => 'keep-alive'
    'HTTP_CACHE_CONTROL' => 'max-age=0'
    'HTTP_SEC_CH_UA' => '\"Chromium\";v=\"127\", \"Not)A;Brand\";v=\"99\"'
    'HTTP_SEC_CH_UA_MOBILE' => '?0'
    'HTTP_SEC_CH_UA_PLATFORM' => '\"Linux\"'
    'HTTP_UPGRADE_INSECURE_REQUESTS' => '1'
    'HTTP_USER_AGENT' => 'Mozilla/5.0 (X11; Linux x86_64; Chromium GOST) AppleWebKit/537.36 (KHTML, like Gecko) Chrome/127.0.0.0 Safari/537.36'
    'HTTP_ACCEPT' => 'text/html,application/xhtml+xml,application/xml;q=0.9,image/avif,image/webp,image/apng,*/*;q=0.8,application/signed-exchange;v=b3;q=0.7'
    'HTTP_SEC_FETCH_SITE' => 'none'
    'HTTP_SEC_FETCH_MODE' => 'navigate'
    'HTTP_SEC_FETCH_USER' => '?1'
    'HTTP_SEC_FETCH_DEST' => 'document'
    'HTTP_ACCEPT_ENCODING' => 'gzip, deflate, br, zstd'
    'HTTP_ACCEPT_LANGUAGE' => 'ru-RU,ru;q=0.9'
    'HTTP_COOKIE' => 'PHPSESSID=ubtjclhdm7ava349ebl2u67r48; _identity=3c368898812ae785f8c005e59018109711d625ba6893bcb49cb012b66c820d45a%3A2%3A%7Bi%3A0%3Bs%3A9%3A%22_identity%22%3Bi%3A1%3Bs%3A16%3A%22%5B8%2Cnull%2C2592000%5D%22%3B%7D; _csrf=21d8a4cf15987ce08f6b25e1d0d696ae452390ebdf0a24806caf100b8b717ffba%3A2%3A%7Bi%3A0%3Bs%3A5%3A%22_csrf%22%3Bi%3A1%3Bs%3A32%3A%22zloxBV-r5dXe0MZNzuM4UmG-WmEO0JbJ%22%3B%7D'
    'PATH' => '/root/.local/bin:/root/bin:/usr/local/sbin:/usr/local/bin:/usr/sbin:/usr/bin'
    'LD_LIBRARY_PATH' => '/opt/lampp/lib:/opt/lampp/lib'
    'SERVER_SIGNATURE' => ''
    'SERVER_SOFTWARE' => 'Apache/2.4.58 (Unix) OpenSSL/1.1.1w PHP/8.2.12 mod_perl/2.0.12 Perl/v5.34.1'
    'SERVER_NAME' => 'localhost'
    'SERVER_ADDR' => '::1'
    'SERVER_PORT' => '80'
    'REMOTE_ADDR' => '::1'
    'DOCUMENT_ROOT' => '/opt/lampp/htdocs'
    'REQUEST_SCHEME' => 'http'
    'CONTEXT_PREFIX' => ''
    'CONTEXT_DOCUMENT_ROOT' => '/opt/lampp/htdocs'
    'SERVER_ADMIN' => 'you@example.com'
    'SCRIPT_FILENAME' => '/opt/lampp/htdocs/web/index.php'
    'REMOTE_PORT' => '43664'
    'REDIRECT_URL' => '/'
    'GATEWAY_INTERFACE' => 'CGI/1.1'
    'SERVER_PROTOCOL' => 'HTTP/1.1'
    'REQUEST_METHOD' => 'GET'
    'QUERY_STRING' => ''
    'REQUEST_URI' => '/'
    'SCRIPT_NAME' => '/web/index.php'
    'PHP_SELF' => '/web/index.php'
    'REQUEST_TIME_FLOAT' => 1729594059.8402
    'REQUEST_TIME' => 1729594059
]
2024-10-22 12:50:06 [::1][8][ubtjclhdm7ava349ebl2u67r48][error][yii\base\UnknownPropertyException] yii\base\UnknownPropertyException: Getting unknown property: app\models\User::code in /opt/lampp/htdocs/vendor/yiisoft/yii2/base/Component.php:154
Stack trace:
#0 /opt/lampp/htdocs/vendor/yiisoft/yii2/db/BaseActiveRecord.php(296): yii\base\Component->__get('code')
#1 /opt/lampp/htdocs/models/User.php(160): yii\db\BaseActiveRecord->__get('code')
#2 /opt/lampp/htdocs/views/layouts/main.php(45): app\models\User->validateAdmin()
#3 /opt/lampp/htdocs/vendor/yiisoft/yii2/base/View.php(348): require('/opt/lampp/htdo...')
#4 /opt/lampp/htdocs/vendor/yiisoft/yii2/base/View.php(258): yii\base\View->renderPhpFile('/opt/lampp/htdo...', Array)
#5 /opt/lampp/htdocs/vendor/yiisoft/yii2/base/Controller.php(422): yii\base\View->renderFile('/opt/lampp/htdo...', Array, Object(app\controllers\SiteController))
#6 /opt/lampp/htdocs/vendor/yiisoft/yii2/base/Controller.php(408): yii\base\Controller->renderContent('<div class="sit...')
#7 /opt/lampp/htdocs/controllers/SiteController.php(64): yii\base\Controller->render('index')
#8 [internal function]: app\controllers\SiteController->actionIndex()
#9 /opt/lampp/htdocs/vendor/yiisoft/yii2/base/InlineAction.php(57): call_user_func_array(Array, Array)
#10 /opt/lampp/htdocs/vendor/yiisoft/yii2/base/Controller.php(178): yii\base\InlineAction->runWithParams(Array)
#11 /opt/lampp/htdocs/vendor/yiisoft/yii2/base/Module.php(552): yii\base\Controller->runAction('', Array)
#12 /opt/lampp/htdocs/vendor/yiisoft/yii2/web/Application.php(103): yii\base\Module->runAction('', Array)
#13 /opt/lampp/htdocs/vendor/yiisoft/yii2/base/Application.php(384): yii\web\Application->handleRequest(Object(yii\web\Request))
#14 /opt/lampp/htdocs/web/index.php(12): yii\base\Application->run()
#15 {main}
2024-10-22 12:50:06 [::1][8][ubtjclhdm7ava349ebl2u67r48][info][application] $_GET = []

$_POST = []

$_FILES = []

$_COOKIE = [
    'PHPSESSID' => 'ubtjclhdm7ava349ebl2u67r48'
    '_identity' => '3c368898812ae785f8c005e59018109711d625ba6893bcb49cb012b66c820d45a:2:{i:0;s:9:\"_identity\";i:1;s:16:\"[8,null,2592000]\";}'
    '_csrf' => '21d8a4cf15987ce08f6b25e1d0d696ae452390ebdf0a24806caf100b8b717ffba:2:{i:0;s:5:\"_csrf\";i:1;s:32:\"zloxBV-r5dXe0MZNzuM4UmG-WmEO0JbJ\";}'
]

$_SESSION = [
    '__flash' => [
        'sucsess' => -1
        'sucсess' => -1
    ]
    'sucsess' => 'Ты молодец'
    'sucсess' => 'Ты молодец'
    '__captcha/site/captcha' => 'nabeben'
    '__captcha/site/captchacount' => 1
    '__id' => 8
    '__authKey' => null
]

$_SERVER = [
    'REDIRECT_UNIQUE_ID' => 'ZxeDXh-uviaqIHcCie-JZwAAAAE'
    'REDIRECT_STATUS' => '200'
    'UNIQUE_ID' => 'ZxeDXh-uviaqIHcCie-JZwAAAAE'
    'HTTP_HOST' => 'localhost'
    'HTTP_CONNECTION' => 'keep-alive'
    'HTTP_CACHE_CONTROL' => 'max-age=0'
    'HTTP_SEC_CH_UA' => '\"Chromium\";v=\"127\", \"Not)A;Brand\";v=\"99\"'
    'HTTP_SEC_CH_UA_MOBILE' => '?0'
    'HTTP_SEC_CH_UA_PLATFORM' => '\"Linux\"'
    'HTTP_UPGRADE_INSECURE_REQUESTS' => '1'
    'HTTP_USER_AGENT' => 'Mozilla/5.0 (X11; Linux x86_64; Chromium GOST) AppleWebKit/537.36 (KHTML, like Gecko) Chrome/127.0.0.0 Safari/537.36'
    'HTTP_ACCEPT' => 'text/html,application/xhtml+xml,application/xml;q=0.9,image/avif,image/webp,image/apng,*/*;q=0.8,application/signed-exchange;v=b3;q=0.7'
    'HTTP_SEC_FETCH_SITE' => 'none'
    'HTTP_SEC_FETCH_MODE' => 'navigate'
    'HTTP_SEC_FETCH_USER' => '?1'
    'HTTP_SEC_FETCH_DEST' => 'document'
    'HTTP_ACCEPT_ENCODING' => 'gzip, deflate, br, zstd'
    'HTTP_ACCEPT_LANGUAGE' => 'ru-RU,ru;q=0.9'
    'HTTP_COOKIE' => 'PHPSESSID=ubtjclhdm7ava349ebl2u67r48; _identity=3c368898812ae785f8c005e59018109711d625ba6893bcb49cb012b66c820d45a%3A2%3A%7Bi%3A0%3Bs%3A9%3A%22_identity%22%3Bi%3A1%3Bs%3A16%3A%22%5B8%2Cnull%2C2592000%5D%22%3B%7D; _csrf=21d8a4cf15987ce08f6b25e1d0d696ae452390ebdf0a24806caf100b8b717ffba%3A2%3A%7Bi%3A0%3Bs%3A5%3A%22_csrf%22%3Bi%3A1%3Bs%3A32%3A%22zloxBV-r5dXe0MZNzuM4UmG-WmEO0JbJ%22%3B%7D'
    'PATH' => '/root/.local/bin:/root/bin:/usr/local/sbin:/usr/local/bin:/usr/sbin:/usr/bin'
    'LD_LIBRARY_PATH' => '/opt/lampp/lib:/opt/lampp/lib'
    'SERVER_SIGNATURE' => ''
    'SERVER_SOFTWARE' => 'Apache/2.4.58 (Unix) OpenSSL/1.1.1w PHP/8.2.12 mod_perl/2.0.12 Perl/v5.34.1'
    'SERVER_NAME' => 'localhost'
    'SERVER_ADDR' => '::1'
    'SERVER_PORT' => '80'
    'REMOTE_ADDR' => '::1'
    'DOCUMENT_ROOT' => '/opt/lampp/htdocs'
    'REQUEST_SCHEME' => 'http'
    'CONTEXT_PREFIX' => ''
    'CONTEXT_DOCUMENT_ROOT' => '/opt/lampp/htdocs'
    'SERVER_ADMIN' => 'you@example.com'
    'SCRIPT_FILENAME' => '/opt/lampp/htdocs/web/index.php'
    'REMOTE_PORT' => '49588'
    'REDIRECT_URL' => '/'
    'GATEWAY_INTERFACE' => 'CGI/1.1'
    'SERVER_PROTOCOL' => 'HTTP/1.1'
    'REQUEST_METHOD' => 'GET'
    'QUERY_STRING' => ''
    'REQUEST_URI' => '/'
    'SCRIPT_NAME' => '/web/index.php'
    'PHP_SELF' => '/web/index.php'
    'REQUEST_TIME_FLOAT' => 1729594206.2796
    'REQUEST_TIME' => 1729594206
]
2024-10-22 12:50:06 [::1][8][ubtjclhdm7ava349ebl2u67r48][error][yii\base\UnknownPropertyException] yii\base\UnknownPropertyException: Getting unknown property: app\models\User::code in /opt/lampp/htdocs/vendor/yiisoft/yii2/base/Component.php:154
Stack trace:
#0 /opt/lampp/htdocs/vendor/yiisoft/yii2/db/BaseActiveRecord.php(296): yii\base\Component->__get('code')
#1 /opt/lampp/htdocs/models/User.php(160): yii\db\BaseActiveRecord->__get('code')
#2 /opt/lampp/htdocs/views/layouts/main.php(45): app\models\User->validateAdmin()
#3 /opt/lampp/htdocs/vendor/yiisoft/yii2/base/View.php(348): require('/opt/lampp/htdo...')
#4 /opt/lampp/htdocs/vendor/yiisoft/yii2/base/View.php(258): yii\base\View->renderPhpFile('/opt/lampp/htdo...', Array)
#5 /opt/lampp/htdocs/vendor/yiisoft/yii2/base/Controller.php(422): yii\base\View->renderFile('/opt/lampp/htdo...', Array, Object(app\controllers\SiteController))
#6 /opt/lampp/htdocs/vendor/yiisoft/yii2/base/Controller.php(408): yii\base\Controller->renderContent('<div class="sit...')
#7 /opt/lampp/htdocs/controllers/SiteController.php(64): yii\base\Controller->render('index')
#8 [internal function]: app\controllers\SiteController->actionIndex()
#9 /opt/lampp/htdocs/vendor/yiisoft/yii2/base/InlineAction.php(57): call_user_func_array(Array, Array)
#10 /opt/lampp/htdocs/vendor/yiisoft/yii2/base/Controller.php(178): yii\base\InlineAction->runWithParams(Array)
#11 /opt/lampp/htdocs/vendor/yiisoft/yii2/base/Module.php(552): yii\base\Controller->runAction('', Array)
#12 /opt/lampp/htdocs/vendor/yiisoft/yii2/web/Application.php(103): yii\base\Module->runAction('', Array)
#13 /opt/lampp/htdocs/vendor/yiisoft/yii2/base/Application.php(384): yii\web\Application->handleRequest(Object(yii\web\Request))
#14 /opt/lampp/htdocs/web/index.php(12): yii\base\Application->run()
#15 {main}
2024-10-22 12:50:06 [::1][8][ubtjclhdm7ava349ebl2u67r48][info][application] $_GET = []

$_POST = []

$_FILES = []

$_COOKIE = [
    'PHPSESSID' => 'ubtjclhdm7ava349ebl2u67r48'
    '_identity' => '3c368898812ae785f8c005e59018109711d625ba6893bcb49cb012b66c820d45a:2:{i:0;s:9:\"_identity\";i:1;s:16:\"[8,null,2592000]\";}'
    '_csrf' => '21d8a4cf15987ce08f6b25e1d0d696ae452390ebdf0a24806caf100b8b717ffba:2:{i:0;s:5:\"_csrf\";i:1;s:32:\"zloxBV-r5dXe0MZNzuM4UmG-WmEO0JbJ\";}'
]

$_SESSION = [
    '__flash' => [
        'sucsess' => -1
        'sucсess' => -1
    ]
    'sucsess' => 'Ты молодец'
    'sucсess' => 'Ты молодец'
    '__captcha/site/captcha' => 'nabeben'
    '__captcha/site/captchacount' => 1
    '__id' => 8
    '__authKey' => null
]

$_SERVER = [
    'REDIRECT_UNIQUE_ID' => 'ZxeDXjBrB5Dpx3FQ0dLVUgAAAAs'
    'REDIRECT_STATUS' => '200'
    'UNIQUE_ID' => 'ZxeDXjBrB5Dpx3FQ0dLVUgAAAAs'
    'HTTP_HOST' => 'localhost'
    'HTTP_CONNECTION' => 'keep-alive'
    'HTTP_CACHE_CONTROL' => 'max-age=0'
    'HTTP_SEC_CH_UA' => '\"Chromium\";v=\"127\", \"Not)A;Brand\";v=\"99\"'
    'HTTP_SEC_CH_UA_MOBILE' => '?0'
    'HTTP_SEC_CH_UA_PLATFORM' => '\"Linux\"'
    'HTTP_UPGRADE_INSECURE_REQUESTS' => '1'
    'HTTP_USER_AGENT' => 'Mozilla/5.0 (X11; Linux x86_64; Chromium GOST) AppleWebKit/537.36 (KHTML, like Gecko) Chrome/127.0.0.0 Safari/537.36'
    'HTTP_ACCEPT' => 'text/html,application/xhtml+xml,application/xml;q=0.9,image/avif,image/webp,image/apng,*/*;q=0.8,application/signed-exchange;v=b3;q=0.7'
    'HTTP_SEC_FETCH_SITE' => 'none'
    'HTTP_SEC_FETCH_MODE' => 'navigate'
    'HTTP_SEC_FETCH_USER' => '?1'
    'HTTP_SEC_FETCH_DEST' => 'document'
    'HTTP_ACCEPT_ENCODING' => 'gzip, deflate, br, zstd'
    'HTTP_ACCEPT_LANGUAGE' => 'ru-RU,ru;q=0.9'
    'HTTP_COOKIE' => 'PHPSESSID=ubtjclhdm7ava349ebl2u67r48; _identity=3c368898812ae785f8c005e59018109711d625ba6893bcb49cb012b66c820d45a%3A2%3A%7Bi%3A0%3Bs%3A9%3A%22_identity%22%3Bi%3A1%3Bs%3A16%3A%22%5B8%2Cnull%2C2592000%5D%22%3B%7D; _csrf=21d8a4cf15987ce08f6b25e1d0d696ae452390ebdf0a24806caf100b8b717ffba%3A2%3A%7Bi%3A0%3Bs%3A5%3A%22_csrf%22%3Bi%3A1%3Bs%3A32%3A%22zloxBV-r5dXe0MZNzuM4UmG-WmEO0JbJ%22%3B%7D'
    'PATH' => '/root/.local/bin:/root/bin:/usr/local/sbin:/usr/local/bin:/usr/sbin:/usr/bin'
    'LD_LIBRARY_PATH' => '/opt/lampp/lib:/opt/lampp/lib'
    'SERVER_SIGNATURE' => ''
    'SERVER_SOFTWARE' => 'Apache/2.4.58 (Unix) OpenSSL/1.1.1w PHP/8.2.12 mod_perl/2.0.12 Perl/v5.34.1'
    'SERVER_NAME' => 'localhost'
    'SERVER_ADDR' => '::1'
    'SERVER_PORT' => '80'
    'REMOTE_ADDR' => '::1'
    'DOCUMENT_ROOT' => '/opt/lampp/htdocs'
    'REQUEST_SCHEME' => 'http'
    'CONTEXT_PREFIX' => ''
    'CONTEXT_DOCUMENT_ROOT' => '/opt/lampp/htdocs'
    'SERVER_ADMIN' => 'you@example.com'
    'SCRIPT_FILENAME' => '/opt/lampp/htdocs/web/index.php'
    'REMOTE_PORT' => '49594'
    'REDIRECT_URL' => '/'
    'GATEWAY_INTERFACE' => 'CGI/1.1'
    'SERVER_PROTOCOL' => 'HTTP/1.1'
    'REQUEST_METHOD' => 'GET'
    'QUERY_STRING' => ''
    'REQUEST_URI' => '/'
    'SCRIPT_NAME' => '/web/index.php'
    'PHP_SELF' => '/web/index.php'
    'REQUEST_TIME_FLOAT' => 1729594206.8033
    'REQUEST_TIME' => 1729594206
]
2024-10-22 12:50:07 [::1][8][ubtjclhdm7ava349ebl2u67r48][error][yii\base\UnknownPropertyException] yii\base\UnknownPropertyException: Getting unknown property: app\models\User::code in /opt/lampp/htdocs/vendor/yiisoft/yii2/base/Component.php:154
Stack trace:
#0 /opt/lampp/htdocs/vendor/yiisoft/yii2/db/BaseActiveRecord.php(296): yii\base\Component->__get('code')
#1 /opt/lampp/htdocs/models/User.php(160): yii\db\BaseActiveRecord->__get('code')
#2 /opt/lampp/htdocs/views/layouts/main.php(45): app\models\User->validateAdmin()
#3 /opt/lampp/htdocs/vendor/yiisoft/yii2/base/View.php(348): require('/opt/lampp/htdo...')
#4 /opt/lampp/htdocs/vendor/yiisoft/yii2/base/View.php(258): yii\base\View->renderPhpFile('/opt/lampp/htdo...', Array)
#5 /opt/lampp/htdocs/vendor/yiisoft/yii2/base/Controller.php(422): yii\base\View->renderFile('/opt/lampp/htdo...', Array, Object(app\controllers\SiteController))
#6 /opt/lampp/htdocs/vendor/yiisoft/yii2/base/Controller.php(408): yii\base\Controller->renderContent('<div class="sit...')
#7 /opt/lampp/htdocs/controllers/SiteController.php(64): yii\base\Controller->render('index')
#8 [internal function]: app\controllers\SiteController->actionIndex()
#9 /opt/lampp/htdocs/vendor/yiisoft/yii2/base/InlineAction.php(57): call_user_func_array(Array, Array)
#10 /opt/lampp/htdocs/vendor/yiisoft/yii2/base/Controller.php(178): yii\base\InlineAction->runWithParams(Array)
#11 /opt/lampp/htdocs/vendor/yiisoft/yii2/base/Module.php(552): yii\base\Controller->runAction('', Array)
#12 /opt/lampp/htdocs/vendor/yiisoft/yii2/web/Application.php(103): yii\base\Module->runAction('', Array)
#13 /opt/lampp/htdocs/vendor/yiisoft/yii2/base/Application.php(384): yii\web\Application->handleRequest(Object(yii\web\Request))
#14 /opt/lampp/htdocs/web/index.php(12): yii\base\Application->run()
#15 {main}
2024-10-22 12:50:06 [::1][8][ubtjclhdm7ava349ebl2u67r48][info][application] $_GET = []

$_POST = []

$_FILES = []

$_COOKIE = [
    'PHPSESSID' => 'ubtjclhdm7ava349ebl2u67r48'
    '_identity' => '3c368898812ae785f8c005e59018109711d625ba6893bcb49cb012b66c820d45a:2:{i:0;s:9:\"_identity\";i:1;s:16:\"[8,null,2592000]\";}'
    '_csrf' => '21d8a4cf15987ce08f6b25e1d0d696ae452390ebdf0a24806caf100b8b717ffba:2:{i:0;s:5:\"_csrf\";i:1;s:32:\"zloxBV-r5dXe0MZNzuM4UmG-WmEO0JbJ\";}'
]

$_SESSION = [
    '__flash' => [
        'sucsess' => -1
        'sucсess' => -1
    ]
    'sucsess' => 'Ты молодец'
    'sucсess' => 'Ты молодец'
    '__captcha/site/captcha' => 'nabeben'
    '__captcha/site/captchacount' => 1
    '__id' => 8
    '__authKey' => null
]

$_SERVER = [
    'REDIRECT_UNIQUE_ID' => 'ZxeDXlgMTb4vzZ07Vl6IRgAAAAA'
    'REDIRECT_STATUS' => '200'
    'UNIQUE_ID' => 'ZxeDXlgMTb4vzZ07Vl6IRgAAAAA'
    'HTTP_HOST' => 'localhost'
    'HTTP_CONNECTION' => 'keep-alive'
    'HTTP_CACHE_CONTROL' => 'max-age=0'
    'HTTP_SEC_CH_UA' => '\"Chromium\";v=\"127\", \"Not)A;Brand\";v=\"99\"'
    'HTTP_SEC_CH_UA_MOBILE' => '?0'
    'HTTP_SEC_CH_UA_PLATFORM' => '\"Linux\"'
    'HTTP_UPGRADE_INSECURE_REQUESTS' => '1'
    'HTTP_USER_AGENT' => 'Mozilla/5.0 (X11; Linux x86_64; Chromium GOST) AppleWebKit/537.36 (KHTML, like Gecko) Chrome/127.0.0.0 Safari/537.36'
    'HTTP_ACCEPT' => 'text/html,application/xhtml+xml,application/xml;q=0.9,image/avif,image/webp,image/apng,*/*;q=0.8,application/signed-exchange;v=b3;q=0.7'
    'HTTP_SEC_FETCH_SITE' => 'none'
    'HTTP_SEC_FETCH_MODE' => 'navigate'
    'HTTP_SEC_FETCH_USER' => '?1'
    'HTTP_SEC_FETCH_DEST' => 'document'
    'HTTP_ACCEPT_ENCODING' => 'gzip, deflate, br, zstd'
    'HTTP_ACCEPT_LANGUAGE' => 'ru-RU,ru;q=0.9'
    'HTTP_COOKIE' => 'PHPSESSID=ubtjclhdm7ava349ebl2u67r48; _identity=3c368898812ae785f8c005e59018109711d625ba6893bcb49cb012b66c820d45a%3A2%3A%7Bi%3A0%3Bs%3A9%3A%22_identity%22%3Bi%3A1%3Bs%3A16%3A%22%5B8%2Cnull%2C2592000%5D%22%3B%7D; _csrf=21d8a4cf15987ce08f6b25e1d0d696ae452390ebdf0a24806caf100b8b717ffba%3A2%3A%7Bi%3A0%3Bs%3A5%3A%22_csrf%22%3Bi%3A1%3Bs%3A32%3A%22zloxBV-r5dXe0MZNzuM4UmG-WmEO0JbJ%22%3B%7D'
    'PATH' => '/root/.local/bin:/root/bin:/usr/local/sbin:/usr/local/bin:/usr/sbin:/usr/bin'
    'LD_LIBRARY_PATH' => '/opt/lampp/lib:/opt/lampp/lib'
    'SERVER_SIGNATURE' => ''
    'SERVER_SOFTWARE' => 'Apache/2.4.58 (Unix) OpenSSL/1.1.1w PHP/8.2.12 mod_perl/2.0.12 Perl/v5.34.1'
    'SERVER_NAME' => 'localhost'
    'SERVER_ADDR' => '::1'
    'SERVER_PORT' => '80'
    'REMOTE_ADDR' => '::1'
    'DOCUMENT_ROOT' => '/opt/lampp/htdocs'
    'REQUEST_SCHEME' => 'http'
    'CONTEXT_PREFIX' => ''
    'CONTEXT_DOCUMENT_ROOT' => '/opt/lampp/htdocs'
    'SERVER_ADMIN' => 'you@example.com'
    'SCRIPT_FILENAME' => '/opt/lampp/htdocs/web/index.php'
    'REMOTE_PORT' => '49596'
    'REDIRECT_URL' => '/'
    'GATEWAY_INTERFACE' => 'CGI/1.1'
    'SERVER_PROTOCOL' => 'HTTP/1.1'
    'REQUEST_METHOD' => 'GET'
    'QUERY_STRING' => ''
    'REQUEST_URI' => '/'
    'SCRIPT_NAME' => '/web/index.php'
    'PHP_SELF' => '/web/index.php'
    'REQUEST_TIME_FLOAT' => 1729594206.9714
    'REQUEST_TIME' => 1729594206
]
2024-10-22 12:53:49 [::1][-][-][error][yii\di\NotInstantiableException] ReflectionException: Class "app\controllers\VerbFilter" does not exist in /opt/lampp/htdocs/vendor/yiisoft/yii2/di/Container.php:507
Stack trace:
#0 /opt/lampp/htdocs/vendor/yiisoft/yii2/di/Container.php(507): ReflectionClass->__construct('app\\controllers...')
#1 /opt/lampp/htdocs/vendor/yiisoft/yii2/di/Container.php(385): yii\di\Container->getDependencies('app\\controllers...')
#2 /opt/lampp/htdocs/vendor/yiisoft/yii2/di/Container.php(170): yii\di\Container->build('app\\controllers...', Array, Array)
#3 /opt/lampp/htdocs/vendor/yiisoft/yii2/BaseYii.php(365): yii\di\Container->get('app\\controllers...', Array, Array)
#4 /opt/lampp/htdocs/vendor/yiisoft/yii2/base/Component.php(764): yii\BaseYii::createObject(Array)
#5 /opt/lampp/htdocs/vendor/yiisoft/yii2/base/Component.php(748): yii\base\Component->attachBehaviorInternal('verbs', Array)
#6 /opt/lampp/htdocs/vendor/yiisoft/yii2/base/Component.php(617): yii\base\Component->ensureBehaviors()
#7 /opt/lampp/htdocs/vendor/yiisoft/yii2/base/Controller.php(297): yii\base\Component->trigger('beforeAction', Object(yii\base\ActionEvent))
#8 /opt/lampp/htdocs/vendor/yiisoft/yii2/web/Controller.php(219): yii\base\Controller->beforeAction(Object(yii\base\InlineAction))
#9 /opt/lampp/htdocs/vendor/yiisoft/yii2/base/Controller.php(176): yii\web\Controller->beforeAction(Object(yii\base\InlineAction))
#10 /opt/lampp/htdocs/vendor/yiisoft/yii2/base/Module.php(552): yii\base\Controller->runAction('', Array)
#11 /opt/lampp/htdocs/vendor/yiisoft/yii2/web/Application.php(103): yii\base\Module->runAction('admin', Array)
#12 /opt/lampp/htdocs/vendor/yiisoft/yii2/base/Application.php(384): yii\web\Application->handleRequest(Object(yii\web\Request))
#13 /opt/lampp/htdocs/web/index.php(12): yii\base\Application->run()
#14 {main}

Next yii\di\NotInstantiableException: Failed to instantiate component or class "app\controllers\VerbFilter". in /opt/lampp/htdocs/vendor/yiisoft/yii2/di/Container.php:509
Stack trace:
#0 /opt/lampp/htdocs/vendor/yiisoft/yii2/di/Container.php(385): yii\di\Container->getDependencies('app\\controllers...')
#1 /opt/lampp/htdocs/vendor/yiisoft/yii2/di/Container.php(170): yii\di\Container->build('app\\controllers...', Array, Array)
#2 /opt/lampp/htdocs/vendor/yiisoft/yii2/BaseYii.php(365): yii\di\Container->get('app\\controllers...', Array, Array)
#3 /opt/lampp/htdocs/vendor/yiisoft/yii2/base/Component.php(764): yii\BaseYii::createObject(Array)
#4 /opt/lampp/htdocs/vendor/yiisoft/yii2/base/Component.php(748): yii\base\Component->attachBehaviorInternal('verbs', Array)
#5 /opt/lampp/htdocs/vendor/yiisoft/yii2/base/Component.php(617): yii\base\Component->ensureBehaviors()
#6 /opt/lampp/htdocs/vendor/yiisoft/yii2/base/Controller.php(297): yii\base\Component->trigger('beforeAction', Object(yii\base\ActionEvent))
#7 /opt/lampp/htdocs/vendor/yiisoft/yii2/web/Controller.php(219): yii\base\Controller->beforeAction(Object(yii\base\InlineAction))
#8 /opt/lampp/htdocs/vendor/yiisoft/yii2/base/Controller.php(176): yii\web\Controller->beforeAction(Object(yii\base\InlineAction))
#9 /opt/lampp/htdocs/vendor/yiisoft/yii2/base/Module.php(552): yii\base\Controller->runAction('', Array)
#10 /opt/lampp/htdocs/vendor/yiisoft/yii2/web/Application.php(103): yii\base\Module->runAction('admin', Array)
#11 /opt/lampp/htdocs/vendor/yiisoft/yii2/base/Application.php(384): yii\web\Application->handleRequest(Object(yii\web\Request))
#12 /opt/lampp/htdocs/web/index.php(12): yii\base\Application->run()
#13 {main}
2024-10-22 12:53:49 [::1][-][-][info][application] $_GET = []

$_POST = []

$_FILES = []

$_COOKIE = [
    'PHPSESSID' => 'ssrrsldf7bff4sq6bs508humpv'
    '_identity' => '0c7dc0824cf6cbf55382e435d7f4d768f1edd2fa7d9b4fe2c07e79a6a778c1aea:2:{i:0;s:9:\"_identity\";i:1;s:16:\"[1,null,2592000]\";}'
    '_csrf' => 'ffe378dceffa3252ccafe6ac2aff3ebba0aa27b402f5fdcaf80afca934fe35cea:2:{i:0;s:5:\"_csrf\";i:1;s:32:\"0mkJsQsjgFnlcyn3jZfW8ItjfC3_zeGs\";}'
]

$_SERVER = [
    'REDIRECT_REDIRECT_UNIQUE_ID' => 'ZxeEPWgs0ylGETYYUyf5CQAAAAQ'
    'REDIRECT_REDIRECT_STATUS' => '200'
    'REDIRECT_UNIQUE_ID' => 'ZxeEPWgs0ylGETYYUyf5CQAAAAQ'
    'REDIRECT_STATUS' => '200'
    'UNIQUE_ID' => 'ZxeEPWgs0ylGETYYUyf5CQAAAAQ'
    'HTTP_HOST' => 'localhost'
    'HTTP_CONNECTION' => 'keep-alive'
    'HTTP_SEC_CH_UA' => '\"Chromium\";v=\"127\", \"Not)A;Brand\";v=\"99\"'
    'HTTP_SEC_CH_UA_MOBILE' => '?0'
    'HTTP_SEC_CH_UA_PLATFORM' => '\"Linux\"'
    'HTTP_UPGRADE_INSECURE_REQUESTS' => '1'
    'HTTP_USER_AGENT' => 'Mozilla/5.0 (X11; Linux x86_64; Chromium GOST) AppleWebKit/537.36 (KHTML, like Gecko) Chrome/127.0.0.0 Safari/537.36'
    'HTTP_ACCEPT' => 'text/html,application/xhtml+xml,application/xml;q=0.9,image/avif,image/webp,image/apng,*/*;q=0.8,application/signed-exchange;v=b3;q=0.7'
    'HTTP_SEC_FETCH_SITE' => 'same-origin'
    'HTTP_SEC_FETCH_MODE' => 'navigate'
    'HTTP_SEC_FETCH_USER' => '?1'
    'HTTP_SEC_FETCH_DEST' => 'document'
    'HTTP_REFERER' => 'http://localhost/'
    'HTTP_ACCEPT_ENCODING' => 'gzip, deflate, br, zstd'
    'HTTP_ACCEPT_LANGUAGE' => 'ru-RU,ru;q=0.9'
    'HTTP_COOKIE' => 'PHPSESSID=ssrrsldf7bff4sq6bs508humpv; _identity=0c7dc0824cf6cbf55382e435d7f4d768f1edd2fa7d9b4fe2c07e79a6a778c1aea%3A2%3A%7Bi%3A0%3Bs%3A9%3A%22_identity%22%3Bi%3A1%3Bs%3A16%3A%22%5B1%2Cnull%2C2592000%5D%22%3B%7D; _csrf=ffe378dceffa3252ccafe6ac2aff3ebba0aa27b402f5fdcaf80afca934fe35cea%3A2%3A%7Bi%3A0%3Bs%3A5%3A%22_csrf%22%3Bi%3A1%3Bs%3A32%3A%220mkJsQsjgFnlcyn3jZfW8ItjfC3_zeGs%22%3B%7D'
    'PATH' => '/root/.local/bin:/root/bin:/usr/local/sbin:/usr/local/bin:/usr/sbin:/usr/bin'
    'LD_LIBRARY_PATH' => '/opt/lampp/lib:/opt/lampp/lib'
    'SERVER_SIGNATURE' => ''
    'SERVER_SOFTWARE' => 'Apache/2.4.58 (Unix) OpenSSL/1.1.1w PHP/8.2.12 mod_perl/2.0.12 Perl/v5.34.1'
    'SERVER_NAME' => 'localhost'
    'SERVER_ADDR' => '::1'
    'SERVER_PORT' => '80'
    'REMOTE_ADDR' => '::1'
    'DOCUMENT_ROOT' => '/opt/lampp/htdocs'
    'REQUEST_SCHEME' => 'http'
    'CONTEXT_PREFIX' => ''
    'CONTEXT_DOCUMENT_ROOT' => '/opt/lampp/htdocs'
    'SERVER_ADMIN' => 'you@example.com'
    'SCRIPT_FILENAME' => '/opt/lampp/htdocs/web/index.php'
    'REMOTE_PORT' => '58644'
    'REDIRECT_URL' => '/web/admin'
    'GATEWAY_INTERFACE' => 'CGI/1.1'
    'SERVER_PROTOCOL' => 'HTTP/1.1'
    'REQUEST_METHOD' => 'GET'
    'QUERY_STRING' => ''
    'REQUEST_URI' => '/admin'
    'SCRIPT_NAME' => '/web/index.php'
    'PHP_SELF' => '/web/index.php'
    'REQUEST_TIME_FLOAT' => 1729594429.9872
    'REQUEST_TIME' => 1729594429
]
2024-10-22 12:57:13 [::1][1][ssrrsldf7bff4sq6bs508humpv][error][yii\base\ErrorException:2] yii\base\ErrorException: Undefined variable $dataProvider in /opt/lampp/htdocs/views/admin/index.php:24
Stack trace:
#0 /opt/lampp/htdocs/views/admin/index.php(24): yii\base\ErrorHandler->handleError(2, 'Undefined varia...', '/opt/lampp/htdo...', 24)
#1 /opt/lampp/htdocs/vendor/yiisoft/yii2/base/View.php(348): require('/opt/lampp/htdo...')
#2 /opt/lampp/htdocs/vendor/yiisoft/yii2/base/View.php(258): yii\base\View->renderPhpFile('/opt/lampp/htdo...', Array)
#3 /opt/lampp/htdocs/vendor/yiisoft/yii2/base/View.php(157): yii\base\View->renderFile('/opt/lampp/htdo...', Array, Object(app\controllers\AdminController))
#4 /opt/lampp/htdocs/vendor/yiisoft/yii2/base/Controller.php(407): yii\base\View->render('index', Array, Object(app\controllers\AdminController))
#5 /opt/lampp/htdocs/controllers/AdminController.php(16): yii\base\Controller->render('index')
#6 [internal function]: app\controllers\AdminController->actionIndex()
#7 /opt/lampp/htdocs/vendor/yiisoft/yii2/base/InlineAction.php(57): call_user_func_array(Array, Array)
#8 /opt/lampp/htdocs/vendor/yiisoft/yii2/base/Controller.php(178): yii\base\InlineAction->runWithParams(Array)
#9 /opt/lampp/htdocs/vendor/yiisoft/yii2/base/Module.php(552): yii\base\Controller->runAction('', Array)
#10 /opt/lampp/htdocs/vendor/yiisoft/yii2/web/Application.php(103): yii\base\Module->runAction('admin', Array)
#11 /opt/lampp/htdocs/vendor/yiisoft/yii2/base/Application.php(384): yii\web\Application->handleRequest(Object(yii\web\Request))
#12 /opt/lampp/htdocs/web/index.php(12): yii\base\Application->run()
#13 {main}
2024-10-22 12:57:13 [::1][1][ssrrsldf7bff4sq6bs508humpv][info][application] $_GET = []

$_POST = []

$_FILES = []

$_COOKIE = [
    'PHPSESSID' => 'ssrrsldf7bff4sq6bs508humpv'
    '_identity' => '0c7dc0824cf6cbf55382e435d7f4d768f1edd2fa7d9b4fe2c07e79a6a778c1aea:2:{i:0;s:9:\"_identity\";i:1;s:16:\"[1,null,2592000]\";}'
    '_csrf' => 'ffe378dceffa3252ccafe6ac2aff3ebba0aa27b402f5fdcaf80afca934fe35cea:2:{i:0;s:5:\"_csrf\";i:1;s:32:\"0mkJsQsjgFnlcyn3jZfW8ItjfC3_zeGs\";}'
]

$_SESSION = [
    '__flash' => []
    '__id' => 1
    '__authKey' => null
]

$_SERVER = [
    'REDIRECT_REDIRECT_UNIQUE_ID' => 'ZxeFCZ8l8nlNEby2fUeItAAAAAg'
    'REDIRECT_REDIRECT_STATUS' => '200'
    'REDIRECT_UNIQUE_ID' => 'ZxeFCZ8l8nlNEby2fUeItAAAAAg'
    'REDIRECT_STATUS' => '200'
    'UNIQUE_ID' => 'ZxeFCZ8l8nlNEby2fUeItAAAAAg'
    'HTTP_HOST' => 'localhost'
    'HTTP_CONNECTION' => 'keep-alive'
    'HTTP_CACHE_CONTROL' => 'max-age=0'
    'HTTP_SEC_CH_UA' => '\"Chromium\";v=\"127\", \"Not)A;Brand\";v=\"99\"'
    'HTTP_SEC_CH_UA_MOBILE' => '?0'
    'HTTP_SEC_CH_UA_PLATFORM' => '\"Linux\"'
    'HTTP_UPGRADE_INSECURE_REQUESTS' => '1'
    'HTTP_USER_AGENT' => 'Mozilla/5.0 (X11; Linux x86_64; Chromium GOST) AppleWebKit/537.36 (KHTML, like Gecko) Chrome/127.0.0.0 Safari/537.36'
    'HTTP_ACCEPT' => 'text/html,application/xhtml+xml,application/xml;q=0.9,image/avif,image/webp,image/apng,*/*;q=0.8,application/signed-exchange;v=b3;q=0.7'
    'HTTP_SEC_FETCH_SITE' => 'same-origin'
    'HTTP_SEC_FETCH_MODE' => 'navigate'
    'HTTP_SEC_FETCH_USER' => '?1'
    'HTTP_SEC_FETCH_DEST' => 'document'
    'HTTP_REFERER' => 'http://localhost/'
    'HTTP_ACCEPT_ENCODING' => 'gzip, deflate, br, zstd'
    'HTTP_ACCEPT_LANGUAGE' => 'ru-RU,ru;q=0.9'
    'HTTP_COOKIE' => 'PHPSESSID=ssrrsldf7bff4sq6bs508humpv; _identity=0c7dc0824cf6cbf55382e435d7f4d768f1edd2fa7d9b4fe2c07e79a6a778c1aea%3A2%3A%7Bi%3A0%3Bs%3A9%3A%22_identity%22%3Bi%3A1%3Bs%3A16%3A%22%5B1%2Cnull%2C2592000%5D%22%3B%7D; _csrf=ffe378dceffa3252ccafe6ac2aff3ebba0aa27b402f5fdcaf80afca934fe35cea%3A2%3A%7Bi%3A0%3Bs%3A5%3A%22_csrf%22%3Bi%3A1%3Bs%3A32%3A%220mkJsQsjgFnlcyn3jZfW8ItjfC3_zeGs%22%3B%7D'
    'PATH' => '/root/.local/bin:/root/bin:/usr/local/sbin:/usr/local/bin:/usr/sbin:/usr/bin'
    'LD_LIBRARY_PATH' => '/opt/lampp/lib:/opt/lampp/lib'
    'SERVER_SIGNATURE' => ''
    'SERVER_SOFTWARE' => 'Apache/2.4.58 (Unix) OpenSSL/1.1.1w PHP/8.2.12 mod_perl/2.0.12 Perl/v5.34.1'
    'SERVER_NAME' => 'localhost'
    'SERVER_ADDR' => '::1'
    'SERVER_PORT' => '80'
    'REMOTE_ADDR' => '::1'
    'DOCUMENT_ROOT' => '/opt/lampp/htdocs'
    'REQUEST_SCHEME' => 'http'
    'CONTEXT_PREFIX' => ''
    'CONTEXT_DOCUMENT_ROOT' => '/opt/lampp/htdocs'
    'SERVER_ADMIN' => 'you@example.com'
    'SCRIPT_FILENAME' => '/opt/lampp/htdocs/web/index.php'
    'REMOTE_PORT' => '49916'
    'REDIRECT_URL' => '/web/admin'
    'GATEWAY_INTERFACE' => 'CGI/1.1'
    'SERVER_PROTOCOL' => 'HTTP/1.1'
    'REQUEST_METHOD' => 'GET'
    'QUERY_STRING' => ''
    'REQUEST_URI' => '/admin'
    'SCRIPT_NAME' => '/web/index.php'
    'PHP_SELF' => '/web/index.php'
    'REQUEST_TIME_FLOAT' => 1729594633.2632
    'REQUEST_TIME' => 1729594633
]
2024-10-22 13:00:39 [::1][1][ssrrsldf7bff4sq6bs508humpv][error][Error] Error: Class "app\controllers\ActiveDataProvider" not found in /opt/lampp/htdocs/controllers/AdminController.php:16
Stack trace:
#0 [internal function]: app\controllers\AdminController->actionIndex()
#1 /opt/lampp/htdocs/vendor/yiisoft/yii2/base/InlineAction.php(57): call_user_func_array(Array, Array)
#2 /opt/lampp/htdocs/vendor/yiisoft/yii2/base/Controller.php(178): yii\base\InlineAction->runWithParams(Array)
#3 /opt/lampp/htdocs/vendor/yiisoft/yii2/base/Module.php(552): yii\base\Controller->runAction('', Array)
#4 /opt/lampp/htdocs/vendor/yiisoft/yii2/web/Application.php(103): yii\base\Module->runAction('admin', Array)
#5 /opt/lampp/htdocs/vendor/yiisoft/yii2/base/Application.php(384): yii\web\Application->handleRequest(Object(yii\web\Request))
#6 /opt/lampp/htdocs/web/index.php(12): yii\base\Application->run()
#7 {main}
2024-10-22 13:00:39 [::1][1][ssrrsldf7bff4sq6bs508humpv][info][application] $_GET = []

$_POST = []

$_FILES = []

$_COOKIE = [
    'PHPSESSID' => 'ssrrsldf7bff4sq6bs508humpv'
    '_identity' => '0c7dc0824cf6cbf55382e435d7f4d768f1edd2fa7d9b4fe2c07e79a6a778c1aea:2:{i:0;s:9:\"_identity\";i:1;s:16:\"[1,null,2592000]\";}'
    '_csrf' => 'ffe378dceffa3252ccafe6ac2aff3ebba0aa27b402f5fdcaf80afca934fe35cea:2:{i:0;s:5:\"_csrf\";i:1;s:32:\"0mkJsQsjgFnlcyn3jZfW8ItjfC3_zeGs\";}'
]

$_SESSION = [
    '__flash' => []
    '__id' => 1
    '__authKey' => null
]

$_SERVER = [
    'REDIRECT_REDIRECT_UNIQUE_ID' => 'ZxeF12S50igL5wTT6JiB4wAAAAM'
    'REDIRECT_REDIRECT_STATUS' => '200'
    'REDIRECT_UNIQUE_ID' => 'ZxeF12S50igL5wTT6JiB4wAAAAM'
    'REDIRECT_STATUS' => '200'
    'UNIQUE_ID' => 'ZxeF12S50igL5wTT6JiB4wAAAAM'
    'HTTP_HOST' => 'localhost'
    'HTTP_CONNECTION' => 'keep-alive'
    'HTTP_CACHE_CONTROL' => 'max-age=0'
    'HTTP_SEC_CH_UA' => '\"Chromium\";v=\"127\", \"Not)A;Brand\";v=\"99\"'
    'HTTP_SEC_CH_UA_MOBILE' => '?0'
    'HTTP_SEC_CH_UA_PLATFORM' => '\"Linux\"'
    'HTTP_UPGRADE_INSECURE_REQUESTS' => '1'
    'HTTP_USER_AGENT' => 'Mozilla/5.0 (X11; Linux x86_64; Chromium GOST) AppleWebKit/537.36 (KHTML, like Gecko) Chrome/127.0.0.0 Safari/537.36'
    'HTTP_ACCEPT' => 'text/html,application/xhtml+xml,application/xml;q=0.9,image/avif,image/webp,image/apng,*/*;q=0.8,application/signed-exchange;v=b3;q=0.7'
    'HTTP_SEC_FETCH_SITE' => 'same-origin'
    'HTTP_SEC_FETCH_MODE' => 'navigate'
    'HTTP_SEC_FETCH_USER' => '?1'
    'HTTP_SEC_FETCH_DEST' => 'document'
    'HTTP_REFERER' => 'http://localhost/'
    'HTTP_ACCEPT_ENCODING' => 'gzip, deflate, br, zstd'
    'HTTP_ACCEPT_LANGUAGE' => 'ru-RU,ru;q=0.9'
    'HTTP_COOKIE' => 'PHPSESSID=ssrrsldf7bff4sq6bs508humpv; _identity=0c7dc0824cf6cbf55382e435d7f4d768f1edd2fa7d9b4fe2c07e79a6a778c1aea%3A2%3A%7Bi%3A0%3Bs%3A9%3A%22_identity%22%3Bi%3A1%3Bs%3A16%3A%22%5B1%2Cnull%2C2592000%5D%22%3B%7D; _csrf=ffe378dceffa3252ccafe6ac2aff3ebba0aa27b402f5fdcaf80afca934fe35cea%3A2%3A%7Bi%3A0%3Bs%3A5%3A%22_csrf%22%3Bi%3A1%3Bs%3A32%3A%220mkJsQsjgFnlcyn3jZfW8ItjfC3_zeGs%22%3B%7D'
    'PATH' => '/root/.local/bin:/root/bin:/usr/local/sbin:/usr/local/bin:/usr/sbin:/usr/bin'
    'LD_LIBRARY_PATH' => '/opt/lampp/lib:/opt/lampp/lib'
    'SERVER_SIGNATURE' => ''
    'SERVER_SOFTWARE' => 'Apache/2.4.58 (Unix) OpenSSL/1.1.1w PHP/8.2.12 mod_perl/2.0.12 Perl/v5.34.1'
    'SERVER_NAME' => 'localhost'
    'SERVER_ADDR' => '::1'
    'SERVER_PORT' => '80'
    'REMOTE_ADDR' => '::1'
    'DOCUMENT_ROOT' => '/opt/lampp/htdocs'
    'REQUEST_SCHEME' => 'http'
    'CONTEXT_PREFIX' => ''
    'CONTEXT_DOCUMENT_ROOT' => '/opt/lampp/htdocs'
    'SERVER_ADMIN' => 'you@example.com'
    'SCRIPT_FILENAME' => '/opt/lampp/htdocs/web/index.php'
    'REMOTE_PORT' => '49924'
    'REDIRECT_URL' => '/web/admin'
    'GATEWAY_INTERFACE' => 'CGI/1.1'
    'SERVER_PROTOCOL' => 'HTTP/1.1'
    'REQUEST_METHOD' => 'GET'
    'QUERY_STRING' => ''
    'REQUEST_URI' => '/admin'
    'SCRIPT_NAME' => '/web/index.php'
    'PHP_SELF' => '/web/index.php'
    'REQUEST_TIME_FLOAT' => 1729594839.2229
    'REQUEST_TIME' => 1729594839
]
2024-10-22 13:00:39 [::1][1][ssrrsldf7bff4sq6bs508humpv][error][Error] Error: Class "app\controllers\ActiveDataProvider" not found in /opt/lampp/htdocs/controllers/AdminController.php:16
Stack trace:
#0 [internal function]: app\controllers\AdminController->actionIndex()
#1 /opt/lampp/htdocs/vendor/yiisoft/yii2/base/InlineAction.php(57): call_user_func_array(Array, Array)
#2 /opt/lampp/htdocs/vendor/yiisoft/yii2/base/Controller.php(178): yii\base\InlineAction->runWithParams(Array)
#3 /opt/lampp/htdocs/vendor/yiisoft/yii2/base/Module.php(552): yii\base\Controller->runAction('', Array)
#4 /opt/lampp/htdocs/vendor/yiisoft/yii2/web/Application.php(103): yii\base\Module->runAction('admin', Array)
#5 /opt/lampp/htdocs/vendor/yiisoft/yii2/base/Application.php(384): yii\web\Application->handleRequest(Object(yii\web\Request))
#6 /opt/lampp/htdocs/web/index.php(12): yii\base\Application->run()
#7 {main}
2024-10-22 13:00:39 [::1][1][ssrrsldf7bff4sq6bs508humpv][info][application] $_GET = []

$_POST = []

$_FILES = []

$_COOKIE = [
    'PHPSESSID' => 'ssrrsldf7bff4sq6bs508humpv'
    '_identity' => '0c7dc0824cf6cbf55382e435d7f4d768f1edd2fa7d9b4fe2c07e79a6a778c1aea:2:{i:0;s:9:\"_identity\";i:1;s:16:\"[1,null,2592000]\";}'
    '_csrf' => 'ffe378dceffa3252ccafe6ac2aff3ebba0aa27b402f5fdcaf80afca934fe35cea:2:{i:0;s:5:\"_csrf\";i:1;s:32:\"0mkJsQsjgFnlcyn3jZfW8ItjfC3_zeGs\";}'
]

$_SESSION = [
    '__flash' => []
    '__id' => 1
    '__authKey' => null
]

$_SERVER = [
    'REDIRECT_REDIRECT_UNIQUE_ID' => 'ZxeF1x-uviaqIHcCie-JaAAAAAE'
    'REDIRECT_REDIRECT_STATUS' => '200'
    'REDIRECT_UNIQUE_ID' => 'ZxeF1x-uviaqIHcCie-JaAAAAAE'
    'REDIRECT_STATUS' => '200'
    'UNIQUE_ID' => 'ZxeF1x-uviaqIHcCie-JaAAAAAE'
    'HTTP_HOST' => 'localhost'
    'HTTP_CONNECTION' => 'keep-alive'
    'HTTP_CACHE_CONTROL' => 'max-age=0'
    'HTTP_SEC_CH_UA' => '\"Chromium\";v=\"127\", \"Not)A;Brand\";v=\"99\"'
    'HTTP_SEC_CH_UA_MOBILE' => '?0'
    'HTTP_SEC_CH_UA_PLATFORM' => '\"Linux\"'
    'HTTP_UPGRADE_INSECURE_REQUESTS' => '1'
    'HTTP_USER_AGENT' => 'Mozilla/5.0 (X11; Linux x86_64; Chromium GOST) AppleWebKit/537.36 (KHTML, like Gecko) Chrome/127.0.0.0 Safari/537.36'
    'HTTP_ACCEPT' => 'text/html,application/xhtml+xml,application/xml;q=0.9,image/avif,image/webp,image/apng,*/*;q=0.8,application/signed-exchange;v=b3;q=0.7'
    'HTTP_SEC_FETCH_SITE' => 'same-origin'
    'HTTP_SEC_FETCH_MODE' => 'navigate'
    'HTTP_SEC_FETCH_USER' => '?1'
    'HTTP_SEC_FETCH_DEST' => 'document'
    'HTTP_REFERER' => 'http://localhost/'
    'HTTP_ACCEPT_ENCODING' => 'gzip, deflate, br, zstd'
    'HTTP_ACCEPT_LANGUAGE' => 'ru-RU,ru;q=0.9'
    'HTTP_COOKIE' => 'PHPSESSID=ssrrsldf7bff4sq6bs508humpv; _identity=0c7dc0824cf6cbf55382e435d7f4d768f1edd2fa7d9b4fe2c07e79a6a778c1aea%3A2%3A%7Bi%3A0%3Bs%3A9%3A%22_identity%22%3Bi%3A1%3Bs%3A16%3A%22%5B1%2Cnull%2C2592000%5D%22%3B%7D; _csrf=ffe378dceffa3252ccafe6ac2aff3ebba0aa27b402f5fdcaf80afca934fe35cea%3A2%3A%7Bi%3A0%3Bs%3A5%3A%22_csrf%22%3Bi%3A1%3Bs%3A32%3A%220mkJsQsjgFnlcyn3jZfW8ItjfC3_zeGs%22%3B%7D'
    'PATH' => '/root/.local/bin:/root/bin:/usr/local/sbin:/usr/local/bin:/usr/sbin:/usr/bin'
    'LD_LIBRARY_PATH' => '/opt/lampp/lib:/opt/lampp/lib'
    'SERVER_SIGNATURE' => ''
    'SERVER_SOFTWARE' => 'Apache/2.4.58 (Unix) OpenSSL/1.1.1w PHP/8.2.12 mod_perl/2.0.12 Perl/v5.34.1'
    'SERVER_NAME' => 'localhost'
    'SERVER_ADDR' => '::1'
    'SERVER_PORT' => '80'
    'REMOTE_ADDR' => '::1'
    'DOCUMENT_ROOT' => '/opt/lampp/htdocs'
    'REQUEST_SCHEME' => 'http'
    'CONTEXT_PREFIX' => ''
    'CONTEXT_DOCUMENT_ROOT' => '/opt/lampp/htdocs'
    'SERVER_ADMIN' => 'you@example.com'
    'SCRIPT_FILENAME' => '/opt/lampp/htdocs/web/index.php'
    'REMOTE_PORT' => '49938'
    'REDIRECT_URL' => '/web/admin'
    'GATEWAY_INTERFACE' => 'CGI/1.1'
    'SERVER_PROTOCOL' => 'HTTP/1.1'
    'REQUEST_METHOD' => 'GET'
    'QUERY_STRING' => ''
    'REQUEST_URI' => '/admin'
    'SCRIPT_NAME' => '/web/index.php'
    'PHP_SELF' => '/web/index.php'
    'REQUEST_TIME_FLOAT' => 1729594839.8302
    'REQUEST_TIME' => 1729594839
]
2024-10-22 13:01:03 [::1][-][-][error][yii\base\ErrorException:64] yii\base\ErrorException: Cannot use yii\filters\VerbFilter as VerbFilter because the name is already in use in /opt/lampp/htdocs/controllers/AdminController.php:16
Stack trace:
#0 [internal function]: yii\base\ErrorHandler->handleFatalError()
#1 {main}
2024-10-22 13:01:03 [::1][-][-][info][application] $_GET = []

$_POST = []

$_FILES = []

$_COOKIE = [
    'PHPSESSID' => 'ssrrsldf7bff4sq6bs508humpv'
    '_identity' => '0c7dc0824cf6cbf55382e435d7f4d768f1edd2fa7d9b4fe2c07e79a6a778c1aea:2:{i:0;s:9:\"_identity\";i:1;s:16:\"[1,null,2592000]\";}'
    '_csrf' => 'ffe378dceffa3252ccafe6ac2aff3ebba0aa27b402f5fdcaf80afca934fe35cea:2:{i:0;s:5:\"_csrf\";i:1;s:32:\"0mkJsQsjgFnlcyn3jZfW8ItjfC3_zeGs\";}'
]

$_SERVER = [
    'REDIRECT_REDIRECT_UNIQUE_ID' => 'ZxeF7zBrB5Dpx3FQ0dLVUwAAAAs'
    'REDIRECT_REDIRECT_STATUS' => '200'
    'REDIRECT_UNIQUE_ID' => 'ZxeF7zBrB5Dpx3FQ0dLVUwAAAAs'
    'REDIRECT_STATUS' => '200'
    'UNIQUE_ID' => 'ZxeF7zBrB5Dpx3FQ0dLVUwAAAAs'
    'HTTP_HOST' => 'localhost'
    'HTTP_CONNECTION' => 'keep-alive'
    'HTTP_CACHE_CONTROL' => 'max-age=0'
    'HTTP_SEC_CH_UA' => '\"Chromium\";v=\"127\", \"Not)A;Brand\";v=\"99\"'
    'HTTP_SEC_CH_UA_MOBILE' => '?0'
    'HTTP_SEC_CH_UA_PLATFORM' => '\"Linux\"'
    'HTTP_UPGRADE_INSECURE_REQUESTS' => '1'
    'HTTP_USER_AGENT' => 'Mozilla/5.0 (X11; Linux x86_64; Chromium GOST) AppleWebKit/537.36 (KHTML, like Gecko) Chrome/127.0.0.0 Safari/537.36'
    'HTTP_ACCEPT' => 'text/html,application/xhtml+xml,application/xml;q=0.9,image/avif,image/webp,image/apng,*/*;q=0.8,application/signed-exchange;v=b3;q=0.7'
    'HTTP_SEC_FETCH_SITE' => 'same-origin'
    'HTTP_SEC_FETCH_MODE' => 'navigate'
    'HTTP_SEC_FETCH_USER' => '?1'
    'HTTP_SEC_FETCH_DEST' => 'document'
    'HTTP_REFERER' => 'http://localhost/'
    'HTTP_ACCEPT_ENCODING' => 'gzip, deflate, br, zstd'
    'HTTP_ACCEPT_LANGUAGE' => 'ru-RU,ru;q=0.9'
    'HTTP_COOKIE' => 'PHPSESSID=ssrrsldf7bff4sq6bs508humpv; _identity=0c7dc0824cf6cbf55382e435d7f4d768f1edd2fa7d9b4fe2c07e79a6a778c1aea%3A2%3A%7Bi%3A0%3Bs%3A9%3A%22_identity%22%3Bi%3A1%3Bs%3A16%3A%22%5B1%2Cnull%2C2592000%5D%22%3B%7D; _csrf=ffe378dceffa3252ccafe6ac2aff3ebba0aa27b402f5fdcaf80afca934fe35cea%3A2%3A%7Bi%3A0%3Bs%3A5%3A%22_csrf%22%3Bi%3A1%3Bs%3A32%3A%220mkJsQsjgFnlcyn3jZfW8ItjfC3_zeGs%22%3B%7D'
    'PATH' => '/root/.local/bin:/root/bin:/usr/local/sbin:/usr/local/bin:/usr/sbin:/usr/bin'
    'LD_LIBRARY_PATH' => '/opt/lampp/lib:/opt/lampp/lib'
    'SERVER_SIGNATURE' => ''
    'SERVER_SOFTWARE' => 'Apache/2.4.58 (Unix) OpenSSL/1.1.1w PHP/8.2.12 mod_perl/2.0.12 Perl/v5.34.1'
    'SERVER_NAME' => 'localhost'
    'SERVER_ADDR' => '::1'
    'SERVER_PORT' => '80'
    'REMOTE_ADDR' => '::1'
    'DOCUMENT_ROOT' => '/opt/lampp/htdocs'
    'REQUEST_SCHEME' => 'http'
    'CONTEXT_PREFIX' => ''
    'CONTEXT_DOCUMENT_ROOT' => '/opt/lampp/htdocs'
    'SERVER_ADMIN' => 'you@example.com'
    'SCRIPT_FILENAME' => '/opt/lampp/htdocs/web/index.php'
    'REMOTE_PORT' => '58084'
    'REDIRECT_URL' => '/web/admin'
    'GATEWAY_INTERFACE' => 'CGI/1.1'
    'SERVER_PROTOCOL' => 'HTTP/1.1'
    'REQUEST_METHOD' => 'GET'
    'QUERY_STRING' => ''
    'REQUEST_URI' => '/admin'
    'SCRIPT_NAME' => '/web/index.php'
    'PHP_SELF' => '/web/index.php'
    'REQUEST_TIME_FLOAT' => 1729594863.7912
    'REQUEST_TIME' => 1729594863
]
2024-10-22 13:01:04 [::1][-][-][error][yii\base\ErrorException:64] yii\base\ErrorException: Cannot use yii\filters\VerbFilter as VerbFilter because the name is already in use in /opt/lampp/htdocs/controllers/AdminController.php:16
Stack trace:
#0 [internal function]: yii\base\ErrorHandler->handleFatalError()
#1 {main}
2024-10-22 13:01:04 [::1][-][-][info][application] $_GET = []

$_POST = []

$_FILES = []

$_COOKIE = [
    'PHPSESSID' => 'ssrrsldf7bff4sq6bs508humpv'
    '_identity' => '0c7dc0824cf6cbf55382e435d7f4d768f1edd2fa7d9b4fe2c07e79a6a778c1aea:2:{i:0;s:9:\"_identity\";i:1;s:16:\"[1,null,2592000]\";}'
    '_csrf' => 'ffe378dceffa3252ccafe6ac2aff3ebba0aa27b402f5fdcaf80afca934fe35cea:2:{i:0;s:5:\"_csrf\";i:1;s:32:\"0mkJsQsjgFnlcyn3jZfW8ItjfC3_zeGs\";}'
]

$_SERVER = [
    'REDIRECT_REDIRECT_UNIQUE_ID' => 'ZxeF8FgMTb4vzZ07Vl6IRwAAAAA'
    'REDIRECT_REDIRECT_STATUS' => '200'
    'REDIRECT_UNIQUE_ID' => 'ZxeF8FgMTb4vzZ07Vl6IRwAAAAA'
    'REDIRECT_STATUS' => '200'
    'UNIQUE_ID' => 'ZxeF8FgMTb4vzZ07Vl6IRwAAAAA'
    'HTTP_HOST' => 'localhost'
    'HTTP_CONNECTION' => 'keep-alive'
    'HTTP_CACHE_CONTROL' => 'max-age=0'
    'HTTP_SEC_CH_UA' => '\"Chromium\";v=\"127\", \"Not)A;Brand\";v=\"99\"'
    'HTTP_SEC_CH_UA_MOBILE' => '?0'
    'HTTP_SEC_CH_UA_PLATFORM' => '\"Linux\"'
    'HTTP_UPGRADE_INSECURE_REQUESTS' => '1'
    'HTTP_USER_AGENT' => 'Mozilla/5.0 (X11; Linux x86_64; Chromium GOST) AppleWebKit/537.36 (KHTML, like Gecko) Chrome/127.0.0.0 Safari/537.36'
    'HTTP_ACCEPT' => 'text/html,application/xhtml+xml,application/xml;q=0.9,image/avif,image/webp,image/apng,*/*;q=0.8,application/signed-exchange;v=b3;q=0.7'
    'HTTP_SEC_FETCH_SITE' => 'same-origin'
    'HTTP_SEC_FETCH_MODE' => 'navigate'
    'HTTP_SEC_FETCH_USER' => '?1'
    'HTTP_SEC_FETCH_DEST' => 'document'
    'HTTP_REFERER' => 'http://localhost/'
    'HTTP_ACCEPT_ENCODING' => 'gzip, deflate, br, zstd'
    'HTTP_ACCEPT_LANGUAGE' => 'ru-RU,ru;q=0.9'
    'HTTP_COOKIE' => 'PHPSESSID=ssrrsldf7bff4sq6bs508humpv; _identity=0c7dc0824cf6cbf55382e435d7f4d768f1edd2fa7d9b4fe2c07e79a6a778c1aea%3A2%3A%7Bi%3A0%3Bs%3A9%3A%22_identity%22%3Bi%3A1%3Bs%3A16%3A%22%5B1%2Cnull%2C2592000%5D%22%3B%7D; _csrf=ffe378dceffa3252ccafe6ac2aff3ebba0aa27b402f5fdcaf80afca934fe35cea%3A2%3A%7Bi%3A0%3Bs%3A5%3A%22_csrf%22%3Bi%3A1%3Bs%3A32%3A%220mkJsQsjgFnlcyn3jZfW8ItjfC3_zeGs%22%3B%7D'
    'PATH' => '/root/.local/bin:/root/bin:/usr/local/sbin:/usr/local/bin:/usr/sbin:/usr/bin'
    'LD_LIBRARY_PATH' => '/opt/lampp/lib:/opt/lampp/lib'
    'SERVER_SIGNATURE' => ''
    'SERVER_SOFTWARE' => 'Apache/2.4.58 (Unix) OpenSSL/1.1.1w PHP/8.2.12 mod_perl/2.0.12 Perl/v5.34.1'
    'SERVER_NAME' => 'localhost'
    'SERVER_ADDR' => '::1'
    'SERVER_PORT' => '80'
    'REMOTE_ADDR' => '::1'
    'DOCUMENT_ROOT' => '/opt/lampp/htdocs'
    'REQUEST_SCHEME' => 'http'
    'CONTEXT_PREFIX' => ''
    'CONTEXT_DOCUMENT_ROOT' => '/opt/lampp/htdocs'
    'SERVER_ADMIN' => 'you@example.com'
    'SCRIPT_FILENAME' => '/opt/lampp/htdocs/web/index.php'
    'REMOTE_PORT' => '58100'
    'REDIRECT_URL' => '/web/admin'
    'GATEWAY_INTERFACE' => 'CGI/1.1'
    'SERVER_PROTOCOL' => 'HTTP/1.1'
    'REQUEST_METHOD' => 'GET'
    'QUERY_STRING' => ''
    'REQUEST_URI' => '/admin'
    'SCRIPT_NAME' => '/web/index.php'
    'PHP_SELF' => '/web/index.php'
    'REQUEST_TIME_FLOAT' => 1729594864.4238
    'REQUEST_TIME' => 1729594864
]
2024-10-22 13:03:58 [::1][1][ssrrsldf7bff4sq6bs508humpv][error][yii\base\UnknownPropertyException] yii\base\UnknownPropertyException: Getting unknown property: app\models\Request::phone in /opt/lampp/htdocs/vendor/yiisoft/yii2/base/Component.php:154
Stack trace:
#0 /opt/lampp/htdocs/vendor/yiisoft/yii2/db/BaseActiveRecord.php(296): yii\base\Component->__get('phone')
#1 /opt/lampp/htdocs/views/admin/index.php(41): yii\db\BaseActiveRecord->__get('phone')
#2 /opt/lampp/htdocs/vendor/yiisoft/yii2/base/View.php(348): require('/opt/lampp/htdo...')
#3 /opt/lampp/htdocs/vendor/yiisoft/yii2/base/View.php(258): yii\base\View->renderPhpFile('/opt/lampp/htdo...', Array)
#4 /opt/lampp/htdocs/vendor/yiisoft/yii2/base/View.php(157): yii\base\View->renderFile('/opt/lampp/htdo...', Array, Object(app\controllers\AdminController))
#5 /opt/lampp/htdocs/vendor/yiisoft/yii2/base/Controller.php(407): yii\base\View->render('index', Array, Object(app\controllers\AdminController))
#6 /opt/lampp/htdocs/controllers/AdminController.php(36): yii\base\Controller->render('index', Array)
#7 [internal function]: app\controllers\AdminController->actionIndex()
#8 /opt/lampp/htdocs/vendor/yiisoft/yii2/base/InlineAction.php(57): call_user_func_array(Array, Array)
#9 /opt/lampp/htdocs/vendor/yiisoft/yii2/base/Controller.php(178): yii\base\InlineAction->runWithParams(Array)
#10 /opt/lampp/htdocs/vendor/yiisoft/yii2/base/Module.php(552): yii\base\Controller->runAction('index', Array)
#11 /opt/lampp/htdocs/vendor/yiisoft/yii2/web/Application.php(103): yii\base\Module->runAction('admin/index', Array)
#12 /opt/lampp/htdocs/vendor/yiisoft/yii2/base/Application.php(384): yii\web\Application->handleRequest(Object(yii\web\Request))
#13 /opt/lampp/htdocs/web/index.php(12): yii\base\Application->run()
#14 {main}
2024-10-22 13:03:58 [::1][1][ssrrsldf7bff4sq6bs508humpv][info][application] $_GET = [
    'page' => '1'
    'per-page' => '5'
]

$_POST = []

$_FILES = []

$_COOKIE = [
    'PHPSESSID' => 'ssrrsldf7bff4sq6bs508humpv'
    '_identity' => '0c7dc0824cf6cbf55382e435d7f4d768f1edd2fa7d9b4fe2c07e79a6a778c1aea:2:{i:0;s:9:\"_identity\";i:1;s:16:\"[1,null,2592000]\";}'
    '_csrf' => 'ffe378dceffa3252ccafe6ac2aff3ebba0aa27b402f5fdcaf80afca934fe35cea:2:{i:0;s:5:\"_csrf\";i:1;s:32:\"0mkJsQsjgFnlcyn3jZfW8ItjfC3_zeGs\";}'
]

$_SESSION = [
    '__flash' => []
    '__id' => 1
    '__authKey' => null
]

$_SERVER = [
    'REDIRECT_REDIRECT_UNIQUE_ID' => 'ZxeGnp8l8nlNEby2fUeItQAAAAg'
    'REDIRECT_REDIRECT_STATUS' => '200'
    'REDIRECT_UNIQUE_ID' => 'ZxeGnp8l8nlNEby2fUeItQAAAAg'
    'REDIRECT_STATUS' => '200'
    'UNIQUE_ID' => 'ZxeGnp8l8nlNEby2fUeItQAAAAg'
    'HTTP_HOST' => 'localhost'
    'HTTP_CONNECTION' => 'keep-alive'
    'HTTP_CACHE_CONTROL' => 'max-age=0'
    'HTTP_SEC_CH_UA' => '\"Chromium\";v=\"127\", \"Not)A;Brand\";v=\"99\"'
    'HTTP_SEC_CH_UA_MOBILE' => '?0'
    'HTTP_SEC_CH_UA_PLATFORM' => '\"Linux\"'
    'HTTP_UPGRADE_INSECURE_REQUESTS' => '1'
    'HTTP_USER_AGENT' => 'Mozilla/5.0 (X11; Linux x86_64; Chromium GOST) AppleWebKit/537.36 (KHTML, like Gecko) Chrome/127.0.0.0 Safari/537.36'
    'HTTP_ACCEPT' => 'text/html,application/xhtml+xml,application/xml;q=0.9,image/avif,image/webp,image/apng,*/*;q=0.8,application/signed-exchange;v=b3;q=0.7'
    'HTTP_SEC_FETCH_SITE' => 'same-origin'
    'HTTP_SEC_FETCH_MODE' => 'navigate'
    'HTTP_SEC_FETCH_USER' => '?1'
    'HTTP_SEC_FETCH_DEST' => 'document'
    'HTTP_REFERER' => 'http://localhost/admin/index?page=2&per-page=5'
    'HTTP_ACCEPT_ENCODING' => 'gzip, deflate, br, zstd'
    'HTTP_ACCEPT_LANGUAGE' => 'ru-RU,ru;q=0.9'
    'HTTP_COOKIE' => 'PHPSESSID=ssrrsldf7bff4sq6bs508humpv; _identity=0c7dc0824cf6cbf55382e435d7f4d768f1edd2fa7d9b4fe2c07e79a6a778c1aea%3A2%3A%7Bi%3A0%3Bs%3A9%3A%22_identity%22%3Bi%3A1%3Bs%3A16%3A%22%5B1%2Cnull%2C2592000%5D%22%3B%7D; _csrf=ffe378dceffa3252ccafe6ac2aff3ebba0aa27b402f5fdcaf80afca934fe35cea%3A2%3A%7Bi%3A0%3Bs%3A5%3A%22_csrf%22%3Bi%3A1%3Bs%3A32%3A%220mkJsQsjgFnlcyn3jZfW8ItjfC3_zeGs%22%3B%7D'
    'PATH' => '/root/.local/bin:/root/bin:/usr/local/sbin:/usr/local/bin:/usr/sbin:/usr/bin'
    'LD_LIBRARY_PATH' => '/opt/lampp/lib:/opt/lampp/lib'
    'SERVER_SIGNATURE' => ''
    'SERVER_SOFTWARE' => 'Apache/2.4.58 (Unix) OpenSSL/1.1.1w PHP/8.2.12 mod_perl/2.0.12 Perl/v5.34.1'
    'SERVER_NAME' => 'localhost'
    'SERVER_ADDR' => '::1'
    'SERVER_PORT' => '80'
    'REMOTE_ADDR' => '::1'
    'DOCUMENT_ROOT' => '/opt/lampp/htdocs'
    'REQUEST_SCHEME' => 'http'
    'CONTEXT_PREFIX' => ''
    'CONTEXT_DOCUMENT_ROOT' => '/opt/lampp/htdocs'
    'SERVER_ADMIN' => 'you@example.com'
    'SCRIPT_FILENAME' => '/opt/lampp/htdocs/web/index.php'
    'REMOTE_PORT' => '44826'
    'REDIRECT_URL' => '/web/admin/index'
    'REDIRECT_QUERY_STRING' => 'page=1&per-page=5'
    'GATEWAY_INTERFACE' => 'CGI/1.1'
    'SERVER_PROTOCOL' => 'HTTP/1.1'
    'REQUEST_METHOD' => 'GET'
    'QUERY_STRING' => 'page=1&per-page=5'
    'REQUEST_URI' => '/admin/index?page=1&per-page=5'
    'SCRIPT_NAME' => '/web/index.php'
    'PHP_SELF' => '/web/index.php'
    'REQUEST_TIME_FLOAT' => 1729595038.0968
    'REQUEST_TIME' => 1729595038
]
2024-10-22 13:03:59 [::1][1][ssrrsldf7bff4sq6bs508humpv][error][yii\base\UnknownPropertyException] yii\base\UnknownPropertyException: Getting unknown property: app\models\Request::phone in /opt/lampp/htdocs/vendor/yiisoft/yii2/base/Component.php:154
Stack trace:
#0 /opt/lampp/htdocs/vendor/yiisoft/yii2/db/BaseActiveRecord.php(296): yii\base\Component->__get('phone')
#1 /opt/lampp/htdocs/views/admin/index.php(41): yii\db\BaseActiveRecord->__get('phone')
#2 /opt/lampp/htdocs/vendor/yiisoft/yii2/base/View.php(348): require('/opt/lampp/htdo...')
#3 /opt/lampp/htdocs/vendor/yiisoft/yii2/base/View.php(258): yii\base\View->renderPhpFile('/opt/lampp/htdo...', Array)
#4 /opt/lampp/htdocs/vendor/yiisoft/yii2/base/View.php(157): yii\base\View->renderFile('/opt/lampp/htdo...', Array, Object(app\controllers\AdminController))
#5 /opt/lampp/htdocs/vendor/yiisoft/yii2/base/Controller.php(407): yii\base\View->render('index', Array, Object(app\controllers\AdminController))
#6 /opt/lampp/htdocs/controllers/AdminController.php(36): yii\base\Controller->render('index', Array)
#7 [internal function]: app\controllers\AdminController->actionIndex()
#8 /opt/lampp/htdocs/vendor/yiisoft/yii2/base/InlineAction.php(57): call_user_func_array(Array, Array)
#9 /opt/lampp/htdocs/vendor/yiisoft/yii2/base/Controller.php(178): yii\base\InlineAction->runWithParams(Array)
#10 /opt/lampp/htdocs/vendor/yiisoft/yii2/base/Module.php(552): yii\base\Controller->runAction('index', Array)
#11 /opt/lampp/htdocs/vendor/yiisoft/yii2/web/Application.php(103): yii\base\Module->runAction('admin/index', Array)
#12 /opt/lampp/htdocs/vendor/yiisoft/yii2/base/Application.php(384): yii\web\Application->handleRequest(Object(yii\web\Request))
#13 /opt/lampp/htdocs/web/index.php(12): yii\base\Application->run()
#14 {main}
2024-10-22 13:03:59 [::1][1][ssrrsldf7bff4sq6bs508humpv][info][application] $_GET = [
    'page' => '1'
    'per-page' => '5'
]

$_POST = []

$_FILES = []

$_COOKIE = [
    'PHPSESSID' => 'ssrrsldf7bff4sq6bs508humpv'
    '_identity' => '0c7dc0824cf6cbf55382e435d7f4d768f1edd2fa7d9b4fe2c07e79a6a778c1aea:2:{i:0;s:9:\"_identity\";i:1;s:16:\"[1,null,2592000]\";}'
    '_csrf' => 'ffe378dceffa3252ccafe6ac2aff3ebba0aa27b402f5fdcaf80afca934fe35cea:2:{i:0;s:5:\"_csrf\";i:1;s:32:\"0mkJsQsjgFnlcyn3jZfW8ItjfC3_zeGs\";}'
]

$_SESSION = [
    '__flash' => []
    '__id' => 1
    '__authKey' => null
]

$_SERVER = [
    'REDIRECT_REDIRECT_UNIQUE_ID' => 'ZxeGnyEVzI7RR7Msf1s27AAAAAk'
    'REDIRECT_REDIRECT_STATUS' => '200'
    'REDIRECT_UNIQUE_ID' => 'ZxeGnyEVzI7RR7Msf1s27AAAAAk'
    'REDIRECT_STATUS' => '200'
    'UNIQUE_ID' => 'ZxeGnyEVzI7RR7Msf1s27AAAAAk'
    'HTTP_HOST' => 'localhost'
    'HTTP_CONNECTION' => 'keep-alive'
    'HTTP_CACHE_CONTROL' => 'max-age=0'
    'HTTP_SEC_CH_UA' => '\"Chromium\";v=\"127\", \"Not)A;Brand\";v=\"99\"'
    'HTTP_SEC_CH_UA_MOBILE' => '?0'
    'HTTP_SEC_CH_UA_PLATFORM' => '\"Linux\"'
    'HTTP_UPGRADE_INSECURE_REQUESTS' => '1'
    'HTTP_USER_AGENT' => 'Mozilla/5.0 (X11; Linux x86_64; Chromium GOST) AppleWebKit/537.36 (KHTML, like Gecko) Chrome/127.0.0.0 Safari/537.36'
    'HTTP_ACCEPT' => 'text/html,application/xhtml+xml,application/xml;q=0.9,image/avif,image/webp,image/apng,*/*;q=0.8,application/signed-exchange;v=b3;q=0.7'
    'HTTP_SEC_FETCH_SITE' => 'same-origin'
    'HTTP_SEC_FETCH_MODE' => 'navigate'
    'HTTP_SEC_FETCH_USER' => '?1'
    'HTTP_SEC_FETCH_DEST' => 'document'
    'HTTP_REFERER' => 'http://localhost/admin/index?page=2&per-page=5'
    'HTTP_ACCEPT_ENCODING' => 'gzip, deflate, br, zstd'
    'HTTP_ACCEPT_LANGUAGE' => 'ru-RU,ru;q=0.9'
    'HTTP_COOKIE' => 'PHPSESSID=ssrrsldf7bff4sq6bs508humpv; _identity=0c7dc0824cf6cbf55382e435d7f4d768f1edd2fa7d9b4fe2c07e79a6a778c1aea%3A2%3A%7Bi%3A0%3Bs%3A9%3A%22_identity%22%3Bi%3A1%3Bs%3A16%3A%22%5B1%2Cnull%2C2592000%5D%22%3B%7D; _csrf=ffe378dceffa3252ccafe6ac2aff3ebba0aa27b402f5fdcaf80afca934fe35cea%3A2%3A%7Bi%3A0%3Bs%3A5%3A%22_csrf%22%3Bi%3A1%3Bs%3A32%3A%220mkJsQsjgFnlcyn3jZfW8ItjfC3_zeGs%22%3B%7D'
    'PATH' => '/root/.local/bin:/root/bin:/usr/local/sbin:/usr/local/bin:/usr/sbin:/usr/bin'
    'LD_LIBRARY_PATH' => '/opt/lampp/lib:/opt/lampp/lib'
    'SERVER_SIGNATURE' => ''
    'SERVER_SOFTWARE' => 'Apache/2.4.58 (Unix) OpenSSL/1.1.1w PHP/8.2.12 mod_perl/2.0.12 Perl/v5.34.1'
    'SERVER_NAME' => 'localhost'
    'SERVER_ADDR' => '::1'
    'SERVER_PORT' => '80'
    'REMOTE_ADDR' => '::1'
    'DOCUMENT_ROOT' => '/opt/lampp/htdocs'
    'REQUEST_SCHEME' => 'http'
    'CONTEXT_PREFIX' => ''
    'CONTEXT_DOCUMENT_ROOT' => '/opt/lampp/htdocs'
    'SERVER_ADMIN' => 'you@example.com'
    'SCRIPT_FILENAME' => '/opt/lampp/htdocs/web/index.php'
    'REMOTE_PORT' => '49622'
    'REDIRECT_URL' => '/web/admin/index'
    'REDIRECT_QUERY_STRING' => 'page=1&per-page=5'
    'GATEWAY_INTERFACE' => 'CGI/1.1'
    'SERVER_PROTOCOL' => 'HTTP/1.1'
    'REQUEST_METHOD' => 'GET'
    'QUERY_STRING' => 'page=1&per-page=5'
    'REQUEST_URI' => '/admin/index?page=1&per-page=5'
    'SCRIPT_NAME' => '/web/index.php'
    'PHP_SELF' => '/web/index.php'
    'REQUEST_TIME_FLOAT' => 1729595039.0254
    'REQUEST_TIME' => 1729595039
]
2024-10-22 13:04:09 [::1][1][ssrrsldf7bff4sq6bs508humpv][error][yii\base\UnknownPropertyException] yii\base\UnknownPropertyException: Getting unknown property: app\models\Request::phone in /opt/lampp/htdocs/vendor/yiisoft/yii2/base/Component.php:154
Stack trace:
#0 /opt/lampp/htdocs/vendor/yiisoft/yii2/db/BaseActiveRecord.php(296): yii\base\Component->__get('phone')
#1 /opt/lampp/htdocs/views/admin/index.php(41): yii\db\BaseActiveRecord->__get('phone')
#2 /opt/lampp/htdocs/vendor/yiisoft/yii2/base/View.php(348): require('/opt/lampp/htdo...')
#3 /opt/lampp/htdocs/vendor/yiisoft/yii2/base/View.php(258): yii\base\View->renderPhpFile('/opt/lampp/htdo...', Array)
#4 /opt/lampp/htdocs/vendor/yiisoft/yii2/base/View.php(157): yii\base\View->renderFile('/opt/lampp/htdo...', Array, Object(app\controllers\AdminController))
#5 /opt/lampp/htdocs/vendor/yiisoft/yii2/base/Controller.php(407): yii\base\View->render('index', Array, Object(app\controllers\AdminController))
#6 /opt/lampp/htdocs/controllers/AdminController.php(36): yii\base\Controller->render('index', Array)
#7 [internal function]: app\controllers\AdminController->actionIndex()
#8 /opt/lampp/htdocs/vendor/yiisoft/yii2/base/InlineAction.php(57): call_user_func_array(Array, Array)
#9 /opt/lampp/htdocs/vendor/yiisoft/yii2/base/Controller.php(178): yii\base\InlineAction->runWithParams(Array)
#10 /opt/lampp/htdocs/vendor/yiisoft/yii2/base/Module.php(552): yii\base\Controller->runAction('index', Array)
#11 /opt/lampp/htdocs/vendor/yiisoft/yii2/web/Application.php(103): yii\base\Module->runAction('admin/index', Array)
#12 /opt/lampp/htdocs/vendor/yiisoft/yii2/base/Application.php(384): yii\web\Application->handleRequest(Object(yii\web\Request))
#13 /opt/lampp/htdocs/web/index.php(12): yii\base\Application->run()
#14 {main}
2024-10-22 13:04:09 [::1][1][ssrrsldf7bff4sq6bs508humpv][info][application] $_GET = [
    'page' => '1'
    'per-page' => '5'
]

$_POST = []

$_FILES = []

$_COOKIE = [
    'PHPSESSID' => 'ssrrsldf7bff4sq6bs508humpv'
    '_identity' => '0c7dc0824cf6cbf55382e435d7f4d768f1edd2fa7d9b4fe2c07e79a6a778c1aea:2:{i:0;s:9:\"_identity\";i:1;s:16:\"[1,null,2592000]\";}'
    '_csrf' => 'ffe378dceffa3252ccafe6ac2aff3ebba0aa27b402f5fdcaf80afca934fe35cea:2:{i:0;s:5:\"_csrf\";i:1;s:32:\"0mkJsQsjgFnlcyn3jZfW8ItjfC3_zeGs\";}'
]

$_SESSION = [
    '__flash' => []
    '__id' => 1
    '__authKey' => null
]

$_SERVER = [
    'REDIRECT_REDIRECT_UNIQUE_ID' => 'ZxeGqWS50igL5wTT6JiB5AAAAAM'
    'REDIRECT_REDIRECT_STATUS' => '200'
    'REDIRECT_UNIQUE_ID' => 'ZxeGqWS50igL5wTT6JiB5AAAAAM'
    'REDIRECT_STATUS' => '200'
    'UNIQUE_ID' => 'ZxeGqWS50igL5wTT6JiB5AAAAAM'
    'HTTP_HOST' => 'localhost'
    'HTTP_CONNECTION' => 'keep-alive'
    'HTTP_CACHE_CONTROL' => 'max-age=0'
    'HTTP_SEC_CH_UA' => '\"Chromium\";v=\"127\", \"Not)A;Brand\";v=\"99\"'
    'HTTP_SEC_CH_UA_MOBILE' => '?0'
    'HTTP_SEC_CH_UA_PLATFORM' => '\"Linux\"'
    'HTTP_UPGRADE_INSECURE_REQUESTS' => '1'
    'HTTP_USER_AGENT' => 'Mozilla/5.0 (X11; Linux x86_64; Chromium GOST) AppleWebKit/537.36 (KHTML, like Gecko) Chrome/127.0.0.0 Safari/537.36'
    'HTTP_ACCEPT' => 'text/html,application/xhtml+xml,application/xml;q=0.9,image/avif,image/webp,image/apng,*/*;q=0.8,application/signed-exchange;v=b3;q=0.7'
    'HTTP_SEC_FETCH_SITE' => 'same-origin'
    'HTTP_SEC_FETCH_MODE' => 'navigate'
    'HTTP_SEC_FETCH_USER' => '?1'
    'HTTP_SEC_FETCH_DEST' => 'document'
    'HTTP_REFERER' => 'http://localhost/admin/index?page=2&per-page=5'
    'HTTP_ACCEPT_ENCODING' => 'gzip, deflate, br, zstd'
    'HTTP_ACCEPT_LANGUAGE' => 'ru-RU,ru;q=0.9'
    'HTTP_COOKIE' => 'PHPSESSID=ssrrsldf7bff4sq6bs508humpv; _identity=0c7dc0824cf6cbf55382e435d7f4d768f1edd2fa7d9b4fe2c07e79a6a778c1aea%3A2%3A%7Bi%3A0%3Bs%3A9%3A%22_identity%22%3Bi%3A1%3Bs%3A16%3A%22%5B1%2Cnull%2C2592000%5D%22%3B%7D; _csrf=ffe378dceffa3252ccafe6ac2aff3ebba0aa27b402f5fdcaf80afca934fe35cea%3A2%3A%7Bi%3A0%3Bs%3A5%3A%22_csrf%22%3Bi%3A1%3Bs%3A32%3A%220mkJsQsjgFnlcyn3jZfW8ItjfC3_zeGs%22%3B%7D'
    'PATH' => '/root/.local/bin:/root/bin:/usr/local/sbin:/usr/local/bin:/usr/sbin:/usr/bin'
    'LD_LIBRARY_PATH' => '/opt/lampp/lib:/opt/lampp/lib'
    'SERVER_SIGNATURE' => ''
    'SERVER_SOFTWARE' => 'Apache/2.4.58 (Unix) OpenSSL/1.1.1w PHP/8.2.12 mod_perl/2.0.12 Perl/v5.34.1'
    'SERVER_NAME' => 'localhost'
    'SERVER_ADDR' => '::1'
    'SERVER_PORT' => '80'
    'REMOTE_ADDR' => '::1'
    'DOCUMENT_ROOT' => '/opt/lampp/htdocs'
    'REQUEST_SCHEME' => 'http'
    'CONTEXT_PREFIX' => ''
    'CONTEXT_DOCUMENT_ROOT' => '/opt/lampp/htdocs'
    'SERVER_ADMIN' => 'you@example.com'
    'SCRIPT_FILENAME' => '/opt/lampp/htdocs/web/index.php'
    'REMOTE_PORT' => '59836'
    'REDIRECT_URL' => '/web/admin/index'
    'REDIRECT_QUERY_STRING' => 'page=1&per-page=5'
    'GATEWAY_INTERFACE' => 'CGI/1.1'
    'SERVER_PROTOCOL' => 'HTTP/1.1'
    'REQUEST_METHOD' => 'GET'
    'QUERY_STRING' => 'page=1&per-page=5'
    'REQUEST_URI' => '/admin/index?page=1&per-page=5'
    'SCRIPT_NAME' => '/web/index.php'
    'PHP_SELF' => '/web/index.php'
    'REQUEST_TIME_FLOAT' => 1729595049.0752
    'REQUEST_TIME' => 1729595049
]
2024-10-22 13:04:09 [::1][1][ssrrsldf7bff4sq6bs508humpv][error][yii\base\UnknownPropertyException] yii\base\UnknownPropertyException: Getting unknown property: app\models\Request::phone in /opt/lampp/htdocs/vendor/yiisoft/yii2/base/Component.php:154
Stack trace:
#0 /opt/lampp/htdocs/vendor/yiisoft/yii2/db/BaseActiveRecord.php(296): yii\base\Component->__get('phone')
#1 /opt/lampp/htdocs/views/admin/index.php(41): yii\db\BaseActiveRecord->__get('phone')
#2 /opt/lampp/htdocs/vendor/yiisoft/yii2/base/View.php(348): require('/opt/lampp/htdo...')
#3 /opt/lampp/htdocs/vendor/yiisoft/yii2/base/View.php(258): yii\base\View->renderPhpFile('/opt/lampp/htdo...', Array)
#4 /opt/lampp/htdocs/vendor/yiisoft/yii2/base/View.php(157): yii\base\View->renderFile('/opt/lampp/htdo...', Array, Object(app\controllers\AdminController))
#5 /opt/lampp/htdocs/vendor/yiisoft/yii2/base/Controller.php(407): yii\base\View->render('index', Array, Object(app\controllers\AdminController))
#6 /opt/lampp/htdocs/controllers/AdminController.php(36): yii\base\Controller->render('index', Array)
#7 [internal function]: app\controllers\AdminController->actionIndex()
#8 /opt/lampp/htdocs/vendor/yiisoft/yii2/base/InlineAction.php(57): call_user_func_array(Array, Array)
#9 /opt/lampp/htdocs/vendor/yiisoft/yii2/base/Controller.php(178): yii\base\InlineAction->runWithParams(Array)
#10 /opt/lampp/htdocs/vendor/yiisoft/yii2/base/Module.php(552): yii\base\Controller->runAction('index', Array)
#11 /opt/lampp/htdocs/vendor/yiisoft/yii2/web/Application.php(103): yii\base\Module->runAction('admin/index', Array)
#12 /opt/lampp/htdocs/vendor/yiisoft/yii2/base/Application.php(384): yii\web\Application->handleRequest(Object(yii\web\Request))
#13 /opt/lampp/htdocs/web/index.php(12): yii\base\Application->run()
#14 {main}
2024-10-22 13:04:09 [::1][1][ssrrsldf7bff4sq6bs508humpv][info][application] $_GET = [
    'page' => '1'
    'per-page' => '5'
]

$_POST = []

$_FILES = []

$_COOKIE = [
    'PHPSESSID' => 'ssrrsldf7bff4sq6bs508humpv'
    '_identity' => '0c7dc0824cf6cbf55382e435d7f4d768f1edd2fa7d9b4fe2c07e79a6a778c1aea:2:{i:0;s:9:\"_identity\";i:1;s:16:\"[1,null,2592000]\";}'
    '_csrf' => 'ffe378dceffa3252ccafe6ac2aff3ebba0aa27b402f5fdcaf80afca934fe35cea:2:{i:0;s:5:\"_csrf\";i:1;s:32:\"0mkJsQsjgFnlcyn3jZfW8ItjfC3_zeGs\";}'
]

$_SESSION = [
    '__flash' => []
    '__id' => 1
    '__authKey' => null
]

$_SERVER = [
    'REDIRECT_REDIRECT_UNIQUE_ID' => 'ZxeGqR-uviaqIHcCie-JaQAAAAE'
    'REDIRECT_REDIRECT_STATUS' => '200'
    'REDIRECT_UNIQUE_ID' => 'ZxeGqR-uviaqIHcCie-JaQAAAAE'
    'REDIRECT_STATUS' => '200'
    'UNIQUE_ID' => 'ZxeGqR-uviaqIHcCie-JaQAAAAE'
    'HTTP_HOST' => 'localhost'
    'HTTP_CONNECTION' => 'keep-alive'
    'HTTP_CACHE_CONTROL' => 'max-age=0'
    'HTTP_SEC_CH_UA' => '\"Chromium\";v=\"127\", \"Not)A;Brand\";v=\"99\"'
    'HTTP_SEC_CH_UA_MOBILE' => '?0'
    'HTTP_SEC_CH_UA_PLATFORM' => '\"Linux\"'
    'HTTP_UPGRADE_INSECURE_REQUESTS' => '1'
    'HTTP_USER_AGENT' => 'Mozilla/5.0 (X11; Linux x86_64; Chromium GOST) AppleWebKit/537.36 (KHTML, like Gecko) Chrome/127.0.0.0 Safari/537.36'
    'HTTP_ACCEPT' => 'text/html,application/xhtml+xml,application/xml;q=0.9,image/avif,image/webp,image/apng,*/*;q=0.8,application/signed-exchange;v=b3;q=0.7'
    'HTTP_SEC_FETCH_SITE' => 'same-origin'
    'HTTP_SEC_FETCH_MODE' => 'navigate'
    'HTTP_SEC_FETCH_USER' => '?1'
    'HTTP_SEC_FETCH_DEST' => 'document'
    'HTTP_REFERER' => 'http://localhost/admin/index?page=2&per-page=5'
    'HTTP_ACCEPT_ENCODING' => 'gzip, deflate, br, zstd'
    'HTTP_ACCEPT_LANGUAGE' => 'ru-RU,ru;q=0.9'
    'HTTP_COOKIE' => 'PHPSESSID=ssrrsldf7bff4sq6bs508humpv; _identity=0c7dc0824cf6cbf55382e435d7f4d768f1edd2fa7d9b4fe2c07e79a6a778c1aea%3A2%3A%7Bi%3A0%3Bs%3A9%3A%22_identity%22%3Bi%3A1%3Bs%3A16%3A%22%5B1%2Cnull%2C2592000%5D%22%3B%7D; _csrf=ffe378dceffa3252ccafe6ac2aff3ebba0aa27b402f5fdcaf80afca934fe35cea%3A2%3A%7Bi%3A0%3Bs%3A5%3A%22_csrf%22%3Bi%3A1%3Bs%3A32%3A%220mkJsQsjgFnlcyn3jZfW8ItjfC3_zeGs%22%3B%7D'
    'PATH' => '/root/.local/bin:/root/bin:/usr/local/sbin:/usr/local/bin:/usr/sbin:/usr/bin'
    'LD_LIBRARY_PATH' => '/opt/lampp/lib:/opt/lampp/lib'
    'SERVER_SIGNATURE' => ''
    'SERVER_SOFTWARE' => 'Apache/2.4.58 (Unix) OpenSSL/1.1.1w PHP/8.2.12 mod_perl/2.0.12 Perl/v5.34.1'
    'SERVER_NAME' => 'localhost'
    'SERVER_ADDR' => '::1'
    'SERVER_PORT' => '80'
    'REMOTE_ADDR' => '::1'
    'DOCUMENT_ROOT' => '/opt/lampp/htdocs'
    'REQUEST_SCHEME' => 'http'
    'CONTEXT_PREFIX' => ''
    'CONTEXT_DOCUMENT_ROOT' => '/opt/lampp/htdocs'
    'SERVER_ADMIN' => 'you@example.com'
    'SCRIPT_FILENAME' => '/opt/lampp/htdocs/web/index.php'
    'REMOTE_PORT' => '59842'
    'REDIRECT_URL' => '/web/admin/index'
    'REDIRECT_QUERY_STRING' => 'page=1&per-page=5'
    'GATEWAY_INTERFACE' => 'CGI/1.1'
    'SERVER_PROTOCOL' => 'HTTP/1.1'
    'REQUEST_METHOD' => 'GET'
    'QUERY_STRING' => 'page=1&per-page=5'
    'REQUEST_URI' => '/admin/index?page=1&per-page=5'
    'SCRIPT_NAME' => '/web/index.php'
    'PHP_SELF' => '/web/index.php'
    'REQUEST_TIME_FLOAT' => 1729595049.5775
    'REQUEST_TIME' => 1729595049
]
2024-10-22 13:12:21 [::1][1][ssrrsldf7bff4sq6bs508humpv][error][yii\web\HttpException:404] yii\base\InvalidRouteException: Unable to resolve the request: admin/create in /opt/lampp/htdocs/vendor/yiisoft/yii2/base/Controller.php:149
Stack trace:
#0 /opt/lampp/htdocs/vendor/yiisoft/yii2/base/Module.php(552): yii\base\Controller->runAction('create', Array)
#1 /opt/lampp/htdocs/vendor/yiisoft/yii2/web/Application.php(103): yii\base\Module->runAction('admin/create', Array)
#2 /opt/lampp/htdocs/vendor/yiisoft/yii2/base/Application.php(384): yii\web\Application->handleRequest(Object(yii\web\Request))
#3 /opt/lampp/htdocs/web/index.php(12): yii\base\Application->run()
#4 {main}

Next yii\web\NotFoundHttpException: Страница не найдена. in /opt/lampp/htdocs/vendor/yiisoft/yii2/web/Application.php:115
Stack trace:
#0 /opt/lampp/htdocs/vendor/yiisoft/yii2/base/Application.php(384): yii\web\Application->handleRequest(Object(yii\web\Request))
#1 /opt/lampp/htdocs/web/index.php(12): yii\base\Application->run()
#2 {main}
2024-10-22 13:12:21 [::1][1][ssrrsldf7bff4sq6bs508humpv][info][application] $_GET = []

$_POST = []

$_FILES = []

$_COOKIE = [
    'PHPSESSID' => 'ssrrsldf7bff4sq6bs508humpv'
    '_identity' => '0c7dc0824cf6cbf55382e435d7f4d768f1edd2fa7d9b4fe2c07e79a6a778c1aea:2:{i:0;s:9:\"_identity\";i:1;s:16:\"[1,null,2592000]\";}'
    '_csrf' => 'ffe378dceffa3252ccafe6ac2aff3ebba0aa27b402f5fdcaf80afca934fe35cea:2:{i:0;s:5:\"_csrf\";i:1;s:32:\"0mkJsQsjgFnlcyn3jZfW8ItjfC3_zeGs\";}'
]

$_SESSION = [
    '__flash' => []
    '__id' => 1
    '__authKey' => null
]

$_SERVER = [
    'REDIRECT_REDIRECT_UNIQUE_ID' => 'ZxeIlWS50igL5wTT6JiB6QAAAAM'
    'REDIRECT_REDIRECT_STATUS' => '200'
    'REDIRECT_UNIQUE_ID' => 'ZxeIlWS50igL5wTT6JiB6QAAAAM'
    'REDIRECT_STATUS' => '200'
    'UNIQUE_ID' => 'ZxeIlWS50igL5wTT6JiB6QAAAAM'
    'HTTP_HOST' => 'localhost'
    'HTTP_CONNECTION' => 'keep-alive'
    'HTTP_SEC_CH_UA' => '\"Chromium\";v=\"127\", \"Not)A;Brand\";v=\"99\"'
    'HTTP_SEC_CH_UA_MOBILE' => '?0'
    'HTTP_SEC_CH_UA_PLATFORM' => '\"Linux\"'
    'HTTP_UPGRADE_INSECURE_REQUESTS' => '1'
    'HTTP_USER_AGENT' => 'Mozilla/5.0 (X11; Linux x86_64; Chromium GOST) AppleWebKit/537.36 (KHTML, like Gecko) Chrome/127.0.0.0 Safari/537.36'
    'HTTP_ACCEPT' => 'text/html,application/xhtml+xml,application/xml;q=0.9,image/avif,image/webp,image/apng,*/*;q=0.8,application/signed-exchange;v=b3;q=0.7'
    'HTTP_SEC_FETCH_SITE' => 'same-origin'
    'HTTP_SEC_FETCH_MODE' => 'navigate'
    'HTTP_SEC_FETCH_USER' => '?1'
    'HTTP_SEC_FETCH_DEST' => 'document'
    'HTTP_REFERER' => 'http://localhost/admin'
    'HTTP_ACCEPT_ENCODING' => 'gzip, deflate, br, zstd'
    'HTTP_ACCEPT_LANGUAGE' => 'ru-RU,ru;q=0.9'
    'HTTP_COOKIE' => 'PHPSESSID=ssrrsldf7bff4sq6bs508humpv; _identity=0c7dc0824cf6cbf55382e435d7f4d768f1edd2fa7d9b4fe2c07e79a6a778c1aea%3A2%3A%7Bi%3A0%3Bs%3A9%3A%22_identity%22%3Bi%3A1%3Bs%3A16%3A%22%5B1%2Cnull%2C2592000%5D%22%3B%7D; _csrf=ffe378dceffa3252ccafe6ac2aff3ebba0aa27b402f5fdcaf80afca934fe35cea%3A2%3A%7Bi%3A0%3Bs%3A5%3A%22_csrf%22%3Bi%3A1%3Bs%3A32%3A%220mkJsQsjgFnlcyn3jZfW8ItjfC3_zeGs%22%3B%7D'
    'PATH' => '/root/.local/bin:/root/bin:/usr/local/sbin:/usr/local/bin:/usr/sbin:/usr/bin'
    'LD_LIBRARY_PATH' => '/opt/lampp/lib:/opt/lampp/lib'
    'SERVER_SIGNATURE' => ''
    'SERVER_SOFTWARE' => 'Apache/2.4.58 (Unix) OpenSSL/1.1.1w PHP/8.2.12 mod_perl/2.0.12 Perl/v5.34.1'
    'SERVER_NAME' => 'localhost'
    'SERVER_ADDR' => '::1'
    'SERVER_PORT' => '80'
    'REMOTE_ADDR' => '::1'
    'DOCUMENT_ROOT' => '/opt/lampp/htdocs'
    'REQUEST_SCHEME' => 'http'
    'CONTEXT_PREFIX' => ''
    'CONTEXT_DOCUMENT_ROOT' => '/opt/lampp/htdocs'
    'SERVER_ADMIN' => 'you@example.com'
    'SCRIPT_FILENAME' => '/opt/lampp/htdocs/web/index.php'
    'REMOTE_PORT' => '52312'
    'REDIRECT_URL' => '/web/admin/create'
    'GATEWAY_INTERFACE' => 'CGI/1.1'
    'SERVER_PROTOCOL' => 'HTTP/1.1'
    'REQUEST_METHOD' => 'GET'
    'QUERY_STRING' => ''
    'REQUEST_URI' => '/admin/create'
    'SCRIPT_NAME' => '/web/index.php'
    'PHP_SELF' => '/web/index.php'
    'REQUEST_TIME_FLOAT' => 1729595541.19
    'REQUEST_TIME' => 1729595541
]
2024-10-22 13:49:49 [::1][1][ssrrsldf7bff4sq6bs508humpv][error][yii\web\HttpException:404] yii\base\InvalidRouteException: Unable to resolve the request: admin/create in /opt/lampp/htdocs/vendor/yiisoft/yii2/base/Controller.php:149
Stack trace:
#0 /opt/lampp/htdocs/vendor/yiisoft/yii2/base/Module.php(552): yii\base\Controller->runAction('create', Array)
#1 /opt/lampp/htdocs/vendor/yiisoft/yii2/web/Application.php(103): yii\base\Module->runAction('admin/create', Array)
#2 /opt/lampp/htdocs/vendor/yiisoft/yii2/base/Application.php(384): yii\web\Application->handleRequest(Object(yii\web\Request))
#3 /opt/lampp/htdocs/web/index.php(12): yii\base\Application->run()
#4 {main}

Next yii\web\NotFoundHttpException: Страница не найдена. in /opt/lampp/htdocs/vendor/yiisoft/yii2/web/Application.php:115
Stack trace:
#0 /opt/lampp/htdocs/vendor/yiisoft/yii2/base/Application.php(384): yii\web\Application->handleRequest(Object(yii\web\Request))
#1 /opt/lampp/htdocs/web/index.php(12): yii\base\Application->run()
#2 {main}
2024-10-22 13:49:49 [::1][1][ssrrsldf7bff4sq6bs508humpv][info][application] $_GET = []

$_POST = []

$_FILES = []

$_COOKIE = [
    'PHPSESSID' => 'ssrrsldf7bff4sq6bs508humpv'
    '_identity' => '0c7dc0824cf6cbf55382e435d7f4d768f1edd2fa7d9b4fe2c07e79a6a778c1aea:2:{i:0;s:9:\"_identity\";i:1;s:16:\"[1,null,2592000]\";}'
    '_csrf' => 'ffe378dceffa3252ccafe6ac2aff3ebba0aa27b402f5fdcaf80afca934fe35cea:2:{i:0;s:5:\"_csrf\";i:1;s:32:\"0mkJsQsjgFnlcyn3jZfW8ItjfC3_zeGs\";}'
]

$_SESSION = [
    '__flash' => []
    '__id' => 1
    '__authKey' => null
]

$_SERVER = [
    'REDIRECT_REDIRECT_UNIQUE_ID' => 'ZxeRXeQ3Q8pcj4Kl4zGOuAAAAAY'
    'REDIRECT_REDIRECT_STATUS' => '200'
    'REDIRECT_UNIQUE_ID' => 'ZxeRXeQ3Q8pcj4Kl4zGOuAAAAAY'
    'REDIRECT_STATUS' => '200'
    'UNIQUE_ID' => 'ZxeRXeQ3Q8pcj4Kl4zGOuAAAAAY'
    'HTTP_HOST' => 'localhost'
    'HTTP_CONNECTION' => 'keep-alive'
    'HTTP_SEC_CH_UA' => '\"Chromium\";v=\"127\", \"Not)A;Brand\";v=\"99\"'
    'HTTP_SEC_CH_UA_MOBILE' => '?0'
    'HTTP_SEC_CH_UA_PLATFORM' => '\"Linux\"'
    'HTTP_UPGRADE_INSECURE_REQUESTS' => '1'
    'HTTP_USER_AGENT' => 'Mozilla/5.0 (X11; Linux x86_64; Chromium GOST) AppleWebKit/537.36 (KHTML, like Gecko) Chrome/127.0.0.0 Safari/537.36'
    'HTTP_ACCEPT' => 'text/html,application/xhtml+xml,application/xml;q=0.9,image/avif,image/webp,image/apng,*/*;q=0.8,application/signed-exchange;v=b3;q=0.7'
    'HTTP_SEC_FETCH_SITE' => 'same-origin'
    'HTTP_SEC_FETCH_MODE' => 'navigate'
    'HTTP_SEC_FETCH_USER' => '?1'
    'HTTP_SEC_FETCH_DEST' => 'document'
    'HTTP_REFERER' => 'http://localhost/admin'
    'HTTP_ACCEPT_ENCODING' => 'gzip, deflate, br, zstd'
    'HTTP_ACCEPT_LANGUAGE' => 'ru-RU,ru;q=0.9'
    'HTTP_COOKIE' => 'PHPSESSID=ssrrsldf7bff4sq6bs508humpv; _identity=0c7dc0824cf6cbf55382e435d7f4d768f1edd2fa7d9b4fe2c07e79a6a778c1aea%3A2%3A%7Bi%3A0%3Bs%3A9%3A%22_identity%22%3Bi%3A1%3Bs%3A16%3A%22%5B1%2Cnull%2C2592000%5D%22%3B%7D; _csrf=ffe378dceffa3252ccafe6ac2aff3ebba0aa27b402f5fdcaf80afca934fe35cea%3A2%3A%7Bi%3A0%3Bs%3A5%3A%22_csrf%22%3Bi%3A1%3Bs%3A32%3A%220mkJsQsjgFnlcyn3jZfW8ItjfC3_zeGs%22%3B%7D'
    'PATH' => '/root/.local/bin:/root/bin:/usr/local/sbin:/usr/local/bin:/usr/sbin:/usr/bin'
    'LD_LIBRARY_PATH' => '/opt/lampp/lib:/opt/lampp/lib'
    'SERVER_SIGNATURE' => ''
    'SERVER_SOFTWARE' => 'Apache/2.4.58 (Unix) OpenSSL/1.1.1w PHP/8.2.12 mod_perl/2.0.12 Perl/v5.34.1'
    'SERVER_NAME' => 'localhost'
    'SERVER_ADDR' => '::1'
    'SERVER_PORT' => '80'
    'REMOTE_ADDR' => '::1'
    'DOCUMENT_ROOT' => '/opt/lampp/htdocs'
    'REQUEST_SCHEME' => 'http'
    'CONTEXT_PREFIX' => ''
    'CONTEXT_DOCUMENT_ROOT' => '/opt/lampp/htdocs'
    'SERVER_ADMIN' => 'you@example.com'
    'SCRIPT_FILENAME' => '/opt/lampp/htdocs/web/index.php'
    'REMOTE_PORT' => '33074'
    'REDIRECT_URL' => '/web/admin/create'
    'GATEWAY_INTERFACE' => 'CGI/1.1'
    'SERVER_PROTOCOL' => 'HTTP/1.1'
    'REQUEST_METHOD' => 'GET'
    'QUERY_STRING' => ''
    'REQUEST_URI' => '/admin/create'
    'SCRIPT_NAME' => '/web/index.php'
    'PHP_SELF' => '/web/index.php'
    'REQUEST_TIME_FLOAT' => 1729597789.4882
    'REQUEST_TIME' => 1729597789
]
2024-10-22 13:49:52 [::1][1][ssrrsldf7bff4sq6bs508humpv][error][yii\web\HttpException:404] yii\base\InvalidRouteException: Unable to resolve the request: admin/create in /opt/lampp/htdocs/vendor/yiisoft/yii2/base/Controller.php:149
Stack trace:
#0 /opt/lampp/htdocs/vendor/yiisoft/yii2/base/Module.php(552): yii\base\Controller->runAction('create', Array)
#1 /opt/lampp/htdocs/vendor/yiisoft/yii2/web/Application.php(103): yii\base\Module->runAction('admin/create', Array)
#2 /opt/lampp/htdocs/vendor/yiisoft/yii2/base/Application.php(384): yii\web\Application->handleRequest(Object(yii\web\Request))
#3 /opt/lampp/htdocs/web/index.php(12): yii\base\Application->run()
#4 {main}

Next yii\web\NotFoundHttpException: Страница не найдена. in /opt/lampp/htdocs/vendor/yiisoft/yii2/web/Application.php:115
Stack trace:
#0 /opt/lampp/htdocs/vendor/yiisoft/yii2/base/Application.php(384): yii\web\Application->handleRequest(Object(yii\web\Request))
#1 /opt/lampp/htdocs/web/index.php(12): yii\base\Application->run()
#2 {main}
2024-10-22 13:49:52 [::1][1][ssrrsldf7bff4sq6bs508humpv][info][application] $_GET = []

$_POST = []

$_FILES = []

$_COOKIE = [
    'PHPSESSID' => 'ssrrsldf7bff4sq6bs508humpv'
    '_identity' => '0c7dc0824cf6cbf55382e435d7f4d768f1edd2fa7d9b4fe2c07e79a6a778c1aea:2:{i:0;s:9:\"_identity\";i:1;s:16:\"[1,null,2592000]\";}'
    '_csrf' => 'ffe378dceffa3252ccafe6ac2aff3ebba0aa27b402f5fdcaf80afca934fe35cea:2:{i:0;s:5:\"_csrf\";i:1;s:32:\"0mkJsQsjgFnlcyn3jZfW8ItjfC3_zeGs\";}'
]

$_SESSION = [
    '__flash' => []
    '__id' => 1
    '__authKey' => null
]

$_SERVER = [
    'REDIRECT_REDIRECT_UNIQUE_ID' => 'ZxeRYOQ3Q8pcj4Kl4zGOugAAAAY'
    'REDIRECT_REDIRECT_STATUS' => '200'
    'REDIRECT_UNIQUE_ID' => 'ZxeRYOQ3Q8pcj4Kl4zGOugAAAAY'
    'REDIRECT_STATUS' => '200'
    'UNIQUE_ID' => 'ZxeRYOQ3Q8pcj4Kl4zGOugAAAAY'
    'HTTP_HOST' => 'localhost'
    'HTTP_CONNECTION' => 'keep-alive'
    'HTTP_SEC_CH_UA' => '\"Chromium\";v=\"127\", \"Not)A;Brand\";v=\"99\"'
    'HTTP_SEC_CH_UA_MOBILE' => '?0'
    'HTTP_SEC_CH_UA_PLATFORM' => '\"Linux\"'
    'HTTP_UPGRADE_INSECURE_REQUESTS' => '1'
    'HTTP_USER_AGENT' => 'Mozilla/5.0 (X11; Linux x86_64; Chromium GOST) AppleWebKit/537.36 (KHTML, like Gecko) Chrome/127.0.0.0 Safari/537.36'
    'HTTP_ACCEPT' => 'text/html,application/xhtml+xml,application/xml;q=0.9,image/avif,image/webp,image/apng,*/*;q=0.8,application/signed-exchange;v=b3;q=0.7'
    'HTTP_SEC_FETCH_SITE' => 'same-origin'
    'HTTP_SEC_FETCH_MODE' => 'navigate'
    'HTTP_SEC_FETCH_USER' => '?1'
    'HTTP_SEC_FETCH_DEST' => 'document'
    'HTTP_REFERER' => 'http://localhost/admin'
    'HTTP_ACCEPT_ENCODING' => 'gzip, deflate, br, zstd'
    'HTTP_ACCEPT_LANGUAGE' => 'ru-RU,ru;q=0.9'
    'HTTP_COOKIE' => 'PHPSESSID=ssrrsldf7bff4sq6bs508humpv; _identity=0c7dc0824cf6cbf55382e435d7f4d768f1edd2fa7d9b4fe2c07e79a6a778c1aea%3A2%3A%7Bi%3A0%3Bs%3A9%3A%22_identity%22%3Bi%3A1%3Bs%3A16%3A%22%5B1%2Cnull%2C2592000%5D%22%3B%7D; _csrf=ffe378dceffa3252ccafe6ac2aff3ebba0aa27b402f5fdcaf80afca934fe35cea%3A2%3A%7Bi%3A0%3Bs%3A5%3A%22_csrf%22%3Bi%3A1%3Bs%3A32%3A%220mkJsQsjgFnlcyn3jZfW8ItjfC3_zeGs%22%3B%7D'
    'PATH' => '/root/.local/bin:/root/bin:/usr/local/sbin:/usr/local/bin:/usr/sbin:/usr/bin'
    'LD_LIBRARY_PATH' => '/opt/lampp/lib:/opt/lampp/lib'
    'SERVER_SIGNATURE' => ''
    'SERVER_SOFTWARE' => 'Apache/2.4.58 (Unix) OpenSSL/1.1.1w PHP/8.2.12 mod_perl/2.0.12 Perl/v5.34.1'
    'SERVER_NAME' => 'localhost'
    'SERVER_ADDR' => '::1'
    'SERVER_PORT' => '80'
    'REMOTE_ADDR' => '::1'
    'DOCUMENT_ROOT' => '/opt/lampp/htdocs'
    'REQUEST_SCHEME' => 'http'
    'CONTEXT_PREFIX' => ''
    'CONTEXT_DOCUMENT_ROOT' => '/opt/lampp/htdocs'
    'SERVER_ADMIN' => 'you@example.com'
    'SCRIPT_FILENAME' => '/opt/lampp/htdocs/web/index.php'
    'REMOTE_PORT' => '33074'
    'REDIRECT_URL' => '/web/admin/create'
    'GATEWAY_INTERFACE' => 'CGI/1.1'
    'SERVER_PROTOCOL' => 'HTTP/1.1'
    'REQUEST_METHOD' => 'GET'
    'QUERY_STRING' => ''
    'REQUEST_URI' => '/admin/create'
    'SCRIPT_NAME' => '/web/index.php'
    'PHP_SELF' => '/web/index.php'
    'REQUEST_TIME_FLOAT' => 1729597792.0202
    'REQUEST_TIME' => 1729597792
]
2024-10-29 10:15:28 [::1][-][8hg0s4qn0blvnv8geppr6me9bp][error][yii\web\HttpException:404] yii\base\InvalidRouteException: Unable to resolve the request "php". in /opt/lampp/htdocs/vendor/yiisoft/yii2/base/Module.php:561
Stack trace:
#0 /opt/lampp/htdocs/vendor/yiisoft/yii2/web/Application.php(103): yii\base\Module->runAction('php', Array)
#1 /opt/lampp/htdocs/vendor/yiisoft/yii2/base/Application.php(384): yii\web\Application->handleRequest(Object(yii\web\Request))
#2 /opt/lampp/htdocs/web/index.php(12): yii\base\Application->run()
#3 {main}

Next yii\web\NotFoundHttpException: Страница не найдена. in /opt/lampp/htdocs/vendor/yiisoft/yii2/web/Application.php:115
Stack trace:
#0 /opt/lampp/htdocs/vendor/yiisoft/yii2/base/Application.php(384): yii\web\Application->handleRequest(Object(yii\web\Request))
#1 /opt/lampp/htdocs/web/index.php(12): yii\base\Application->run()
#2 {main}
2024-10-29 10:15:28 [::1][-][8hg0s4qn0blvnv8geppr6me9bp][info][application] $_GET = []

$_POST = []

$_FILES = []

$_COOKIE = [
    '_csrf' => 'c95ebbee8910eba8f19e29a41e6bac1e1cc8e90c98dd102aba3a14f9d18697d9a:2:{i:0;s:5:\"_csrf\";i:1;s:32:\"mi1wNxr1pTqWxHzpeI0Sfp8vmsvokpCt\";}'
    'PHPSESSID' => '8hg0s4qn0blvnv8geppr6me9bp'
]

$_SESSION = [
    '__flash' => []
]

$_SERVER = [
    'REDIRECT_REDIRECT_UNIQUE_ID' => 'ZyCnsMURZtnM4zeA7KUoVQAAAAs'
    'REDIRECT_REDIRECT_STATUS' => '200'
    'REDIRECT_UNIQUE_ID' => 'ZyCnsMURZtnM4zeA7KUoVQAAAAs'
    'REDIRECT_STATUS' => '200'
    'UNIQUE_ID' => 'ZyCnsMURZtnM4zeA7KUoVQAAAAs'
    'HTTP_HOST' => 'localhost'
    'HTTP_CONNECTION' => 'keep-alive'
    'HTTP_SEC_CH_UA' => '\"Not;A=Brand\";v=\"24\", \"Chromium\";v=\"128\"'
    'HTTP_SEC_CH_UA_MOBILE' => '?0'
    'HTTP_SEC_CH_UA_PLATFORM' => '\"Linux\"'
    'HTTP_UPGRADE_INSECURE_REQUESTS' => '1'
    'HTTP_USER_AGENT' => 'Mozilla/5.0 (X11; Linux x86_64; Chromium GOST) AppleWebKit/537.36 (KHTML, like Gecko) Chrome/128.0.0.0 Safari/537.36'
    'HTTP_ACCEPT' => 'text/html,application/xhtml+xml,application/xml;q=0.9,image/avif,image/webp,image/apng,*/*;q=0.8,application/signed-exchange;v=b3;q=0.7'
    'HTTP_SEC_FETCH_SITE' => 'none'
    'HTTP_SEC_FETCH_MODE' => 'navigate'
    'HTTP_SEC_FETCH_USER' => '?1'
    'HTTP_SEC_FETCH_DEST' => 'document'
    'HTTP_ACCEPT_ENCODING' => 'gzip, deflate, br, zstd'
    'HTTP_ACCEPT_LANGUAGE' => 'ru-RU,ru;q=0.9'
    'HTTP_COOKIE' => '_csrf=c95ebbee8910eba8f19e29a41e6bac1e1cc8e90c98dd102aba3a14f9d18697d9a%3A2%3A%7Bi%3A0%3Bs%3A5%3A%22_csrf%22%3Bi%3A1%3Bs%3A32%3A%22mi1wNxr1pTqWxHzpeI0Sfp8vmsvokpCt%22%3B%7D; PHPSESSID=8hg0s4qn0blvnv8geppr6me9bp'
    'PATH' => '/root/.local/bin:/root/bin:/usr/local/sbin:/usr/local/bin:/usr/sbin:/usr/bin'
    'LD_LIBRARY_PATH' => '/opt/lampp/lib:/opt/lampp/lib'
    'SERVER_SIGNATURE' => ''
    'SERVER_SOFTWARE' => 'Apache/2.4.58 (Unix) OpenSSL/1.1.1w PHP/8.2.12 mod_perl/2.0.12 Perl/v5.34.1'
    'SERVER_NAME' => 'localhost'
    'SERVER_ADDR' => '::1'
    'SERVER_PORT' => '80'
    'REMOTE_ADDR' => '::1'
    'DOCUMENT_ROOT' => '/opt/lampp/htdocs'
    'REQUEST_SCHEME' => 'http'
    'CONTEXT_PREFIX' => ''
    'CONTEXT_DOCUMENT_ROOT' => '/opt/lampp/htdocs'
    'SERVER_ADMIN' => 'you@example.com'
    'SCRIPT_FILENAME' => '/opt/lampp/htdocs/web/index.php'
    'REMOTE_PORT' => '39556'
    'REDIRECT_URL' => '/web/php'
    'GATEWAY_INTERFACE' => 'CGI/1.1'
    'SERVER_PROTOCOL' => 'HTTP/1.1'
    'REQUEST_METHOD' => 'GET'
    'QUERY_STRING' => ''
    'REQUEST_URI' => '/php'
    'SCRIPT_NAME' => '/web/index.php'
    'PHP_SELF' => '/web/index.php'
    'REQUEST_TIME_FLOAT' => 1730193328.9356
    'REQUEST_TIME' => 1730193328
]
2024-11-14 12:00:59 [::1][-][8fjognmtbj9ui258sbbk72a3k8][error][yii\web\HttpException:404] yii\base\InvalidRouteException: Unable to resolve the request "web/". in /opt/lampp/htdocs/vendor/yiisoft/yii2/base/Module.php:561
Stack trace:
#0 /opt/lampp/htdocs/vendor/yiisoft/yii2/web/Application.php(103): yii\base\Module->runAction('web/', Array)
#1 /opt/lampp/htdocs/vendor/yiisoft/yii2/base/Application.php(384): yii\web\Application->handleRequest(Object(yii\web\Request))
#2 /opt/lampp/htdocs/web/index.php(12): yii\base\Application->run()
#3 {main}

Next yii\web\NotFoundHttpException: Страница не найдена. in /opt/lampp/htdocs/vendor/yiisoft/yii2/web/Application.php:115
Stack trace:
#0 /opt/lampp/htdocs/vendor/yiisoft/yii2/base/Application.php(384): yii\web\Application->handleRequest(Object(yii\web\Request))
#1 /opt/lampp/htdocs/web/index.php(12): yii\base\Application->run()
#2 {main}
2024-11-14 12:00:59 [::1][-][8fjognmtbj9ui258sbbk72a3k8][info][application] $_GET = []

$_POST = []

$_FILES = []

$_COOKIE = [
    'PHPSESSID' => '8fjognmtbj9ui258sbbk72a3k8'
    '_csrf' => 'efbc9e3bee1abdc1523c1d7821738626bd1574111a7e41151f67e3266be523eda:2:{i:0;s:5:\"_csrf\";i:1;s:32:\"uxaXKXZATALcRLzpkbWTx9UvjMrPMJG1\";}'
]

$_SESSION = [
    '__flash' => []
]

$_SERVER = [
    'UNIQUE_ID' => 'ZzXYa48T3VlWTwS2WvDMFQAAAAQ'
    'HTTP_HOST' => 'localhost'
    'HTTP_CONNECTION' => 'keep-alive'
    'HTTP_SEC_CH_UA' => '\"Not;A=Brand\";v=\"24\", \"Chromium\";v=\"128\"'
    'HTTP_SEC_CH_UA_MOBILE' => '?0'
    'HTTP_SEC_CH_UA_PLATFORM' => '\"Linux\"'
    'HTTP_UPGRADE_INSECURE_REQUESTS' => '1'
    'HTTP_USER_AGENT' => 'Mozilla/5.0 (X11; Linux x86_64; Chromium GOST) AppleWebKit/537.36 (KHTML, like Gecko) Chrome/128.0.0.0 Safari/537.36'
    'HTTP_ACCEPT' => 'text/html,application/xhtml+xml,application/xml;q=0.9,image/avif,image/webp,image/apng,*/*;q=0.8,application/signed-exchange;v=b3;q=0.7'
    'HTTP_SEC_FETCH_SITE' => 'same-origin'
    'HTTP_SEC_FETCH_MODE' => 'navigate'
    'HTTP_SEC_FETCH_USER' => '?1'
    'HTTP_SEC_FETCH_DEST' => 'document'
    'HTTP_REFERER' => 'http://localhost/web/site/login'
    'HTTP_ACCEPT_ENCODING' => 'gzip, deflate, br, zstd'
    'HTTP_ACCEPT_LANGUAGE' => 'ru-RU,ru;q=0.9'
    'HTTP_COOKIE' => 'PHPSESSID=8fjognmtbj9ui258sbbk72a3k8; _csrf=efbc9e3bee1abdc1523c1d7821738626bd1574111a7e41151f67e3266be523eda%3A2%3A%7Bi%3A0%3Bs%3A5%3A%22_csrf%22%3Bi%3A1%3Bs%3A32%3A%22uxaXKXZATALcRLzpkbWTx9UvjMrPMJG1%22%3B%7D'
    'PATH' => '/sbin:/bin:/usr/sbin:/usr/bin'
    'LD_LIBRARY_PATH' => '/opt/lampp/lib:/opt/lampp/lib'
    'SERVER_SIGNATURE' => ''
    'SERVER_SOFTWARE' => 'Apache/2.4.58 (Unix) OpenSSL/1.1.1w PHP/8.2.12 mod_perl/2.0.12 Perl/v5.34.1'
    'SERVER_NAME' => 'localhost'
    'SERVER_ADDR' => '::1'
    'SERVER_PORT' => '80'
    'REMOTE_ADDR' => '::1'
    'DOCUMENT_ROOT' => '/opt/lampp/htdocs'
    'REQUEST_SCHEME' => 'http'
    'CONTEXT_PREFIX' => ''
    'CONTEXT_DOCUMENT_ROOT' => '/opt/lampp/htdocs'
    'SERVER_ADMIN' => 'you@example.com'
    'SCRIPT_FILENAME' => '/opt/lampp/htdocs/web/index.php'
    'REMOTE_PORT' => '40930'
    'GATEWAY_INTERFACE' => 'CGI/1.1'
    'SERVER_PROTOCOL' => 'HTTP/1.1'
    'REQUEST_METHOD' => 'GET'
    'QUERY_STRING' => ''
    'REQUEST_URI' => '/web/'
    'SCRIPT_NAME' => '/web/index.php'
    'PHP_SELF' => '/web/index.php'
    'REQUEST_TIME_FLOAT' => 1731582059.0687
    'REQUEST_TIME' => 1731582059
]
2024-11-14 12:21:34 [::1][-][-][error][ParseError] ParseError: syntax error, unexpected token "use", expecting "," or ";" in /opt/lampp/htdocs/controllers/AdminController.php:15
Stack trace:
#0 [internal function]: yii\BaseYii::autoload('app\\controllers...')
#1 /opt/lampp/htdocs/vendor/yiisoft/yii2/base/Module.php(661): class_exists('app\\controllers...')
#2 /opt/lampp/htdocs/vendor/yiisoft/yii2/base/Module.php(620): yii\base\Module->createControllerByID('admin')
#3 /opt/lampp/htdocs/vendor/yiisoft/yii2/base/Module.php(546): yii\base\Module->createController('')
#4 /opt/lampp/htdocs/vendor/yiisoft/yii2/web/Application.php(103): yii\base\Module->runAction('admin', Array)
#5 /opt/lampp/htdocs/vendor/yiisoft/yii2/base/Application.php(384): yii\web\Application->handleRequest(Object(yii\web\Request))
#6 /opt/lampp/htdocs/web/index.php(12): yii\base\Application->run()
#7 {main}
2024-11-14 12:21:34 [::1][-][-][info][application] $_GET = []

$_POST = []

$_FILES = []

$_COOKIE = [
    'PHPSESSID' => 'jh072prk75vnte2hjpqjl2aa6r'
    '_identity' => '0c7dc0824cf6cbf55382e435d7f4d768f1edd2fa7d9b4fe2c07e79a6a778c1aea:2:{i:0;s:9:\"_identity\";i:1;s:16:\"[1,null,2592000]\";}'
    '_csrf' => '572fb22d38419f07c1a14262a8c63c1acb23716317a08749ffa2b0444fd21feaa:2:{i:0;s:5:\"_csrf\";i:1;s:32:\"LwusfkZUYZGWQc1WKrw07H828qQHHsdA\";}'
]

$_SERVER = [
    'REDIRECT_REDIRECT_UNIQUE_ID' => 'ZzXdPutk4tqjOiUkV2hQDQAAAAY'
    'REDIRECT_REDIRECT_STATUS' => '200'
    'REDIRECT_UNIQUE_ID' => 'ZzXdPutk4tqjOiUkV2hQDQAAAAY'
    'REDIRECT_STATUS' => '200'
    'UNIQUE_ID' => 'ZzXdPutk4tqjOiUkV2hQDQAAAAY'
    'HTTP_HOST' => 'localhost'
    'HTTP_CONNECTION' => 'keep-alive'
    'HTTP_CACHE_CONTROL' => 'max-age=0'
    'HTTP_SEC_CH_UA' => '\"Not;A=Brand\";v=\"24\", \"Chromium\";v=\"128\"'
    'HTTP_SEC_CH_UA_MOBILE' => '?0'
    'HTTP_SEC_CH_UA_PLATFORM' => '\"Linux\"'
    'HTTP_UPGRADE_INSECURE_REQUESTS' => '1'
    'HTTP_USER_AGENT' => 'Mozilla/5.0 (X11; Linux x86_64; Chromium GOST) AppleWebKit/537.36 (KHTML, like Gecko) Chrome/128.0.0.0 Safari/537.36'
    'HTTP_ACCEPT' => 'text/html,application/xhtml+xml,application/xml;q=0.9,image/avif,image/webp,image/apng,*/*;q=0.8,application/signed-exchange;v=b3;q=0.7'
    'HTTP_SEC_FETCH_SITE' => 'same-origin'
    'HTTP_SEC_FETCH_MODE' => 'navigate'
    'HTTP_SEC_FETCH_USER' => '?1'
    'HTTP_SEC_FETCH_DEST' => 'document'
    'HTTP_REFERER' => 'http://localhost/'
    'HTTP_ACCEPT_ENCODING' => 'gzip, deflate, br, zstd'
    'HTTP_ACCEPT_LANGUAGE' => 'ru-RU,ru;q=0.9'
    'HTTP_COOKIE' => 'PHPSESSID=jh072prk75vnte2hjpqjl2aa6r; _identity=0c7dc0824cf6cbf55382e435d7f4d768f1edd2fa7d9b4fe2c07e79a6a778c1aea%3A2%3A%7Bi%3A0%3Bs%3A9%3A%22_identity%22%3Bi%3A1%3Bs%3A16%3A%22%5B1%2Cnull%2C2592000%5D%22%3B%7D; _csrf=572fb22d38419f07c1a14262a8c63c1acb23716317a08749ffa2b0444fd21feaa%3A2%3A%7Bi%3A0%3Bs%3A5%3A%22_csrf%22%3Bi%3A1%3Bs%3A32%3A%22LwusfkZUYZGWQc1WKrw07H828qQHHsdA%22%3B%7D'
    'PATH' => '/sbin:/bin:/usr/sbin:/usr/bin'
    'LD_LIBRARY_PATH' => '/opt/lampp/lib:/opt/lampp/lib'
    'SERVER_SIGNATURE' => ''
    'SERVER_SOFTWARE' => 'Apache/2.4.58 (Unix) OpenSSL/1.1.1w PHP/8.2.12 mod_perl/2.0.12 Perl/v5.34.1'
    'SERVER_NAME' => 'localhost'
    'SERVER_ADDR' => '::1'
    'SERVER_PORT' => '80'
    'REMOTE_ADDR' => '::1'
    'DOCUMENT_ROOT' => '/opt/lampp/htdocs'
    'REQUEST_SCHEME' => 'http'
    'CONTEXT_PREFIX' => ''
    'CONTEXT_DOCUMENT_ROOT' => '/opt/lampp/htdocs'
    'SERVER_ADMIN' => 'you@example.com'
    'SCRIPT_FILENAME' => '/opt/lampp/htdocs/web/index.php'
    'REMOTE_PORT' => '42748'
    'REDIRECT_URL' => '/web/admin'
    'GATEWAY_INTERFACE' => 'CGI/1.1'
    'SERVER_PROTOCOL' => 'HTTP/1.1'
    'REQUEST_METHOD' => 'GET'
    'QUERY_STRING' => ''
    'REQUEST_URI' => '/admin'
    'SCRIPT_NAME' => '/web/index.php'
    'PHP_SELF' => '/web/index.php'
    'REQUEST_TIME_FLOAT' => 1731583294.4271
    'REQUEST_TIME' => 1731583294
]
2024-11-14 12:21:35 [::1][-][-][error][ParseError] ParseError: syntax error, unexpected token "use", expecting "," or ";" in /opt/lampp/htdocs/controllers/AdminController.php:15
Stack trace:
#0 [internal function]: yii\BaseYii::autoload('app\\controllers...')
#1 /opt/lampp/htdocs/vendor/yiisoft/yii2/base/Module.php(661): class_exists('app\\controllers...')
#2 /opt/lampp/htdocs/vendor/yiisoft/yii2/base/Module.php(620): yii\base\Module->createControllerByID('admin')
#3 /opt/lampp/htdocs/vendor/yiisoft/yii2/base/Module.php(546): yii\base\Module->createController('')
#4 /opt/lampp/htdocs/vendor/yiisoft/yii2/web/Application.php(103): yii\base\Module->runAction('admin', Array)
#5 /opt/lampp/htdocs/vendor/yiisoft/yii2/base/Application.php(384): yii\web\Application->handleRequest(Object(yii\web\Request))
#6 /opt/lampp/htdocs/web/index.php(12): yii\base\Application->run()
#7 {main}
2024-11-14 12:21:35 [::1][-][-][info][application] $_GET = []

$_POST = []

$_FILES = []

$_COOKIE = [
    'PHPSESSID' => 'jh072prk75vnte2hjpqjl2aa6r'
    '_identity' => '0c7dc0824cf6cbf55382e435d7f4d768f1edd2fa7d9b4fe2c07e79a6a778c1aea:2:{i:0;s:9:\"_identity\";i:1;s:16:\"[1,null,2592000]\";}'
    '_csrf' => '572fb22d38419f07c1a14262a8c63c1acb23716317a08749ffa2b0444fd21feaa:2:{i:0;s:5:\"_csrf\";i:1;s:32:\"LwusfkZUYZGWQc1WKrw07H828qQHHsdA\";}'
]

$_SERVER = [
    'REDIRECT_REDIRECT_UNIQUE_ID' => 'ZzXdPzwTvwjFzh1INjup5gAAAAI'
    'REDIRECT_REDIRECT_STATUS' => '200'
    'REDIRECT_UNIQUE_ID' => 'ZzXdPzwTvwjFzh1INjup5gAAAAI'
    'REDIRECT_STATUS' => '200'
    'UNIQUE_ID' => 'ZzXdPzwTvwjFzh1INjup5gAAAAI'
    'HTTP_HOST' => 'localhost'
    'HTTP_CONNECTION' => 'keep-alive'
    'HTTP_CACHE_CONTROL' => 'max-age=0'
    'HTTP_SEC_CH_UA' => '\"Not;A=Brand\";v=\"24\", \"Chromium\";v=\"128\"'
    'HTTP_SEC_CH_UA_MOBILE' => '?0'
    'HTTP_SEC_CH_UA_PLATFORM' => '\"Linux\"'
    'HTTP_UPGRADE_INSECURE_REQUESTS' => '1'
    'HTTP_USER_AGENT' => 'Mozilla/5.0 (X11; Linux x86_64; Chromium GOST) AppleWebKit/537.36 (KHTML, like Gecko) Chrome/128.0.0.0 Safari/537.36'
    'HTTP_ACCEPT' => 'text/html,application/xhtml+xml,application/xml;q=0.9,image/avif,image/webp,image/apng,*/*;q=0.8,application/signed-exchange;v=b3;q=0.7'
    'HTTP_SEC_FETCH_SITE' => 'same-origin'
    'HTTP_SEC_FETCH_MODE' => 'navigate'
    'HTTP_SEC_FETCH_USER' => '?1'
    'HTTP_SEC_FETCH_DEST' => 'document'
    'HTTP_REFERER' => 'http://localhost/'
    'HTTP_ACCEPT_ENCODING' => 'gzip, deflate, br, zstd'
    'HTTP_ACCEPT_LANGUAGE' => 'ru-RU,ru;q=0.9'
    'HTTP_COOKIE' => 'PHPSESSID=jh072prk75vnte2hjpqjl2aa6r; _identity=0c7dc0824cf6cbf55382e435d7f4d768f1edd2fa7d9b4fe2c07e79a6a778c1aea%3A2%3A%7Bi%3A0%3Bs%3A9%3A%22_identity%22%3Bi%3A1%3Bs%3A16%3A%22%5B1%2Cnull%2C2592000%5D%22%3B%7D; _csrf=572fb22d38419f07c1a14262a8c63c1acb23716317a08749ffa2b0444fd21feaa%3A2%3A%7Bi%3A0%3Bs%3A5%3A%22_csrf%22%3Bi%3A1%3Bs%3A32%3A%22LwusfkZUYZGWQc1WKrw07H828qQHHsdA%22%3B%7D'
    'PATH' => '/sbin:/bin:/usr/sbin:/usr/bin'
    'LD_LIBRARY_PATH' => '/opt/lampp/lib:/opt/lampp/lib'
    'SERVER_SIGNATURE' => ''
    'SERVER_SOFTWARE' => 'Apache/2.4.58 (Unix) OpenSSL/1.1.1w PHP/8.2.12 mod_perl/2.0.12 Perl/v5.34.1'
    'SERVER_NAME' => 'localhost'
    'SERVER_ADDR' => '::1'
    'SERVER_PORT' => '80'
    'REMOTE_ADDR' => '::1'
    'DOCUMENT_ROOT' => '/opt/lampp/htdocs'
    'REQUEST_SCHEME' => 'http'
    'CONTEXT_PREFIX' => ''
    'CONTEXT_DOCUMENT_ROOT' => '/opt/lampp/htdocs'
    'SERVER_ADMIN' => 'you@example.com'
    'SCRIPT_FILENAME' => '/opt/lampp/htdocs/web/index.php'
    'REMOTE_PORT' => '42764'
    'REDIRECT_URL' => '/web/admin'
    'GATEWAY_INTERFACE' => 'CGI/1.1'
    'SERVER_PROTOCOL' => 'HTTP/1.1'
    'REQUEST_METHOD' => 'GET'
    'QUERY_STRING' => ''
    'REQUEST_URI' => '/admin'
    'SCRIPT_NAME' => '/web/index.php'
    'PHP_SELF' => '/web/index.php'
    'REQUEST_TIME_FLOAT' => 1731583295.2315
    'REQUEST_TIME' => 1731583295
]
2024-11-14 12:21:59 [::1][-][-][error][ParseError] ParseError: syntax error, unexpected token "}", expecting ";" in /opt/lampp/htdocs/controllers/AdminController.php:76
Stack trace:
#0 [internal function]: yii\BaseYii::autoload('app\\controllers...')
#1 /opt/lampp/htdocs/vendor/yiisoft/yii2/base/Module.php(661): class_exists('app\\controllers...')
#2 /opt/lampp/htdocs/vendor/yiisoft/yii2/base/Module.php(620): yii\base\Module->createControllerByID('admin')
#3 /opt/lampp/htdocs/vendor/yiisoft/yii2/base/Module.php(546): yii\base\Module->createController('')
#4 /opt/lampp/htdocs/vendor/yiisoft/yii2/web/Application.php(103): yii\base\Module->runAction('admin', Array)
#5 /opt/lampp/htdocs/vendor/yiisoft/yii2/base/Application.php(384): yii\web\Application->handleRequest(Object(yii\web\Request))
#6 /opt/lampp/htdocs/web/index.php(12): yii\base\Application->run()
#7 {main}
2024-11-14 12:21:59 [::1][-][-][info][application] $_GET = []

$_POST = []

$_FILES = []

$_COOKIE = [
    'PHPSESSID' => 'jh072prk75vnte2hjpqjl2aa6r'
    '_identity' => '0c7dc0824cf6cbf55382e435d7f4d768f1edd2fa7d9b4fe2c07e79a6a778c1aea:2:{i:0;s:9:\"_identity\";i:1;s:16:\"[1,null,2592000]\";}'
    '_csrf' => '572fb22d38419f07c1a14262a8c63c1acb23716317a08749ffa2b0444fd21feaa:2:{i:0;s:5:\"_csrf\";i:1;s:32:\"LwusfkZUYZGWQc1WKrw07H828qQHHsdA\";}'
]

$_SERVER = [
    'REDIRECT_REDIRECT_UNIQUE_ID' => 'ZzXdVyquTFN4ouC7iC-CYQAAAAc'
    'REDIRECT_REDIRECT_STATUS' => '200'
    'REDIRECT_UNIQUE_ID' => 'ZzXdVyquTFN4ouC7iC-CYQAAAAc'
    'REDIRECT_STATUS' => '200'
    'UNIQUE_ID' => 'ZzXdVyquTFN4ouC7iC-CYQAAAAc'
    'HTTP_HOST' => 'localhost'
    'HTTP_CONNECTION' => 'keep-alive'
    'HTTP_CACHE_CONTROL' => 'max-age=0'
    'HTTP_SEC_CH_UA' => '\"Not;A=Brand\";v=\"24\", \"Chromium\";v=\"128\"'
    'HTTP_SEC_CH_UA_MOBILE' => '?0'
    'HTTP_SEC_CH_UA_PLATFORM' => '\"Linux\"'
    'HTTP_UPGRADE_INSECURE_REQUESTS' => '1'
    'HTTP_USER_AGENT' => 'Mozilla/5.0 (X11; Linux x86_64; Chromium GOST) AppleWebKit/537.36 (KHTML, like Gecko) Chrome/128.0.0.0 Safari/537.36'
    'HTTP_ACCEPT' => 'text/html,application/xhtml+xml,application/xml;q=0.9,image/avif,image/webp,image/apng,*/*;q=0.8,application/signed-exchange;v=b3;q=0.7'
    'HTTP_SEC_FETCH_SITE' => 'same-origin'
    'HTTP_SEC_FETCH_MODE' => 'navigate'
    'HTTP_SEC_FETCH_USER' => '?1'
    'HTTP_SEC_FETCH_DEST' => 'document'
    'HTTP_REFERER' => 'http://localhost/'
    'HTTP_ACCEPT_ENCODING' => 'gzip, deflate, br, zstd'
    'HTTP_ACCEPT_LANGUAGE' => 'ru-RU,ru;q=0.9'
    'HTTP_COOKIE' => 'PHPSESSID=jh072prk75vnte2hjpqjl2aa6r; _identity=0c7dc0824cf6cbf55382e435d7f4d768f1edd2fa7d9b4fe2c07e79a6a778c1aea%3A2%3A%7Bi%3A0%3Bs%3A9%3A%22_identity%22%3Bi%3A1%3Bs%3A16%3A%22%5B1%2Cnull%2C2592000%5D%22%3B%7D; _csrf=572fb22d38419f07c1a14262a8c63c1acb23716317a08749ffa2b0444fd21feaa%3A2%3A%7Bi%3A0%3Bs%3A5%3A%22_csrf%22%3Bi%3A1%3Bs%3A32%3A%22LwusfkZUYZGWQc1WKrw07H828qQHHsdA%22%3B%7D'
    'PATH' => '/sbin:/bin:/usr/sbin:/usr/bin'
    'LD_LIBRARY_PATH' => '/opt/lampp/lib:/opt/lampp/lib'
    'SERVER_SIGNATURE' => ''
    'SERVER_SOFTWARE' => 'Apache/2.4.58 (Unix) OpenSSL/1.1.1w PHP/8.2.12 mod_perl/2.0.12 Perl/v5.34.1'
    'SERVER_NAME' => 'localhost'
    'SERVER_ADDR' => '::1'
    'SERVER_PORT' => '80'
    'REMOTE_ADDR' => '::1'
    'DOCUMENT_ROOT' => '/opt/lampp/htdocs'
    'REQUEST_SCHEME' => 'http'
    'CONTEXT_PREFIX' => ''
    'CONTEXT_DOCUMENT_ROOT' => '/opt/lampp/htdocs'
    'SERVER_ADMIN' => 'you@example.com'
    'SCRIPT_FILENAME' => '/opt/lampp/htdocs/web/index.php'
    'REMOTE_PORT' => '39450'
    'REDIRECT_URL' => '/web/admin'
    'GATEWAY_INTERFACE' => 'CGI/1.1'
    'SERVER_PROTOCOL' => 'HTTP/1.1'
    'REQUEST_METHOD' => 'GET'
    'QUERY_STRING' => ''
    'REQUEST_URI' => '/admin'
    'SCRIPT_NAME' => '/web/index.php'
    'PHP_SELF' => '/web/index.php'
    'REQUEST_TIME_FLOAT' => 1731583319.0424
    'REQUEST_TIME' => 1731583319
]
2024-11-14 12:22:45 [::1][1][jh072prk75vnte2hjpqjl2aa6r][error][ParseError] ParseError: syntax error, unexpected token "echo", expecting "," or ";" in /opt/lampp/htdocs/views/admin/index.php:45
Stack trace:
#0 /opt/lampp/htdocs/vendor/yiisoft/yii2/base/View.php(258): yii\base\View->renderPhpFile('/opt/lampp/htdo...', Array)
#1 /opt/lampp/htdocs/vendor/yiisoft/yii2/base/View.php(157): yii\base\View->renderFile('/opt/lampp/htdo...', Array, Object(app\controllers\AdminController))
#2 /opt/lampp/htdocs/vendor/yiisoft/yii2/base/Controller.php(407): yii\base\View->render('index', Array, Object(app\controllers\AdminController))
#3 /opt/lampp/htdocs/controllers/AdminController.php(36): yii\base\Controller->render('index', Array)
#4 [internal function]: app\controllers\AdminController->actionIndex()
#5 /opt/lampp/htdocs/vendor/yiisoft/yii2/base/InlineAction.php(57): call_user_func_array(Array, Array)
#6 /opt/lampp/htdocs/vendor/yiisoft/yii2/base/Controller.php(178): yii\base\InlineAction->runWithParams(Array)
#7 /opt/lampp/htdocs/vendor/yiisoft/yii2/base/Module.php(552): yii\base\Controller->runAction('', Array)
#8 /opt/lampp/htdocs/vendor/yiisoft/yii2/web/Application.php(103): yii\base\Module->runAction('admin', Array)
#9 /opt/lampp/htdocs/vendor/yiisoft/yii2/base/Application.php(384): yii\web\Application->handleRequest(Object(yii\web\Request))
#10 /opt/lampp/htdocs/web/index.php(12): yii\base\Application->run()
#11 {main}
2024-11-14 12:22:45 [::1][1][jh072prk75vnte2hjpqjl2aa6r][info][application] $_GET = []

$_POST = []

$_FILES = []

$_COOKIE = [
    'PHPSESSID' => 'jh072prk75vnte2hjpqjl2aa6r'
    '_identity' => '0c7dc0824cf6cbf55382e435d7f4d768f1edd2fa7d9b4fe2c07e79a6a778c1aea:2:{i:0;s:9:\"_identity\";i:1;s:16:\"[1,null,2592000]\";}'
    '_csrf' => '572fb22d38419f07c1a14262a8c63c1acb23716317a08749ffa2b0444fd21feaa:2:{i:0;s:5:\"_csrf\";i:1;s:32:\"LwusfkZUYZGWQc1WKrw07H828qQHHsdA\";}'
]

$_SESSION = [
    '__flash' => []
    '__id' => 1
    '__authKey' => null
]

$_SERVER = [
    'REDIRECT_REDIRECT_UNIQUE_ID' => 'ZzXdha7Rj7cjkb4NjAVqTgAAAAA'
    'REDIRECT_REDIRECT_STATUS' => '200'
    'REDIRECT_UNIQUE_ID' => 'ZzXdha7Rj7cjkb4NjAVqTgAAAAA'
    'REDIRECT_STATUS' => '200'
    'UNIQUE_ID' => 'ZzXdha7Rj7cjkb4NjAVqTgAAAAA'
    'HTTP_HOST' => 'localhost'
    'HTTP_CONNECTION' => 'keep-alive'
    'HTTP_CACHE_CONTROL' => 'max-age=0'
    'HTTP_SEC_CH_UA' => '\"Not;A=Brand\";v=\"24\", \"Chromium\";v=\"128\"'
    'HTTP_SEC_CH_UA_MOBILE' => '?0'
    'HTTP_SEC_CH_UA_PLATFORM' => '\"Linux\"'
    'HTTP_UPGRADE_INSECURE_REQUESTS' => '1'
    'HTTP_USER_AGENT' => 'Mozilla/5.0 (X11; Linux x86_64; Chromium GOST) AppleWebKit/537.36 (KHTML, like Gecko) Chrome/128.0.0.0 Safari/537.36'
    'HTTP_ACCEPT' => 'text/html,application/xhtml+xml,application/xml;q=0.9,image/avif,image/webp,image/apng,*/*;q=0.8,application/signed-exchange;v=b3;q=0.7'
    'HTTP_SEC_FETCH_SITE' => 'same-origin'
    'HTTP_SEC_FETCH_MODE' => 'navigate'
    'HTTP_SEC_FETCH_USER' => '?1'
    'HTTP_SEC_FETCH_DEST' => 'document'
    'HTTP_REFERER' => 'http://localhost/'
    'HTTP_ACCEPT_ENCODING' => 'gzip, deflate, br, zstd'
    'HTTP_ACCEPT_LANGUAGE' => 'ru-RU,ru;q=0.9'
    'HTTP_COOKIE' => 'PHPSESSID=jh072prk75vnte2hjpqjl2aa6r; _identity=0c7dc0824cf6cbf55382e435d7f4d768f1edd2fa7d9b4fe2c07e79a6a778c1aea%3A2%3A%7Bi%3A0%3Bs%3A9%3A%22_identity%22%3Bi%3A1%3Bs%3A16%3A%22%5B1%2Cnull%2C2592000%5D%22%3B%7D; _csrf=572fb22d38419f07c1a14262a8c63c1acb23716317a08749ffa2b0444fd21feaa%3A2%3A%7Bi%3A0%3Bs%3A5%3A%22_csrf%22%3Bi%3A1%3Bs%3A32%3A%22LwusfkZUYZGWQc1WKrw07H828qQHHsdA%22%3B%7D'
    'PATH' => '/sbin:/bin:/usr/sbin:/usr/bin'
    'LD_LIBRARY_PATH' => '/opt/lampp/lib:/opt/lampp/lib'
    'SERVER_SIGNATURE' => ''
    'SERVER_SOFTWARE' => 'Apache/2.4.58 (Unix) OpenSSL/1.1.1w PHP/8.2.12 mod_perl/2.0.12 Perl/v5.34.1'
    'SERVER_NAME' => 'localhost'
    'SERVER_ADDR' => '::1'
    'SERVER_PORT' => '80'
    'REMOTE_ADDR' => '::1'
    'DOCUMENT_ROOT' => '/opt/lampp/htdocs'
    'REQUEST_SCHEME' => 'http'
    'CONTEXT_PREFIX' => ''
    'CONTEXT_DOCUMENT_ROOT' => '/opt/lampp/htdocs'
    'SERVER_ADMIN' => 'you@example.com'
    'SCRIPT_FILENAME' => '/opt/lampp/htdocs/web/index.php'
    'REMOTE_PORT' => '41908'
    'REDIRECT_URL' => '/web/admin'
    'GATEWAY_INTERFACE' => 'CGI/1.1'
    'SERVER_PROTOCOL' => 'HTTP/1.1'
    'REQUEST_METHOD' => 'GET'
    'QUERY_STRING' => ''
    'REQUEST_URI' => '/admin'
    'SCRIPT_NAME' => '/web/index.php'
    'PHP_SELF' => '/web/index.php'
    'REQUEST_TIME_FLOAT' => 1731583365.7228
    'REQUEST_TIME' => 1731583365
]
2024-11-14 12:22:47 [::1][1][jh072prk75vnte2hjpqjl2aa6r][error][ParseError] ParseError: syntax error, unexpected token "echo", expecting "," or ";" in /opt/lampp/htdocs/views/admin/index.php:45
Stack trace:
#0 /opt/lampp/htdocs/vendor/yiisoft/yii2/base/View.php(258): yii\base\View->renderPhpFile('/opt/lampp/htdo...', Array)
#1 /opt/lampp/htdocs/vendor/yiisoft/yii2/base/View.php(157): yii\base\View->renderFile('/opt/lampp/htdo...', Array, Object(app\controllers\AdminController))
#2 /opt/lampp/htdocs/vendor/yiisoft/yii2/base/Controller.php(407): yii\base\View->render('index', Array, Object(app\controllers\AdminController))
#3 /opt/lampp/htdocs/controllers/AdminController.php(36): yii\base\Controller->render('index', Array)
#4 [internal function]: app\controllers\AdminController->actionIndex()
#5 /opt/lampp/htdocs/vendor/yiisoft/yii2/base/InlineAction.php(57): call_user_func_array(Array, Array)
#6 /opt/lampp/htdocs/vendor/yiisoft/yii2/base/Controller.php(178): yii\base\InlineAction->runWithParams(Array)
#7 /opt/lampp/htdocs/vendor/yiisoft/yii2/base/Module.php(552): yii\base\Controller->runAction('', Array)
#8 /opt/lampp/htdocs/vendor/yiisoft/yii2/web/Application.php(103): yii\base\Module->runAction('admin', Array)
#9 /opt/lampp/htdocs/vendor/yiisoft/yii2/base/Application.php(384): yii\web\Application->handleRequest(Object(yii\web\Request))
#10 /opt/lampp/htdocs/web/index.php(12): yii\base\Application->run()
#11 {main}
2024-11-14 12:22:47 [::1][1][jh072prk75vnte2hjpqjl2aa6r][info][application] $_GET = []

$_POST = []

$_FILES = []

$_COOKIE = [
    'PHPSESSID' => 'jh072prk75vnte2hjpqjl2aa6r'
    '_identity' => '0c7dc0824cf6cbf55382e435d7f4d768f1edd2fa7d9b4fe2c07e79a6a778c1aea:2:{i:0;s:9:\"_identity\";i:1;s:16:\"[1,null,2592000]\";}'
    '_csrf' => '572fb22d38419f07c1a14262a8c63c1acb23716317a08749ffa2b0444fd21feaa:2:{i:0;s:5:\"_csrf\";i:1;s:32:\"LwusfkZUYZGWQc1WKrw07H828qQHHsdA\";}'
]

$_SESSION = [
    '__flash' => []
    '__id' => 1
    '__authKey' => null
]

$_SERVER = [
    'REDIRECT_REDIRECT_UNIQUE_ID' => 'ZzXdh48T3VlWTwS2WvDMFwAAAAQ'
    'REDIRECT_REDIRECT_STATUS' => '200'
    'REDIRECT_UNIQUE_ID' => 'ZzXdh48T3VlWTwS2WvDMFwAAAAQ'
    'REDIRECT_STATUS' => '200'
    'UNIQUE_ID' => 'ZzXdh48T3VlWTwS2WvDMFwAAAAQ'
    'HTTP_HOST' => 'localhost'
    'HTTP_CONNECTION' => 'keep-alive'
    'HTTP_CACHE_CONTROL' => 'max-age=0'
    'HTTP_SEC_CH_UA' => '\"Not;A=Brand\";v=\"24\", \"Chromium\";v=\"128\"'
    'HTTP_SEC_CH_UA_MOBILE' => '?0'
    'HTTP_SEC_CH_UA_PLATFORM' => '\"Linux\"'
    'HTTP_UPGRADE_INSECURE_REQUESTS' => '1'
    'HTTP_USER_AGENT' => 'Mozilla/5.0 (X11; Linux x86_64; Chromium GOST) AppleWebKit/537.36 (KHTML, like Gecko) Chrome/128.0.0.0 Safari/537.36'
    'HTTP_ACCEPT' => 'text/html,application/xhtml+xml,application/xml;q=0.9,image/avif,image/webp,image/apng,*/*;q=0.8,application/signed-exchange;v=b3;q=0.7'
    'HTTP_SEC_FETCH_SITE' => 'same-origin'
    'HTTP_SEC_FETCH_MODE' => 'navigate'
    'HTTP_SEC_FETCH_USER' => '?1'
    'HTTP_SEC_FETCH_DEST' => 'document'
    'HTTP_REFERER' => 'http://localhost/'
    'HTTP_ACCEPT_ENCODING' => 'gzip, deflate, br, zstd'
    'HTTP_ACCEPT_LANGUAGE' => 'ru-RU,ru;q=0.9'
    'HTTP_COOKIE' => 'PHPSESSID=jh072prk75vnte2hjpqjl2aa6r; _identity=0c7dc0824cf6cbf55382e435d7f4d768f1edd2fa7d9b4fe2c07e79a6a778c1aea%3A2%3A%7Bi%3A0%3Bs%3A9%3A%22_identity%22%3Bi%3A1%3Bs%3A16%3A%22%5B1%2Cnull%2C2592000%5D%22%3B%7D; _csrf=572fb22d38419f07c1a14262a8c63c1acb23716317a08749ffa2b0444fd21feaa%3A2%3A%7Bi%3A0%3Bs%3A5%3A%22_csrf%22%3Bi%3A1%3Bs%3A32%3A%22LwusfkZUYZGWQc1WKrw07H828qQHHsdA%22%3B%7D'
    'PATH' => '/sbin:/bin:/usr/sbin:/usr/bin'
    'LD_LIBRARY_PATH' => '/opt/lampp/lib:/opt/lampp/lib'
    'SERVER_SIGNATURE' => ''
    'SERVER_SOFTWARE' => 'Apache/2.4.58 (Unix) OpenSSL/1.1.1w PHP/8.2.12 mod_perl/2.0.12 Perl/v5.34.1'
    'SERVER_NAME' => 'localhost'
    'SERVER_ADDR' => '::1'
    'SERVER_PORT' => '80'
    'REMOTE_ADDR' => '::1'
    'DOCUMENT_ROOT' => '/opt/lampp/htdocs'
    'REQUEST_SCHEME' => 'http'
    'CONTEXT_PREFIX' => ''
    'CONTEXT_DOCUMENT_ROOT' => '/opt/lampp/htdocs'
    'SERVER_ADMIN' => 'you@example.com'
    'SCRIPT_FILENAME' => '/opt/lampp/htdocs/web/index.php'
    'REMOTE_PORT' => '41918'
    'REDIRECT_URL' => '/web/admin'
    'GATEWAY_INTERFACE' => 'CGI/1.1'
    'SERVER_PROTOCOL' => 'HTTP/1.1'
    'REQUEST_METHOD' => 'GET'
    'QUERY_STRING' => ''
    'REQUEST_URI' => '/admin'
    'SCRIPT_NAME' => '/web/index.php'
    'PHP_SELF' => '/web/index.php'
    'REQUEST_TIME_FLOAT' => 1731583367.2536
    'REQUEST_TIME' => 1731583367
]
2024-11-14 12:24:07 [::1][1][jh072prk75vnte2hjpqjl2aa6r][error][yii\web\HttpException:404] yii\base\InvalidRouteException: Unable to resolve the request: admin/create in /opt/lampp/htdocs/vendor/yiisoft/yii2/base/Controller.php:149
Stack trace:
#0 /opt/lampp/htdocs/vendor/yiisoft/yii2/base/Module.php(552): yii\base\Controller->runAction('create', Array)
#1 /opt/lampp/htdocs/vendor/yiisoft/yii2/web/Application.php(103): yii\base\Module->runAction('admin/create', Array)
#2 /opt/lampp/htdocs/vendor/yiisoft/yii2/base/Application.php(384): yii\web\Application->handleRequest(Object(yii\web\Request))
#3 /opt/lampp/htdocs/web/index.php(12): yii\base\Application->run()
#4 {main}

Next yii\web\NotFoundHttpException: Страница не найдена. in /opt/lampp/htdocs/vendor/yiisoft/yii2/web/Application.php:115
Stack trace:
#0 /opt/lampp/htdocs/vendor/yiisoft/yii2/base/Application.php(384): yii\web\Application->handleRequest(Object(yii\web\Request))
#1 /opt/lampp/htdocs/web/index.php(12): yii\base\Application->run()
#2 {main}
2024-11-14 12:24:07 [::1][1][jh072prk75vnte2hjpqjl2aa6r][info][application] $_GET = []

$_POST = []

$_FILES = []

$_COOKIE = [
    'PHPSESSID' => 'jh072prk75vnte2hjpqjl2aa6r'
    '_identity' => '0c7dc0824cf6cbf55382e435d7f4d768f1edd2fa7d9b4fe2c07e79a6a778c1aea:2:{i:0;s:9:\"_identity\";i:1;s:16:\"[1,null,2592000]\";}'
    '_csrf' => '572fb22d38419f07c1a14262a8c63c1acb23716317a08749ffa2b0444fd21feaa:2:{i:0;s:5:\"_csrf\";i:1;s:32:\"LwusfkZUYZGWQc1WKrw07H828qQHHsdA\";}'
]

$_SESSION = [
    '__flash' => []
    '__id' => 1
    '__authKey' => null
]

$_SERVER = [
    'REDIRECT_REDIRECT_UNIQUE_ID' => 'ZzXd10iWw8t2mHKfwPkMHQAAAAM'
    'REDIRECT_REDIRECT_STATUS' => '200'
    'REDIRECT_UNIQUE_ID' => 'ZzXd10iWw8t2mHKfwPkMHQAAAAM'
    'REDIRECT_STATUS' => '200'
    'UNIQUE_ID' => 'ZzXd10iWw8t2mHKfwPkMHQAAAAM'
    'HTTP_HOST' => 'localhost'
    'HTTP_CONNECTION' => 'keep-alive'
    'HTTP_SEC_CH_UA' => '\"Not;A=Brand\";v=\"24\", \"Chromium\";v=\"128\"'
    'HTTP_SEC_CH_UA_MOBILE' => '?0'
    'HTTP_SEC_CH_UA_PLATFORM' => '\"Linux\"'
    'HTTP_UPGRADE_INSECURE_REQUESTS' => '1'
    'HTTP_USER_AGENT' => 'Mozilla/5.0 (X11; Linux x86_64; Chromium GOST) AppleWebKit/537.36 (KHTML, like Gecko) Chrome/128.0.0.0 Safari/537.36'
    'HTTP_ACCEPT' => 'text/html,application/xhtml+xml,application/xml;q=0.9,image/avif,image/webp,image/apng,*/*;q=0.8,application/signed-exchange;v=b3;q=0.7'
    'HTTP_SEC_FETCH_SITE' => 'same-origin'
    'HTTP_SEC_FETCH_MODE' => 'navigate'
    'HTTP_SEC_FETCH_USER' => '?1'
    'HTTP_SEC_FETCH_DEST' => 'document'
    'HTTP_REFERER' => 'http://localhost/admin'
    'HTTP_ACCEPT_ENCODING' => 'gzip, deflate, br, zstd'
    'HTTP_ACCEPT_LANGUAGE' => 'ru-RU,ru;q=0.9'
    'HTTP_COOKIE' => 'PHPSESSID=jh072prk75vnte2hjpqjl2aa6r; _identity=0c7dc0824cf6cbf55382e435d7f4d768f1edd2fa7d9b4fe2c07e79a6a778c1aea%3A2%3A%7Bi%3A0%3Bs%3A9%3A%22_identity%22%3Bi%3A1%3Bs%3A16%3A%22%5B1%2Cnull%2C2592000%5D%22%3B%7D; _csrf=572fb22d38419f07c1a14262a8c63c1acb23716317a08749ffa2b0444fd21feaa%3A2%3A%7Bi%3A0%3Bs%3A5%3A%22_csrf%22%3Bi%3A1%3Bs%3A32%3A%22LwusfkZUYZGWQc1WKrw07H828qQHHsdA%22%3B%7D'
    'PATH' => '/sbin:/bin:/usr/sbin:/usr/bin'
    'LD_LIBRARY_PATH' => '/opt/lampp/lib:/opt/lampp/lib'
    'SERVER_SIGNATURE' => ''
    'SERVER_SOFTWARE' => 'Apache/2.4.58 (Unix) OpenSSL/1.1.1w PHP/8.2.12 mod_perl/2.0.12 Perl/v5.34.1'
    'SERVER_NAME' => 'localhost'
    'SERVER_ADDR' => '::1'
    'SERVER_PORT' => '80'
    'REMOTE_ADDR' => '::1'
    'DOCUMENT_ROOT' => '/opt/lampp/htdocs'
    'REQUEST_SCHEME' => 'http'
    'CONTEXT_PREFIX' => ''
    'CONTEXT_DOCUMENT_ROOT' => '/opt/lampp/htdocs'
    'SERVER_ADMIN' => 'you@example.com'
    'SCRIPT_FILENAME' => '/opt/lampp/htdocs/web/index.php'
    'REMOTE_PORT' => '41406'
    'REDIRECT_URL' => '/web/admin/create'
    'GATEWAY_INTERFACE' => 'CGI/1.1'
    'SERVER_PROTOCOL' => 'HTTP/1.1'
    'REQUEST_METHOD' => 'GET'
    'QUERY_STRING' => ''
    'REQUEST_URI' => '/admin/create'
    'SCRIPT_NAME' => '/web/index.php'
    'PHP_SELF' => '/web/index.php'
    'REQUEST_TIME_FLOAT' => 1731583447.7913
    'REQUEST_TIME' => 1731583447
]
2024-11-14 12:26:11 [::1][1][ttj4590eg3vk9tsi7ql7v96lte][error][yii\db\Exception] PDOException: SQLSTATE[42S22]: Column not found: 1054 Unknown column 'status' in 'where clause' in /opt/lampp/htdocs/vendor/yiisoft/yii2/db/Command.php:1320
Stack trace:
#0 /opt/lampp/htdocs/vendor/yiisoft/yii2/db/Command.php(1320): PDOStatement->execute()
#1 /opt/lampp/htdocs/vendor/yiisoft/yii2/db/Command.php(1186): yii\db\Command->internalExecute('SELECT * FROM `...')
#2 /opt/lampp/htdocs/vendor/yiisoft/yii2/db/Command.php(431): yii\db\Command->queryInternal('fetch', NULL)
#3 /opt/lampp/htdocs/vendor/yiisoft/yii2/db/Query.php(287): yii\db\Command->queryOne()
#4 /opt/lampp/htdocs/vendor/yiisoft/yii2/db/ActiveQuery.php(304): yii\db\Query->one(NULL)
#5 /opt/lampp/htdocs/controllers/AdminController.php(70): yii\db\ActiveQuery->one()
#6 [internal function]: app\controllers\AdminController->actionOk()
#7 /opt/lampp/htdocs/vendor/yiisoft/yii2/base/InlineAction.php(57): call_user_func_array(Array, Array)
#8 /opt/lampp/htdocs/vendor/yiisoft/yii2/base/Controller.php(178): yii\base\InlineAction->runWithParams(Array)
#9 /opt/lampp/htdocs/vendor/yiisoft/yii2/base/Module.php(552): yii\base\Controller->runAction('ok', Array)
#10 /opt/lampp/htdocs/vendor/yiisoft/yii2/web/Application.php(103): yii\base\Module->runAction('admin/ok', Array)
#11 /opt/lampp/htdocs/vendor/yiisoft/yii2/base/Application.php(384): yii\web\Application->handleRequest(Object(yii\web\Request))
#12 /opt/lampp/htdocs/web/index.php(12): yii\base\Application->run()
#13 {main}

Next yii\db\Exception: SQLSTATE[42S22]: Column not found: 1054 Unknown column 'status' in 'where clause'
The SQL being executed was: SELECT * FROM `request` WHERE `status`=1 in /opt/lampp/htdocs/vendor/yiisoft/yii2/db/Schema.php:676
Stack trace:
#0 /opt/lampp/htdocs/vendor/yiisoft/yii2/db/Command.php(1325): yii\db\Schema->convertException(Object(PDOException), 'SELECT * FROM `...')
#1 /opt/lampp/htdocs/vendor/yiisoft/yii2/db/Command.php(1186): yii\db\Command->internalExecute('SELECT * FROM `...')
#2 /opt/lampp/htdocs/vendor/yiisoft/yii2/db/Command.php(431): yii\db\Command->queryInternal('fetch', NULL)
#3 /opt/lampp/htdocs/vendor/yiisoft/yii2/db/Query.php(287): yii\db\Command->queryOne()
#4 /opt/lampp/htdocs/vendor/yiisoft/yii2/db/ActiveQuery.php(304): yii\db\Query->one(NULL)
#5 /opt/lampp/htdocs/controllers/AdminController.php(70): yii\db\ActiveQuery->one()
#6 [internal function]: app\controllers\AdminController->actionOk()
#7 /opt/lampp/htdocs/vendor/yiisoft/yii2/base/InlineAction.php(57): call_user_func_array(Array, Array)
#8 /opt/lampp/htdocs/vendor/yiisoft/yii2/base/Controller.php(178): yii\base\InlineAction->runWithParams(Array)
#9 /opt/lampp/htdocs/vendor/yiisoft/yii2/base/Module.php(552): yii\base\Controller->runAction('ok', Array)
#10 /opt/lampp/htdocs/vendor/yiisoft/yii2/web/Application.php(103): yii\base\Module->runAction('admin/ok', Array)
#11 /opt/lampp/htdocs/vendor/yiisoft/yii2/base/Application.php(384): yii\web\Application->handleRequest(Object(yii\web\Request))
#12 /opt/lampp/htdocs/web/index.php(12): yii\base\Application->run()
#13 {main}
Additional Information:
Array
(
    [0] => 42S22
    [1] => 1054
    [2] => Unknown column 'status' in 'where clause'
)

2024-11-14 12:26:11 [::1][1][ttj4590eg3vk9tsi7ql7v96lte][info][application] $_GET = [
    'id' => '13'
]

$_POST = []

$_FILES = []

$_COOKIE = [
    'PHPSESSID' => 'ttj4590eg3vk9tsi7ql7v96lte'
    '_identity' => '0c7dc0824cf6cbf55382e435d7f4d768f1edd2fa7d9b4fe2c07e79a6a778c1aea:2:{i:0;s:9:\"_identity\";i:1;s:16:\"[1,null,2592000]\";}'
    '_csrf' => '3b805f81f07e7edd71f178280b0ab968733f0e0b1bf3d09664fbee213f05f89aa:2:{i:0;s:5:\"_csrf\";i:1;s:32:\"a3j96NYS9yM_xucZ-O4chjI64jrR5R8D\";}'
]

$_SESSION = [
    '__flash' => []
    '__id' => 1
    '__authKey' => null
]

$_SERVER = [
    'REDIRECT_REDIRECT_UNIQUE_ID' => 'ZzXeUzwTvwjFzh1INjup6AAAAAI'
    'REDIRECT_REDIRECT_STATUS' => '200'
    'REDIRECT_UNIQUE_ID' => 'ZzXeUzwTvwjFzh1INjup6AAAAAI'
    'REDIRECT_STATUS' => '200'
    'UNIQUE_ID' => 'ZzXeUzwTvwjFzh1INjup6AAAAAI'
    'HTTP_HOST' => 'localhost'
    'HTTP_CONNECTION' => 'keep-alive'
    'HTTP_SEC_CH_UA' => '\"Not;A=Brand\";v=\"24\", \"Chromium\";v=\"128\"'
    'HTTP_SEC_CH_UA_MOBILE' => '?0'
    'HTTP_SEC_CH_UA_PLATFORM' => '\"Linux\"'
    'HTTP_UPGRADE_INSECURE_REQUESTS' => '1'
    'HTTP_USER_AGENT' => 'Mozilla/5.0 (X11; Linux x86_64; Chromium GOST) AppleWebKit/537.36 (KHTML, like Gecko) Chrome/128.0.0.0 Safari/537.36'
    'HTTP_ACCEPT' => 'text/html,application/xhtml+xml,application/xml;q=0.9,image/avif,image/webp,image/apng,*/*;q=0.8,application/signed-exchange;v=b3;q=0.7'
    'HTTP_SEC_FETCH_SITE' => 'same-origin'
    'HTTP_SEC_FETCH_MODE' => 'navigate'
    'HTTP_SEC_FETCH_USER' => '?1'
    'HTTP_SEC_FETCH_DEST' => 'document'
    'HTTP_REFERER' => 'http://localhost/admin'
    'HTTP_ACCEPT_ENCODING' => 'gzip, deflate, br, zstd'
    'HTTP_ACCEPT_LANGUAGE' => 'ru-RU,ru;q=0.9'
    'HTTP_COOKIE' => 'PHPSESSID=ttj4590eg3vk9tsi7ql7v96lte; _identity=0c7dc0824cf6cbf55382e435d7f4d768f1edd2fa7d9b4fe2c07e79a6a778c1aea%3A2%3A%7Bi%3A0%3Bs%3A9%3A%22_identity%22%3Bi%3A1%3Bs%3A16%3A%22%5B1%2Cnull%2C2592000%5D%22%3B%7D; _csrf=3b805f81f07e7edd71f178280b0ab968733f0e0b1bf3d09664fbee213f05f89aa%3A2%3A%7Bi%3A0%3Bs%3A5%3A%22_csrf%22%3Bi%3A1%3Bs%3A32%3A%22a3j96NYS9yM_xucZ-O4chjI64jrR5R8D%22%3B%7D'
    'PATH' => '/sbin:/bin:/usr/sbin:/usr/bin'
    'LD_LIBRARY_PATH' => '/opt/lampp/lib:/opt/lampp/lib'
    'SERVER_SIGNATURE' => ''
    'SERVER_SOFTWARE' => 'Apache/2.4.58 (Unix) OpenSSL/1.1.1w PHP/8.2.12 mod_perl/2.0.12 Perl/v5.34.1'
    'SERVER_NAME' => 'localhost'
    'SERVER_ADDR' => '::1'
    'SERVER_PORT' => '80'
    'REMOTE_ADDR' => '::1'
    'DOCUMENT_ROOT' => '/opt/lampp/htdocs'
    'REQUEST_SCHEME' => 'http'
    'CONTEXT_PREFIX' => ''
    'CONTEXT_DOCUMENT_ROOT' => '/opt/lampp/htdocs'
    'SERVER_ADMIN' => 'you@example.com'
    'SCRIPT_FILENAME' => '/opt/lampp/htdocs/web/index.php'
    'REMOTE_PORT' => '57724'
    'REDIRECT_URL' => '/web/admin/ok'
    'REDIRECT_QUERY_STRING' => 'id=13'
    'GATEWAY_INTERFACE' => 'CGI/1.1'
    'SERVER_PROTOCOL' => 'HTTP/1.1'
    'REQUEST_METHOD' => 'GET'
    'QUERY_STRING' => 'id=13'
    'REQUEST_URI' => '/admin/ok?id=13'
    'SCRIPT_NAME' => '/web/index.php'
    'PHP_SELF' => '/web/index.php'
    'REQUEST_TIME_FLOAT' => 1731583571.1939
    'REQUEST_TIME' => 1731583571
]
2024-11-14 12:28:06 [::1][1][ttj4590eg3vk9tsi7ql7v96lte][error][yii\db\Exception] PDOException: SQLSTATE[42S22]: Column not found: 1054 Unknown column 'status' in 'where clause' in /opt/lampp/htdocs/vendor/yiisoft/yii2/db/Command.php:1320
Stack trace:
#0 /opt/lampp/htdocs/vendor/yiisoft/yii2/db/Command.php(1320): PDOStatement->execute()
#1 /opt/lampp/htdocs/vendor/yiisoft/yii2/db/Command.php(1186): yii\db\Command->internalExecute('SELECT * FROM `...')
#2 /opt/lampp/htdocs/vendor/yiisoft/yii2/db/Command.php(431): yii\db\Command->queryInternal('fetch', NULL)
#3 /opt/lampp/htdocs/vendor/yiisoft/yii2/db/Query.php(287): yii\db\Command->queryOne()
#4 /opt/lampp/htdocs/vendor/yiisoft/yii2/db/ActiveQuery.php(304): yii\db\Query->one(NULL)
#5 /opt/lampp/htdocs/controllers/AdminController.php(80): yii\db\ActiveQuery->one()
#6 [internal function]: app\controllers\AdminController->actionBad()
#7 /opt/lampp/htdocs/vendor/yiisoft/yii2/base/InlineAction.php(57): call_user_func_array(Array, Array)
#8 /opt/lampp/htdocs/vendor/yiisoft/yii2/base/Controller.php(178): yii\base\InlineAction->runWithParams(Array)
#9 /opt/lampp/htdocs/vendor/yiisoft/yii2/base/Module.php(552): yii\base\Controller->runAction('bad', Array)
#10 /opt/lampp/htdocs/vendor/yiisoft/yii2/web/Application.php(103): yii\base\Module->runAction('admin/bad', Array)
#11 /opt/lampp/htdocs/vendor/yiisoft/yii2/base/Application.php(384): yii\web\Application->handleRequest(Object(yii\web\Request))
#12 /opt/lampp/htdocs/web/index.php(12): yii\base\Application->run()
#13 {main}

Next yii\db\Exception: SQLSTATE[42S22]: Column not found: 1054 Unknown column 'status' in 'where clause'
The SQL being executed was: SELECT * FROM `request` WHERE `status`=1 in /opt/lampp/htdocs/vendor/yiisoft/yii2/db/Schema.php:676
Stack trace:
#0 /opt/lampp/htdocs/vendor/yiisoft/yii2/db/Command.php(1325): yii\db\Schema->convertException(Object(PDOException), 'SELECT * FROM `...')
#1 /opt/lampp/htdocs/vendor/yiisoft/yii2/db/Command.php(1186): yii\db\Command->internalExecute('SELECT * FROM `...')
#2 /opt/lampp/htdocs/vendor/yiisoft/yii2/db/Command.php(431): yii\db\Command->queryInternal('fetch', NULL)
#3 /opt/lampp/htdocs/vendor/yiisoft/yii2/db/Query.php(287): yii\db\Command->queryOne()
#4 /opt/lampp/htdocs/vendor/yiisoft/yii2/db/ActiveQuery.php(304): yii\db\Query->one(NULL)
#5 /opt/lampp/htdocs/controllers/AdminController.php(80): yii\db\ActiveQuery->one()
#6 [internal function]: app\controllers\AdminController->actionBad()
#7 /opt/lampp/htdocs/vendor/yiisoft/yii2/base/InlineAction.php(57): call_user_func_array(Array, Array)
#8 /opt/lampp/htdocs/vendor/yiisoft/yii2/base/Controller.php(178): yii\base\InlineAction->runWithParams(Array)
#9 /opt/lampp/htdocs/vendor/yiisoft/yii2/base/Module.php(552): yii\base\Controller->runAction('bad', Array)
#10 /opt/lampp/htdocs/vendor/yiisoft/yii2/web/Application.php(103): yii\base\Module->runAction('admin/bad', Array)
#11 /opt/lampp/htdocs/vendor/yiisoft/yii2/base/Application.php(384): yii\web\Application->handleRequest(Object(yii\web\Request))
#12 /opt/lampp/htdocs/web/index.php(12): yii\base\Application->run()
#13 {main}
Additional Information:
Array
(
    [0] => 42S22
    [1] => 1054
    [2] => Unknown column 'status' in 'where clause'
)

2024-11-14 12:28:06 [::1][1][ttj4590eg3vk9tsi7ql7v96lte][info][application] $_GET = [
    'id' => '13'
]

$_POST = []

$_FILES = []

$_COOKIE = [
    'PHPSESSID' => 'ttj4590eg3vk9tsi7ql7v96lte'
    '_identity' => '0c7dc0824cf6cbf55382e435d7f4d768f1edd2fa7d9b4fe2c07e79a6a778c1aea:2:{i:0;s:9:\"_identity\";i:1;s:16:\"[1,null,2592000]\";}'
    '_csrf' => '3b805f81f07e7edd71f178280b0ab968733f0e0b1bf3d09664fbee213f05f89aa:2:{i:0;s:5:\"_csrf\";i:1;s:32:\"a3j96NYS9yM_xucZ-O4chjI64jrR5R8D\";}'
]

$_SESSION = [
    '__flash' => []
    '__id' => 1
    '__authKey' => null
]

$_SERVER = [
    'REDIRECT_REDIRECT_UNIQUE_ID' => 'ZzXexiquTFN4ouC7iC-CZQAAAAc'
    'REDIRECT_REDIRECT_STATUS' => '200'
    'REDIRECT_UNIQUE_ID' => 'ZzXexiquTFN4ouC7iC-CZQAAAAc'
    'REDIRECT_STATUS' => '200'
    'UNIQUE_ID' => 'ZzXexiquTFN4ouC7iC-CZQAAAAc'
    'HTTP_HOST' => 'localhost'
    'HTTP_CONNECTION' => 'keep-alive'
    'HTTP_SEC_CH_UA' => '\"Not;A=Brand\";v=\"24\", \"Chromium\";v=\"128\"'
    'HTTP_SEC_CH_UA_MOBILE' => '?0'
    'HTTP_SEC_CH_UA_PLATFORM' => '\"Linux\"'
    'HTTP_UPGRADE_INSECURE_REQUESTS' => '1'
    'HTTP_USER_AGENT' => 'Mozilla/5.0 (X11; Linux x86_64; Chromium GOST) AppleWebKit/537.36 (KHTML, like Gecko) Chrome/128.0.0.0 Safari/537.36'
    'HTTP_ACCEPT' => 'text/html,application/xhtml+xml,application/xml;q=0.9,image/avif,image/webp,image/apng,*/*;q=0.8,application/signed-exchange;v=b3;q=0.7'
    'HTTP_SEC_FETCH_SITE' => 'same-origin'
    'HTTP_SEC_FETCH_MODE' => 'navigate'
    'HTTP_SEC_FETCH_USER' => '?1'
    'HTTP_SEC_FETCH_DEST' => 'document'
    'HTTP_REFERER' => 'http://localhost/admin'
    'HTTP_ACCEPT_ENCODING' => 'gzip, deflate, br, zstd'
    'HTTP_ACCEPT_LANGUAGE' => 'ru-RU,ru;q=0.9'
    'HTTP_COOKIE' => 'PHPSESSID=ttj4590eg3vk9tsi7ql7v96lte; _identity=0c7dc0824cf6cbf55382e435d7f4d768f1edd2fa7d9b4fe2c07e79a6a778c1aea%3A2%3A%7Bi%3A0%3Bs%3A9%3A%22_identity%22%3Bi%3A1%3Bs%3A16%3A%22%5B1%2Cnull%2C2592000%5D%22%3B%7D; _csrf=3b805f81f07e7edd71f178280b0ab968733f0e0b1bf3d09664fbee213f05f89aa%3A2%3A%7Bi%3A0%3Bs%3A5%3A%22_csrf%22%3Bi%3A1%3Bs%3A32%3A%22a3j96NYS9yM_xucZ-O4chjI64jrR5R8D%22%3B%7D'
    'PATH' => '/sbin:/bin:/usr/sbin:/usr/bin'
    'LD_LIBRARY_PATH' => '/opt/lampp/lib:/opt/lampp/lib'
    'SERVER_SIGNATURE' => ''
    'SERVER_SOFTWARE' => 'Apache/2.4.58 (Unix) OpenSSL/1.1.1w PHP/8.2.12 mod_perl/2.0.12 Perl/v5.34.1'
    'SERVER_NAME' => 'localhost'
    'SERVER_ADDR' => '::1'
    'SERVER_PORT' => '80'
    'REMOTE_ADDR' => '::1'
    'DOCUMENT_ROOT' => '/opt/lampp/htdocs'
    'REQUEST_SCHEME' => 'http'
    'CONTEXT_PREFIX' => ''
    'CONTEXT_DOCUMENT_ROOT' => '/opt/lampp/htdocs'
    'SERVER_ADMIN' => 'you@example.com'
    'SCRIPT_FILENAME' => '/opt/lampp/htdocs/web/index.php'
    'REMOTE_PORT' => '52210'
    'REDIRECT_URL' => '/web/admin/bad'
    'REDIRECT_QUERY_STRING' => 'id=13'
    'GATEWAY_INTERFACE' => 'CGI/1.1'
    'SERVER_PROTOCOL' => 'HTTP/1.1'
    'REQUEST_METHOD' => 'GET'
    'QUERY_STRING' => 'id=13'
    'REQUEST_URI' => '/admin/bad?id=13'
    'SCRIPT_NAME' => '/web/index.php'
    'PHP_SELF' => '/web/index.php'
    'REQUEST_TIME_FLOAT' => 1731583686.4349
    'REQUEST_TIME' => 1731583686
]
2024-11-14 12:29:56 [::1][1][ttj4590eg3vk9tsi7ql7v96lte][error][yii\base\ErrorException:2] yii\base\ErrorException: Undefined variable $id in /opt/lampp/htdocs/controllers/AdminController.php:79
Stack trace:
#0 /opt/lampp/htdocs/controllers/AdminController.php(79): yii\base\ErrorHandler->handleError(2, 'Undefined varia...', '/opt/lampp/htdo...', 79)
#1 [internal function]: app\controllers\AdminController->actionBad()
#2 /opt/lampp/htdocs/vendor/yiisoft/yii2/base/InlineAction.php(57): call_user_func_array(Array, Array)
#3 /opt/lampp/htdocs/vendor/yiisoft/yii2/base/Controller.php(178): yii\base\InlineAction->runWithParams(Array)
#4 /opt/lampp/htdocs/vendor/yiisoft/yii2/base/Module.php(552): yii\base\Controller->runAction('bad', Array)
#5 /opt/lampp/htdocs/vendor/yiisoft/yii2/web/Application.php(103): yii\base\Module->runAction('admin/bad', Array)
#6 /opt/lampp/htdocs/vendor/yiisoft/yii2/base/Application.php(384): yii\web\Application->handleRequest(Object(yii\web\Request))
#7 /opt/lampp/htdocs/web/index.php(12): yii\base\Application->run()
#8 {main}
2024-11-14 12:29:56 [::1][1][ttj4590eg3vk9tsi7ql7v96lte][info][application] $_GET = [
    'id' => '13'
]

$_POST = []

$_FILES = []

$_COOKIE = [
    'PHPSESSID' => 'ttj4590eg3vk9tsi7ql7v96lte'
    '_identity' => '0c7dc0824cf6cbf55382e435d7f4d768f1edd2fa7d9b4fe2c07e79a6a778c1aea:2:{i:0;s:9:\"_identity\";i:1;s:16:\"[1,null,2592000]\";}'
    '_csrf' => '3b805f81f07e7edd71f178280b0ab968733f0e0b1bf3d09664fbee213f05f89aa:2:{i:0;s:5:\"_csrf\";i:1;s:32:\"a3j96NYS9yM_xucZ-O4chjI64jrR5R8D\";}'
]

$_SESSION = [
    '__flash' => []
    '__id' => 1
    '__authKey' => null
]

$_SERVER = [
    'REDIRECT_REDIRECT_UNIQUE_ID' => 'ZzXfNI8T3VlWTwS2WvDMHAAAAAQ'
    'REDIRECT_REDIRECT_STATUS' => '200'
    'REDIRECT_UNIQUE_ID' => 'ZzXfNI8T3VlWTwS2WvDMHAAAAAQ'
    'REDIRECT_STATUS' => '200'
    'UNIQUE_ID' => 'ZzXfNI8T3VlWTwS2WvDMHAAAAAQ'
    'HTTP_HOST' => 'localhost'
    'HTTP_CONNECTION' => 'keep-alive'
    'HTTP_SEC_CH_UA' => '\"Not;A=Brand\";v=\"24\", \"Chromium\";v=\"128\"'
    'HTTP_SEC_CH_UA_MOBILE' => '?0'
    'HTTP_SEC_CH_UA_PLATFORM' => '\"Linux\"'
    'HTTP_UPGRADE_INSECURE_REQUESTS' => '1'
    'HTTP_USER_AGENT' => 'Mozilla/5.0 (X11; Linux x86_64; Chromium GOST) AppleWebKit/537.36 (KHTML, like Gecko) Chrome/128.0.0.0 Safari/537.36'
    'HTTP_ACCEPT' => 'text/html,application/xhtml+xml,application/xml;q=0.9,image/avif,image/webp,image/apng,*/*;q=0.8,application/signed-exchange;v=b3;q=0.7'
    'HTTP_SEC_FETCH_SITE' => 'same-origin'
    'HTTP_SEC_FETCH_MODE' => 'navigate'
    'HTTP_SEC_FETCH_USER' => '?1'
    'HTTP_SEC_FETCH_DEST' => 'document'
    'HTTP_REFERER' => 'http://localhost/admin'
    'HTTP_ACCEPT_ENCODING' => 'gzip, deflate, br, zstd'
    'HTTP_ACCEPT_LANGUAGE' => 'ru-RU,ru;q=0.9'
    'HTTP_COOKIE' => 'PHPSESSID=ttj4590eg3vk9tsi7ql7v96lte; _identity=0c7dc0824cf6cbf55382e435d7f4d768f1edd2fa7d9b4fe2c07e79a6a778c1aea%3A2%3A%7Bi%3A0%3Bs%3A9%3A%22_identity%22%3Bi%3A1%3Bs%3A16%3A%22%5B1%2Cnull%2C2592000%5D%22%3B%7D; _csrf=3b805f81f07e7edd71f178280b0ab968733f0e0b1bf3d09664fbee213f05f89aa%3A2%3A%7Bi%3A0%3Bs%3A5%3A%22_csrf%22%3Bi%3A1%3Bs%3A32%3A%22a3j96NYS9yM_xucZ-O4chjI64jrR5R8D%22%3B%7D'
    'PATH' => '/sbin:/bin:/usr/sbin:/usr/bin'
    'LD_LIBRARY_PATH' => '/opt/lampp/lib:/opt/lampp/lib'
    'SERVER_SIGNATURE' => ''
    'SERVER_SOFTWARE' => 'Apache/2.4.58 (Unix) OpenSSL/1.1.1w PHP/8.2.12 mod_perl/2.0.12 Perl/v5.34.1'
    'SERVER_NAME' => 'localhost'
    'SERVER_ADDR' => '::1'
    'SERVER_PORT' => '80'
    'REMOTE_ADDR' => '::1'
    'DOCUMENT_ROOT' => '/opt/lampp/htdocs'
    'REQUEST_SCHEME' => 'http'
    'CONTEXT_PREFIX' => ''
    'CONTEXT_DOCUMENT_ROOT' => '/opt/lampp/htdocs'
    'SERVER_ADMIN' => 'you@example.com'
    'SCRIPT_FILENAME' => '/opt/lampp/htdocs/web/index.php'
    'REMOTE_PORT' => '42834'
    'REDIRECT_URL' => '/web/admin/bad'
    'REDIRECT_QUERY_STRING' => 'id=13'
    'GATEWAY_INTERFACE' => 'CGI/1.1'
    'SERVER_PROTOCOL' => 'HTTP/1.1'
    'REQUEST_METHOD' => 'GET'
    'QUERY_STRING' => 'id=13'
    'REQUEST_URI' => '/admin/bad?id=13'
    'SCRIPT_NAME' => '/web/index.php'
    'PHP_SELF' => '/web/index.php'
    'REQUEST_TIME_FLOAT' => 1731583796.2434
    'REQUEST_TIME' => 1731583796
]
2024-11-19 10:52:01 [::1][-][-][warning][yii\web\User::getIdentityAndDurationFromCookie] Invalid cookie auth key attempted for user '1' from ::1: 
    in /opt/lampp/htdocs/views/layouts/main.php:45
    in /opt/lampp/htdocs/controllers/SiteController.php:64
2024-11-19 10:52:01 [::1][-][-][info][application] $_GET = []

$_POST = []

$_FILES = []

$_COOKIE = [
    '_identity' => '0c7dc0824cf6cbf55382e435d7f4d768f1edd2fa7d9b4fe2c07e79a6a778c1aea:2:{i:0;s:9:\"_identity\";i:1;s:16:\"[1,null,2592000]\";}'
]

$_SESSION = [
    '__flash' => []
]

$_SERVER = [
    'REDIRECT_UNIQUE_ID' => 'Zzxfwd6pCAsGkATQFF5ZZQAAAAY'
    'REDIRECT_STATUS' => '200'
    'UNIQUE_ID' => 'Zzxfwd6pCAsGkATQFF5ZZQAAAAY'
    'HTTP_HOST' => 'localhost'
    'HTTP_CONNECTION' => 'keep-alive'
    'HTTP_CACHE_CONTROL' => 'max-age=0'
    'HTTP_SEC_CH_UA' => '\"Not;A=Brand\";v=\"24\", \"Chromium\";v=\"128\"'
    'HTTP_SEC_CH_UA_MOBILE' => '?0'
    'HTTP_SEC_CH_UA_PLATFORM' => '\"Linux\"'
    'HTTP_UPGRADE_INSECURE_REQUESTS' => '1'
    'HTTP_USER_AGENT' => 'Mozilla/5.0 (X11; Linux x86_64; Chromium GOST) AppleWebKit/537.36 (KHTML, like Gecko) Chrome/128.0.0.0 Safari/537.36'
    'HTTP_ACCEPT' => 'text/html,application/xhtml+xml,application/xml;q=0.9,image/avif,image/webp,image/apng,*/*;q=0.8,application/signed-exchange;v=b3;q=0.7'
    'HTTP_SEC_FETCH_SITE' => 'none'
    'HTTP_SEC_FETCH_MODE' => 'navigate'
    'HTTP_SEC_FETCH_USER' => '?1'
    'HTTP_SEC_FETCH_DEST' => 'document'
    'HTTP_ACCEPT_ENCODING' => 'gzip, deflate, br, zstd'
    'HTTP_ACCEPT_LANGUAGE' => 'ru-RU,ru;q=0.9,en-US;q=0.8,en;q=0.7'
    'HTTP_COOKIE' => '_identity=0c7dc0824cf6cbf55382e435d7f4d768f1edd2fa7d9b4fe2c07e79a6a778c1aea%3A2%3A%7Bi%3A0%3Bs%3A9%3A%22_identity%22%3Bi%3A1%3Bs%3A16%3A%22%5B1%2Cnull%2C2592000%5D%22%3B%7D'
    'PATH' => '/root/.local/bin:/root/bin:/usr/local/sbin:/usr/local/bin:/usr/sbin:/usr/bin'
    'LD_LIBRARY_PATH' => '/opt/lampp/lib:/opt/lampp/lib'
    'SERVER_SIGNATURE' => ''
    'SERVER_SOFTWARE' => 'Apache/2.4.58 (Unix) OpenSSL/1.1.1w PHP/8.2.12 mod_perl/2.0.12 Perl/v5.34.1'
    'SERVER_NAME' => 'localhost'
    'SERVER_ADDR' => '::1'
    'SERVER_PORT' => '80'
    'REMOTE_ADDR' => '::1'
    'DOCUMENT_ROOT' => '/opt/lampp/htdocs'
    'REQUEST_SCHEME' => 'http'
    'CONTEXT_PREFIX' => ''
    'CONTEXT_DOCUMENT_ROOT' => '/opt/lampp/htdocs'
    'SERVER_ADMIN' => 'you@example.com'
    'SCRIPT_FILENAME' => '/opt/lampp/htdocs/web/index.php'
    'REMOTE_PORT' => '37420'
    'REDIRECT_URL' => '/'
    'GATEWAY_INTERFACE' => 'CGI/1.1'
    'SERVER_PROTOCOL' => 'HTTP/1.1'
    'REQUEST_METHOD' => 'GET'
    'QUERY_STRING' => ''
    'REQUEST_URI' => '/'
    'SCRIPT_NAME' => '/web/index.php'
    'PHP_SELF' => '/web/index.php'
    'REQUEST_TIME_FLOAT' => 1732009921.2866
    'REQUEST_TIME' => 1732009921
]
2024-11-19 11:10:48 [::1][-][1aq6mh8fld246graoqq8hmbdeb][error][yii\base\ErrorException:2] yii\base\ErrorException: Attempt to read property "id" on null in /opt/lampp/htdocs/controllers/RequestController.php:43
Stack trace:
#0 /opt/lampp/htdocs/controllers/RequestController.php(43): yii\base\ErrorHandler->handleError(2, 'Attempt to read...', '/opt/lampp/htdo...', 43)
#1 [internal function]: app\controllers\RequestController->actionIndex()
#2 /opt/lampp/htdocs/vendor/yiisoft/yii2/base/InlineAction.php(57): call_user_func_array(Array, Array)
#3 /opt/lampp/htdocs/vendor/yiisoft/yii2/base/Controller.php(178): yii\base\InlineAction->runWithParams(Array)
#4 /opt/lampp/htdocs/vendor/yiisoft/yii2/base/Module.php(552): yii\base\Controller->runAction('', Array)
#5 /opt/lampp/htdocs/vendor/yiisoft/yii2/web/Application.php(103): yii\base\Module->runAction('', Array)
#6 /opt/lampp/htdocs/vendor/yiisoft/yii2/base/Application.php(384): yii\web\Application->handleRequest(Object(yii\web\Request))
#7 /opt/lampp/htdocs/web/index.php(12): yii\base\Application->run()
#8 {main}
2024-11-19 11:10:48 [::1][-][1aq6mh8fld246graoqq8hmbdeb][info][application] $_GET = []

$_POST = []

$_FILES = []

$_COOKIE = [
    'PHPSESSID' => '1aq6mh8fld246graoqq8hmbdeb'
    '_csrf' => '88ad679eb83cfbb0e6537239e57452a937aca3d9098e2b104e51f3a123da0284a:2:{i:0;s:5:\"_csrf\";i:1;s:32:\"ZYbiyZt1iLJysuc8DQ_ywGwRBUo0QRKG\";}'
]

$_SESSION = [
    '__flash' => []
]

$_SERVER = [
    'REDIRECT_UNIQUE_ID' => 'ZzxkKAhybaGRg3JP5MMY9QAAAAI'
    'REDIRECT_STATUS' => '200'
    'UNIQUE_ID' => 'ZzxkKAhybaGRg3JP5MMY9QAAAAI'
    'HTTP_HOST' => 'localhost'
    'HTTP_CONNECTION' => 'keep-alive'
    'HTTP_CACHE_CONTROL' => 'max-age=0'
    'HTTP_SEC_CH_UA' => '\"Not;A=Brand\";v=\"24\", \"Chromium\";v=\"128\"'
    'HTTP_SEC_CH_UA_MOBILE' => '?0'
    'HTTP_SEC_CH_UA_PLATFORM' => '\"Linux\"'
    'HTTP_UPGRADE_INSECURE_REQUESTS' => '1'
    'HTTP_USER_AGENT' => 'Mozilla/5.0 (X11; Linux x86_64; Chromium GOST) AppleWebKit/537.36 (KHTML, like Gecko) Chrome/128.0.0.0 Safari/537.36'
    'HTTP_ACCEPT' => 'text/html,application/xhtml+xml,application/xml;q=0.9,image/avif,image/webp,image/apng,*/*;q=0.8,application/signed-exchange;v=b3;q=0.7'
    'HTTP_SEC_FETCH_SITE' => 'none'
    'HTTP_SEC_FETCH_MODE' => 'navigate'
    'HTTP_SEC_FETCH_USER' => '?1'
    'HTTP_SEC_FETCH_DEST' => 'document'
    'HTTP_ACCEPT_ENCODING' => 'gzip, deflate, br, zstd'
    'HTTP_ACCEPT_LANGUAGE' => 'ru-RU,ru;q=0.9,en-US;q=0.8,en;q=0.7'
    'HTTP_COOKIE' => 'PHPSESSID=1aq6mh8fld246graoqq8hmbdeb; _csrf=88ad679eb83cfbb0e6537239e57452a937aca3d9098e2b104e51f3a123da0284a%3A2%3A%7Bi%3A0%3Bs%3A5%3A%22_csrf%22%3Bi%3A1%3Bs%3A32%3A%22ZYbiyZt1iLJysuc8DQ_ywGwRBUo0QRKG%22%3B%7D'
    'PATH' => '/root/.local/bin:/root/bin:/usr/local/sbin:/usr/local/bin:/usr/sbin:/usr/bin'
    'LD_LIBRARY_PATH' => '/opt/lampp/lib:/opt/lampp/lib'
    'SERVER_SIGNATURE' => ''
    'SERVER_SOFTWARE' => 'Apache/2.4.58 (Unix) OpenSSL/1.1.1w PHP/8.2.12 mod_perl/2.0.12 Perl/v5.34.1'
    'SERVER_NAME' => 'localhost'
    'SERVER_ADDR' => '::1'
    'SERVER_PORT' => '80'
    'REMOTE_ADDR' => '::1'
    'DOCUMENT_ROOT' => '/opt/lampp/htdocs'
    'REQUEST_SCHEME' => 'http'
    'CONTEXT_PREFIX' => ''
    'CONTEXT_DOCUMENT_ROOT' => '/opt/lampp/htdocs'
    'SERVER_ADMIN' => 'you@example.com'
    'SCRIPT_FILENAME' => '/opt/lampp/htdocs/web/index.php'
    'REMOTE_PORT' => '36870'
    'REDIRECT_URL' => '/'
    'GATEWAY_INTERFACE' => 'CGI/1.1'
    'SERVER_PROTOCOL' => 'HTTP/1.1'
    'REQUEST_METHOD' => 'GET'
    'QUERY_STRING' => ''
    'REQUEST_URI' => '/'
    'SCRIPT_NAME' => '/web/index.php'
    'PHP_SELF' => '/web/index.php'
    'REQUEST_TIME_FLOAT' => 1732011048.0306
    'REQUEST_TIME' => 1732011048
]
2024-11-19 11:11:33 [::1][-][1aq6mh8fld246graoqq8hmbdeb][error][yii\web\HttpException:404] yii\base\InvalidRouteException: Unable to resolve the request "". in /opt/lampp/htdocs/vendor/yiisoft/yii2/base/Module.php:561
Stack trace:
#0 /opt/lampp/htdocs/vendor/yiisoft/yii2/web/Application.php(103): yii\base\Module->runAction('', Array)
#1 /opt/lampp/htdocs/vendor/yiisoft/yii2/base/Application.php(384): yii\web\Application->handleRequest(Object(yii\web\Request))
#2 /opt/lampp/htdocs/web/index.php(12): yii\base\Application->run()
#3 {main}

Next yii\web\NotFoundHttpException: Страница не найдена. in /opt/lampp/htdocs/vendor/yiisoft/yii2/web/Application.php:115
Stack trace:
#0 /opt/lampp/htdocs/vendor/yiisoft/yii2/base/Application.php(384): yii\web\Application->handleRequest(Object(yii\web\Request))
#1 /opt/lampp/htdocs/web/index.php(12): yii\base\Application->run()
#2 {main}
2024-11-19 11:11:33 [::1][-][1aq6mh8fld246graoqq8hmbdeb][info][application] $_GET = []

$_POST = []

$_FILES = []

$_COOKIE = [
    'PHPSESSID' => '1aq6mh8fld246graoqq8hmbdeb'
    '_csrf' => '88ad679eb83cfbb0e6537239e57452a937aca3d9098e2b104e51f3a123da0284a:2:{i:0;s:5:\"_csrf\";i:1;s:32:\"ZYbiyZt1iLJysuc8DQ_ywGwRBUo0QRKG\";}'
]

$_SESSION = [
    '__flash' => []
]

$_SERVER = [
    'REDIRECT_UNIQUE_ID' => 'ZzxkVS599Zv7auMZMEOvAgAAAAs'
    'REDIRECT_STATUS' => '200'
    'UNIQUE_ID' => 'ZzxkVS599Zv7auMZMEOvAgAAAAs'
    'HTTP_HOST' => 'localhost'
    'HTTP_CONNECTION' => 'keep-alive'
    'HTTP_CACHE_CONTROL' => 'max-age=0'
    'HTTP_SEC_CH_UA' => '\"Not;A=Brand\";v=\"24\", \"Chromium\";v=\"128\"'
    'HTTP_SEC_CH_UA_MOBILE' => '?0'
    'HTTP_SEC_CH_UA_PLATFORM' => '\"Linux\"'
    'HTTP_UPGRADE_INSECURE_REQUESTS' => '1'
    'HTTP_USER_AGENT' => 'Mozilla/5.0 (X11; Linux x86_64; Chromium GOST) AppleWebKit/537.36 (KHTML, like Gecko) Chrome/128.0.0.0 Safari/537.36'
    'HTTP_ACCEPT' => 'text/html,application/xhtml+xml,application/xml;q=0.9,image/avif,image/webp,image/apng,*/*;q=0.8,application/signed-exchange;v=b3;q=0.7'
    'HTTP_SEC_FETCH_SITE' => 'none'
    'HTTP_SEC_FETCH_MODE' => 'navigate'
    'HTTP_SEC_FETCH_USER' => '?1'
    'HTTP_SEC_FETCH_DEST' => 'document'
    'HTTP_ACCEPT_ENCODING' => 'gzip, deflate, br, zstd'
    'HTTP_ACCEPT_LANGUAGE' => 'ru-RU,ru;q=0.9,en-US;q=0.8,en;q=0.7'
    'HTTP_COOKIE' => 'PHPSESSID=1aq6mh8fld246graoqq8hmbdeb; _csrf=88ad679eb83cfbb0e6537239e57452a937aca3d9098e2b104e51f3a123da0284a%3A2%3A%7Bi%3A0%3Bs%3A5%3A%22_csrf%22%3Bi%3A1%3Bs%3A32%3A%22ZYbiyZt1iLJysuc8DQ_ywGwRBUo0QRKG%22%3B%7D'
    'PATH' => '/root/.local/bin:/root/bin:/usr/local/sbin:/usr/local/bin:/usr/sbin:/usr/bin'
    'LD_LIBRARY_PATH' => '/opt/lampp/lib:/opt/lampp/lib'
    'SERVER_SIGNATURE' => ''
    'SERVER_SOFTWARE' => 'Apache/2.4.58 (Unix) OpenSSL/1.1.1w PHP/8.2.12 mod_perl/2.0.12 Perl/v5.34.1'
    'SERVER_NAME' => 'localhost'
    'SERVER_ADDR' => '::1'
    'SERVER_PORT' => '80'
    'REMOTE_ADDR' => '::1'
    'DOCUMENT_ROOT' => '/opt/lampp/htdocs'
    'REQUEST_SCHEME' => 'http'
    'CONTEXT_PREFIX' => ''
    'CONTEXT_DOCUMENT_ROOT' => '/opt/lampp/htdocs'
    'SERVER_ADMIN' => 'you@example.com'
    'SCRIPT_FILENAME' => '/opt/lampp/htdocs/web/index.php'
    'REMOTE_PORT' => '36888'
    'REDIRECT_URL' => '/'
    'GATEWAY_INTERFACE' => 'CGI/1.1'
    'SERVER_PROTOCOL' => 'HTTP/1.1'
    'REQUEST_METHOD' => 'GET'
    'QUERY_STRING' => ''
    'REQUEST_URI' => '/'
    'SCRIPT_NAME' => '/web/index.php'
    'PHP_SELF' => '/web/index.php'
    'REQUEST_TIME_FLOAT' => 1732011093.2895
    'REQUEST_TIME' => 1732011093
]
2024-11-19 11:11:34 [::1][-][1aq6mh8fld246graoqq8hmbdeb][error][yii\web\HttpException:404] yii\base\InvalidRouteException: Unable to resolve the request "". in /opt/lampp/htdocs/vendor/yiisoft/yii2/base/Module.php:561
Stack trace:
#0 /opt/lampp/htdocs/vendor/yiisoft/yii2/web/Application.php(103): yii\base\Module->runAction('', Array)
#1 /opt/lampp/htdocs/vendor/yiisoft/yii2/base/Application.php(384): yii\web\Application->handleRequest(Object(yii\web\Request))
#2 /opt/lampp/htdocs/web/index.php(12): yii\base\Application->run()
#3 {main}

Next yii\web\NotFoundHttpException: Страница не найдена. in /opt/lampp/htdocs/vendor/yiisoft/yii2/web/Application.php:115
Stack trace:
#0 /opt/lampp/htdocs/vendor/yiisoft/yii2/base/Application.php(384): yii\web\Application->handleRequest(Object(yii\web\Request))
#1 /opt/lampp/htdocs/web/index.php(12): yii\base\Application->run()
#2 {main}
2024-11-19 11:11:34 [::1][-][1aq6mh8fld246graoqq8hmbdeb][info][application] $_GET = []

$_POST = []

$_FILES = []

$_COOKIE = [
    'PHPSESSID' => '1aq6mh8fld246graoqq8hmbdeb'
    '_csrf' => '88ad679eb83cfbb0e6537239e57452a937aca3d9098e2b104e51f3a123da0284a:2:{i:0;s:5:\"_csrf\";i:1;s:32:\"ZYbiyZt1iLJysuc8DQ_ywGwRBUo0QRKG\";}'
]

$_SESSION = [
    '__flash' => []
]

$_SERVER = [
    'REDIRECT_UNIQUE_ID' => 'ZzxkVi599Zv7auMZMEOvAwAAAAs'
    'REDIRECT_STATUS' => '200'
    'UNIQUE_ID' => 'ZzxkVi599Zv7auMZMEOvAwAAAAs'
    'HTTP_HOST' => 'localhost'
    'HTTP_CONNECTION' => 'keep-alive'
    'HTTP_CACHE_CONTROL' => 'max-age=0'
    'HTTP_SEC_CH_UA' => '\"Not;A=Brand\";v=\"24\", \"Chromium\";v=\"128\"'
    'HTTP_SEC_CH_UA_MOBILE' => '?0'
    'HTTP_SEC_CH_UA_PLATFORM' => '\"Linux\"'
    'HTTP_UPGRADE_INSECURE_REQUESTS' => '1'
    'HTTP_USER_AGENT' => 'Mozilla/5.0 (X11; Linux x86_64; Chromium GOST) AppleWebKit/537.36 (KHTML, like Gecko) Chrome/128.0.0.0 Safari/537.36'
    'HTTP_ACCEPT' => 'text/html,application/xhtml+xml,application/xml;q=0.9,image/avif,image/webp,image/apng,*/*;q=0.8,application/signed-exchange;v=b3;q=0.7'
    'HTTP_SEC_FETCH_SITE' => 'none'
    'HTTP_SEC_FETCH_MODE' => 'navigate'
    'HTTP_SEC_FETCH_USER' => '?1'
    'HTTP_SEC_FETCH_DEST' => 'document'
    'HTTP_ACCEPT_ENCODING' => 'gzip, deflate, br, zstd'
    'HTTP_ACCEPT_LANGUAGE' => 'ru-RU,ru;q=0.9,en-US;q=0.8,en;q=0.7'
    'HTTP_COOKIE' => 'PHPSESSID=1aq6mh8fld246graoqq8hmbdeb; _csrf=88ad679eb83cfbb0e6537239e57452a937aca3d9098e2b104e51f3a123da0284a%3A2%3A%7Bi%3A0%3Bs%3A5%3A%22_csrf%22%3Bi%3A1%3Bs%3A32%3A%22ZYbiyZt1iLJysuc8DQ_ywGwRBUo0QRKG%22%3B%7D'
    'PATH' => '/root/.local/bin:/root/bin:/usr/local/sbin:/usr/local/bin:/usr/sbin:/usr/bin'
    'LD_LIBRARY_PATH' => '/opt/lampp/lib:/opt/lampp/lib'
    'SERVER_SIGNATURE' => ''
    'SERVER_SOFTWARE' => 'Apache/2.4.58 (Unix) OpenSSL/1.1.1w PHP/8.2.12 mod_perl/2.0.12 Perl/v5.34.1'
    'SERVER_NAME' => 'localhost'
    'SERVER_ADDR' => '::1'
    'SERVER_PORT' => '80'
    'REMOTE_ADDR' => '::1'
    'DOCUMENT_ROOT' => '/opt/lampp/htdocs'
    'REQUEST_SCHEME' => 'http'
    'CONTEXT_PREFIX' => ''
    'CONTEXT_DOCUMENT_ROOT' => '/opt/lampp/htdocs'
    'SERVER_ADMIN' => 'you@example.com'
    'SCRIPT_FILENAME' => '/opt/lampp/htdocs/web/index.php'
    'REMOTE_PORT' => '36888'
    'REDIRECT_URL' => '/'
    'GATEWAY_INTERFACE' => 'CGI/1.1'
    'SERVER_PROTOCOL' => 'HTTP/1.1'
    'REQUEST_METHOD' => 'GET'
    'QUERY_STRING' => ''
    'REQUEST_URI' => '/'
    'SCRIPT_NAME' => '/web/index.php'
    'PHP_SELF' => '/web/index.php'
    'REQUEST_TIME_FLOAT' => 1732011094.0292
    'REQUEST_TIME' => 1732011094
]
2024-11-19 11:11:35 [::1][-][1aq6mh8fld246graoqq8hmbdeb][error][yii\web\HttpException:404] yii\base\InvalidRouteException: Unable to resolve the request "". in /opt/lampp/htdocs/vendor/yiisoft/yii2/base/Module.php:561
Stack trace:
#0 /opt/lampp/htdocs/vendor/yiisoft/yii2/web/Application.php(103): yii\base\Module->runAction('', Array)
#1 /opt/lampp/htdocs/vendor/yiisoft/yii2/base/Application.php(384): yii\web\Application->handleRequest(Object(yii\web\Request))
#2 /opt/lampp/htdocs/web/index.php(12): yii\base\Application->run()
#3 {main}

Next yii\web\NotFoundHttpException: Страница не найдена. in /opt/lampp/htdocs/vendor/yiisoft/yii2/web/Application.php:115
Stack trace:
#0 /opt/lampp/htdocs/vendor/yiisoft/yii2/base/Application.php(384): yii\web\Application->handleRequest(Object(yii\web\Request))
#1 /opt/lampp/htdocs/web/index.php(12): yii\base\Application->run()
#2 {main}
2024-11-19 11:11:35 [::1][-][1aq6mh8fld246graoqq8hmbdeb][info][application] $_GET = []

$_POST = []

$_FILES = []

$_COOKIE = [
    'PHPSESSID' => '1aq6mh8fld246graoqq8hmbdeb'
    '_csrf' => '88ad679eb83cfbb0e6537239e57452a937aca3d9098e2b104e51f3a123da0284a:2:{i:0;s:5:\"_csrf\";i:1;s:32:\"ZYbiyZt1iLJysuc8DQ_ywGwRBUo0QRKG\";}'
]

$_SESSION = [
    '__flash' => []
]

$_SERVER = [
    'REDIRECT_UNIQUE_ID' => 'ZzxkVy599Zv7auMZMEOvBAAAAAs'
    'REDIRECT_STATUS' => '200'
    'UNIQUE_ID' => 'ZzxkVy599Zv7auMZMEOvBAAAAAs'
    'HTTP_HOST' => 'localhost'
    'HTTP_CONNECTION' => 'keep-alive'
    'HTTP_SEC_CH_UA' => '\"Not;A=Brand\";v=\"24\", \"Chromium\";v=\"128\"'
    'HTTP_SEC_CH_UA_MOBILE' => '?0'
    'HTTP_SEC_CH_UA_PLATFORM' => '\"Linux\"'
    'HTTP_UPGRADE_INSECURE_REQUESTS' => '1'
    'HTTP_USER_AGENT' => 'Mozilla/5.0 (X11; Linux x86_64; Chromium GOST) AppleWebKit/537.36 (KHTML, like Gecko) Chrome/128.0.0.0 Safari/537.36'
    'HTTP_ACCEPT' => 'text/html,application/xhtml+xml,application/xml;q=0.9,image/avif,image/webp,image/apng,*/*;q=0.8,application/signed-exchange;v=b3;q=0.7'
    'HTTP_SEC_FETCH_SITE' => 'same-origin'
    'HTTP_SEC_FETCH_MODE' => 'navigate'
    'HTTP_SEC_FETCH_USER' => '?1'
    'HTTP_SEC_FETCH_DEST' => 'document'
    'HTTP_REFERER' => 'http://localhost/'
    'HTTP_ACCEPT_ENCODING' => 'gzip, deflate, br, zstd'
    'HTTP_ACCEPT_LANGUAGE' => 'ru-RU,ru;q=0.9,en-US;q=0.8,en;q=0.7'
    'HTTP_COOKIE' => 'PHPSESSID=1aq6mh8fld246graoqq8hmbdeb; _csrf=88ad679eb83cfbb0e6537239e57452a937aca3d9098e2b104e51f3a123da0284a%3A2%3A%7Bi%3A0%3Bs%3A5%3A%22_csrf%22%3Bi%3A1%3Bs%3A32%3A%22ZYbiyZt1iLJysuc8DQ_ywGwRBUo0QRKG%22%3B%7D'
    'PATH' => '/root/.local/bin:/root/bin:/usr/local/sbin:/usr/local/bin:/usr/sbin:/usr/bin'
    'LD_LIBRARY_PATH' => '/opt/lampp/lib:/opt/lampp/lib'
    'SERVER_SIGNATURE' => ''
    'SERVER_SOFTWARE' => 'Apache/2.4.58 (Unix) OpenSSL/1.1.1w PHP/8.2.12 mod_perl/2.0.12 Perl/v5.34.1'
    'SERVER_NAME' => 'localhost'
    'SERVER_ADDR' => '::1'
    'SERVER_PORT' => '80'
    'REMOTE_ADDR' => '::1'
    'DOCUMENT_ROOT' => '/opt/lampp/htdocs'
    'REQUEST_SCHEME' => 'http'
    'CONTEXT_PREFIX' => ''
    'CONTEXT_DOCUMENT_ROOT' => '/opt/lampp/htdocs'
    'SERVER_ADMIN' => 'you@example.com'
    'SCRIPT_FILENAME' => '/opt/lampp/htdocs/web/index.php'
    'REMOTE_PORT' => '36888'
    'REDIRECT_URL' => '/'
    'GATEWAY_INTERFACE' => 'CGI/1.1'
    'SERVER_PROTOCOL' => 'HTTP/1.1'
    'REQUEST_METHOD' => 'GET'
    'QUERY_STRING' => ''
    'REQUEST_URI' => '/'
    'SCRIPT_NAME' => '/web/index.php'
    'PHP_SELF' => '/web/index.php'
    'REQUEST_TIME_FLOAT' => 1732011095.1101
    'REQUEST_TIME' => 1732011095
]
2024-11-19 11:11:38 [::1][-][1aq6mh8fld246graoqq8hmbdeb][error][yii\web\HttpException:404] yii\base\InvalidRouteException: Unable to resolve the request "". in /opt/lampp/htdocs/vendor/yiisoft/yii2/base/Module.php:561
Stack trace:
#0 /opt/lampp/htdocs/vendor/yiisoft/yii2/web/Application.php(103): yii\base\Module->runAction('', Array)
#1 /opt/lampp/htdocs/vendor/yiisoft/yii2/base/Application.php(384): yii\web\Application->handleRequest(Object(yii\web\Request))
#2 /opt/lampp/htdocs/web/index.php(12): yii\base\Application->run()
#3 {main}

Next yii\web\NotFoundHttpException: Страница не найдена. in /opt/lampp/htdocs/vendor/yiisoft/yii2/web/Application.php:115
Stack trace:
#0 /opt/lampp/htdocs/vendor/yiisoft/yii2/base/Application.php(384): yii\web\Application->handleRequest(Object(yii\web\Request))
#1 /opt/lampp/htdocs/web/index.php(12): yii\base\Application->run()
#2 {main}
2024-11-19 11:11:37 [::1][-][1aq6mh8fld246graoqq8hmbdeb][info][application] $_GET = []

$_POST = []

$_FILES = []

$_COOKIE = [
    'PHPSESSID' => '1aq6mh8fld246graoqq8hmbdeb'
    '_csrf' => '88ad679eb83cfbb0e6537239e57452a937aca3d9098e2b104e51f3a123da0284a:2:{i:0;s:5:\"_csrf\";i:1;s:32:\"ZYbiyZt1iLJysuc8DQ_ywGwRBUo0QRKG\";}'
]

$_SESSION = [
    '__flash' => []
]

$_SERVER = [
    'REDIRECT_UNIQUE_ID' => 'ZzxkWS599Zv7auMZMEOvBwAAAAs'
    'REDIRECT_STATUS' => '200'
    'UNIQUE_ID' => 'ZzxkWS599Zv7auMZMEOvBwAAAAs'
    'HTTP_HOST' => 'localhost'
    'HTTP_CONNECTION' => 'keep-alive'
    'HTTP_SEC_CH_UA' => '\"Not;A=Brand\";v=\"24\", \"Chromium\";v=\"128\"'
    'HTTP_SEC_CH_UA_MOBILE' => '?0'
    'HTTP_SEC_CH_UA_PLATFORM' => '\"Linux\"'
    'HTTP_UPGRADE_INSECURE_REQUESTS' => '1'
    'HTTP_USER_AGENT' => 'Mozilla/5.0 (X11; Linux x86_64; Chromium GOST) AppleWebKit/537.36 (KHTML, like Gecko) Chrome/128.0.0.0 Safari/537.36'
    'HTTP_ACCEPT' => 'text/html,application/xhtml+xml,application/xml;q=0.9,image/avif,image/webp,image/apng,*/*;q=0.8,application/signed-exchange;v=b3;q=0.7'
    'HTTP_SEC_FETCH_SITE' => 'same-origin'
    'HTTP_SEC_FETCH_MODE' => 'navigate'
    'HTTP_SEC_FETCH_USER' => '?1'
    'HTTP_SEC_FETCH_DEST' => 'document'
    'HTTP_REFERER' => 'http://localhost/site/login'
    'HTTP_ACCEPT_ENCODING' => 'gzip, deflate, br, zstd'
    'HTTP_ACCEPT_LANGUAGE' => 'ru-RU,ru;q=0.9,en-US;q=0.8,en;q=0.7'
    'HTTP_COOKIE' => 'PHPSESSID=1aq6mh8fld246graoqq8hmbdeb; _csrf=88ad679eb83cfbb0e6537239e57452a937aca3d9098e2b104e51f3a123da0284a%3A2%3A%7Bi%3A0%3Bs%3A5%3A%22_csrf%22%3Bi%3A1%3Bs%3A32%3A%22ZYbiyZt1iLJysuc8DQ_ywGwRBUo0QRKG%22%3B%7D'
    'PATH' => '/root/.local/bin:/root/bin:/usr/local/sbin:/usr/local/bin:/usr/sbin:/usr/bin'
    'LD_LIBRARY_PATH' => '/opt/lampp/lib:/opt/lampp/lib'
    'SERVER_SIGNATURE' => ''
    'SERVER_SOFTWARE' => 'Apache/2.4.58 (Unix) OpenSSL/1.1.1w PHP/8.2.12 mod_perl/2.0.12 Perl/v5.34.1'
    'SERVER_NAME' => 'localhost'
    'SERVER_ADDR' => '::1'
    'SERVER_PORT' => '80'
    'REMOTE_ADDR' => '::1'
    'DOCUMENT_ROOT' => '/opt/lampp/htdocs'
    'REQUEST_SCHEME' => 'http'
    'CONTEXT_PREFIX' => ''
    'CONTEXT_DOCUMENT_ROOT' => '/opt/lampp/htdocs'
    'SERVER_ADMIN' => 'you@example.com'
    'SCRIPT_FILENAME' => '/opt/lampp/htdocs/web/index.php'
    'REMOTE_PORT' => '36888'
    'REDIRECT_URL' => '/'
    'GATEWAY_INTERFACE' => 'CGI/1.1'
    'SERVER_PROTOCOL' => 'HTTP/1.1'
    'REQUEST_METHOD' => 'GET'
    'QUERY_STRING' => ''
    'REQUEST_URI' => '/'
    'SCRIPT_NAME' => '/web/index.php'
    'PHP_SELF' => '/web/index.php'
    'REQUEST_TIME_FLOAT' => 1732011097.9902
    'REQUEST_TIME' => 1732011097
]
2024-11-19 12:17:46 [10.179.101.0][-][jloh9dkkts3uk4bpf68v6jk2lh][error][yii\web\HttpException:404] yii\base\InvalidRouteException: Unable to resolve the request "test1/Belomytsev_gleb/bezoshibok_6/". in /home/test1/Belomytsev_gleb/bezoshibok_6/vendor/yiisoft/yii2/base/Module.php:561
Stack trace:
#0 /home/test1/Belomytsev_gleb/bezoshibok_6/vendor/yiisoft/yii2/web/Application.php(103): yii\base\Module->runAction('test1/Belomytse...', Array)
#1 /home/test1/Belomytsev_gleb/bezoshibok_6/vendor/yiisoft/yii2/base/Application.php(384): yii\web\Application->handleRequest(Object(yii\web\Request))
#2 /home/test1/Belomytsev_gleb/bezoshibok_6/web/index.php(12): yii\base\Application->run()
#3 {main}

Next yii\web\NotFoundHttpException: Страница не найдена. in /home/test1/Belomytsev_gleb/bezoshibok_6/vendor/yiisoft/yii2/web/Application.php:115
Stack trace:
#0 /home/test1/Belomytsev_gleb/bezoshibok_6/vendor/yiisoft/yii2/base/Application.php(384): yii\web\Application->handleRequest(Object(yii\web\Request))
#1 /home/test1/Belomytsev_gleb/bezoshibok_6/web/index.php(12): yii\base\Application->run()
#2 {main}
2024-11-19 12:17:46 [10.179.101.0][-][jloh9dkkts3uk4bpf68v6jk2lh][info][application] $_GET = []

$_POST = []

$_FILES = []

$_COOKIE = [
    'PHPSESSID' => 'jloh9dkkts3uk4bpf68v6jk2lh'
    '_csrf' => 'e55a7a0da6d81f350604647a7fb08d247be83032bdebd037301d52f38d24f82fa:2:{i:0;s:5:\"_csrf\";i:1;s:32:\"D90mciYOsVHcS6k9ms0Oixd3PHiz7QnZ\";}'
]

$_SESSION = [
    '__flash' => []
]

$_SERVER = [
    'REDIRECT_UNIQUE_ID' => 'Zzxz2g2tq21JxNbtW2z1mAAAAAI'
    'REDIRECT_STATUS' => '200'
    'UNIQUE_ID' => 'Zzxz2g2tq21JxNbtW2z1mAAAAAI'
    'HTTP_HOST' => '10.179.101.51'
    'HTTP_CONNECTION' => 'keep-alive'
    'HTTP_UPGRADE_INSECURE_REQUESTS' => '1'
    'HTTP_USER_AGENT' => 'Mozilla/5.0 (X11; Linux x86_64) AppleWebKit/537.36 (KHTML, like Gecko) Chrome/126.0.0.0 YaBrowser/24.7.0.0 Safari/537.36'
    'HTTP_ACCEPT' => 'text/html,application/xhtml+xml,application/xml;q=0.9,image/avif,image/webp,image/apng,*/*;q=0.8,application/signed-exchange;v=b3;q=0.7'
    'HTTP_REFERER' => 'http://10.179.101.51/test1/Belomytsev_gleb/'
    'HTTP_ACCEPT_ENCODING' => 'gzip, deflate'
    'HTTP_ACCEPT_LANGUAGE' => 'ru,en;q=0.9'
    'HTTP_COOKIE' => 'PHPSESSID=jloh9dkkts3uk4bpf68v6jk2lh; _csrf=e55a7a0da6d81f350604647a7fb08d247be83032bdebd037301d52f38d24f82fa%3A2%3A%7Bi%3A0%3Bs%3A5%3A%22_csrf%22%3Bi%3A1%3Bs%3A32%3A%22D90mciYOsVHcS6k9ms0Oixd3PHiz7QnZ%22%3B%7D'
    'PATH' => '/sbin:/bin:/usr/sbin:/usr/bin'
    'LD_LIBRARY_PATH' => '/opt/lampp/lib:/opt/lampp/lib'
    'SERVER_SIGNATURE' => ''
    'SERVER_SOFTWARE' => 'Apache/2.4.58 (Unix) OpenSSL/1.1.1w PHP/8.2.12 mod_perl/2.0.12 Perl/v5.34.1'
    'SERVER_NAME' => '10.179.101.51'
    'SERVER_ADDR' => '10.179.101.51'
    'SERVER_PORT' => '80'
    'REMOTE_ADDR' => '10.179.101.0'
    'DOCUMENT_ROOT' => '/home'
    'REQUEST_SCHEME' => 'http'
    'CONTEXT_PREFIX' => ''
    'CONTEXT_DOCUMENT_ROOT' => '/home'
    'SERVER_ADMIN' => 'you@example.com'
    'SCRIPT_FILENAME' => '/home/test1/Belomytsev_gleb/bezoshibok_6/web/index.php'
    'REMOTE_PORT' => '37154'
    'REDIRECT_URL' => '/test1/Belomytsev_gleb/bezoshibok_6/'
    'GATEWAY_INTERFACE' => 'CGI/1.1'
    'SERVER_PROTOCOL' => 'HTTP/1.1'
    'REQUEST_METHOD' => 'GET'
    'QUERY_STRING' => ''
    'REQUEST_URI' => '/test1/Belomytsev_gleb/bezoshibok_6/'
    'SCRIPT_NAME' => '/test1/Belomytsev_gleb/bezoshibok_6/web/index.php'
    'PHP_SELF' => '/test1/Belomytsev_gleb/bezoshibok_6/web/index.php'
    'REQUEST_TIME_FLOAT' => 1732015066.8077
    'REQUEST_TIME' => 1732015066
]
2024-11-19 12:25:03 [10.179.101.10][-][ophoihqiqi7dcnablsgstjj7cs][error][yii\web\HttpException:404] yii\base\InvalidRouteException: Unable to resolve the request "test1/kukushkin/bezoshibok_6/". in /home/test1/kukushkin/bezoshibok_6/vendor/yiisoft/yii2/base/Module.php:561
Stack trace:
#0 /home/test1/kukushkin/bezoshibok_6/vendor/yiisoft/yii2/web/Application.php(103): yii\base\Module->runAction('test1/kukushkin...', Array)
#1 /home/test1/kukushkin/bezoshibok_6/vendor/yiisoft/yii2/base/Application.php(384): yii\web\Application->handleRequest(Object(yii\web\Request))
#2 /home/test1/kukushkin/bezoshibok_6/web/index.php(12): yii\base\Application->run()
#3 {main}

Next yii\web\NotFoundHttpException: Страница не найдена. in /home/test1/kukushkin/bezoshibok_6/vendor/yiisoft/yii2/web/Application.php:115
Stack trace:
#0 /home/test1/kukushkin/bezoshibok_6/vendor/yiisoft/yii2/base/Application.php(384): yii\web\Application->handleRequest(Object(yii\web\Request))
#1 /home/test1/kukushkin/bezoshibok_6/web/index.php(12): yii\base\Application->run()
#2 {main}
2024-11-19 12:25:03 [10.179.101.10][-][ophoihqiqi7dcnablsgstjj7cs][info][application] $_GET = []

$_POST = []

$_FILES = []

$_COOKIE = [
    'PHPSESSID' => 'ophoihqiqi7dcnablsgstjj7cs'
    '_csrf' => '43fa9900da9fc517beaac17edaecd011c0e3794c5d174b255093eb883805f293a:2:{i:0;s:5:\"_csrf\";i:1;s:32:\"96FE6t23JA3_lGKvGLVRZsgUTKgtl5rn\";}'
]

$_SESSION = [
    '__flash' => []
]

$_SERVER = [
    'REDIRECT_UNIQUE_ID' => 'Zzx1jxB3vZgkOGWSuPJM_gAAAAc'
    'REDIRECT_STATUS' => '200'
    'UNIQUE_ID' => 'Zzx1jxB3vZgkOGWSuPJM_gAAAAc'
    'HTTP_HOST' => '10.179.101.51'
    'HTTP_CONNECTION' => 'keep-alive'
    'HTTP_UPGRADE_INSECURE_REQUESTS' => '1'
    'HTTP_USER_AGENT' => 'Mozilla/5.0 (X11; Linux x86_64; Chromium GOST) AppleWebKit/537.36 (KHTML, like Gecko) Chrome/128.0.0.0 Safari/537.36'
    'HTTP_ACCEPT' => 'text/html,application/xhtml+xml,application/xml;q=0.9,image/avif,image/webp,image/apng,*/*;q=0.8,application/signed-exchange;v=b3;q=0.7'
    'HTTP_REFERER' => 'http://10.179.101.51/test1/kukushkin/'
    'HTTP_ACCEPT_ENCODING' => 'gzip, deflate'
    'HTTP_ACCEPT_LANGUAGE' => 'ru-RU,ru;q=0.9'
    'HTTP_COOKIE' => 'PHPSESSID=ophoihqiqi7dcnablsgstjj7cs; _csrf=43fa9900da9fc517beaac17edaecd011c0e3794c5d174b255093eb883805f293a%3A2%3A%7Bi%3A0%3Bs%3A5%3A%22_csrf%22%3Bi%3A1%3Bs%3A32%3A%2296FE6t23JA3_lGKvGLVRZsgUTKgtl5rn%22%3B%7D'
    'PATH' => '/sbin:/bin:/usr/sbin:/usr/bin'
    'LD_LIBRARY_PATH' => '/opt/lampp/lib:/opt/lampp/lib'
    'SERVER_SIGNATURE' => ''
    'SERVER_SOFTWARE' => 'Apache/2.4.58 (Unix) OpenSSL/1.1.1w PHP/8.2.12 mod_perl/2.0.12 Perl/v5.34.1'
    'SERVER_NAME' => '10.179.101.51'
    'SERVER_ADDR' => '10.179.101.51'
    'SERVER_PORT' => '80'
    'REMOTE_ADDR' => '10.179.101.10'
    'DOCUMENT_ROOT' => '/home'
    'REQUEST_SCHEME' => 'http'
    'CONTEXT_PREFIX' => ''
    'CONTEXT_DOCUMENT_ROOT' => '/home'
    'SERVER_ADMIN' => 'you@example.com'
    'SCRIPT_FILENAME' => '/home/test1/kukushkin/bezoshibok_6/web/index.php'
    'REMOTE_PORT' => '36520'
    'REDIRECT_URL' => '/test1/kukushkin/bezoshibok_6/'
    'GATEWAY_INTERFACE' => 'CGI/1.1'
    'SERVER_PROTOCOL' => 'HTTP/1.1'
    'REQUEST_METHOD' => 'GET'
    'QUERY_STRING' => ''
    'REQUEST_URI' => '/test1/kukushkin/bezoshibok_6/'
    'SCRIPT_NAME' => '/test1/kukushkin/bezoshibok_6/web/index.php'
    'PHP_SELF' => '/test1/kukushkin/bezoshibok_6/web/index.php'
    'REQUEST_TIME_FLOAT' => 1732015503.2577
    'REQUEST_TIME' => 1732015503
]
2024-11-19 12:27:14 [10.179.101.29][-][att80r19b71uridimebiv65iej][error][yii\web\HttpException:404] yii\base\InvalidRouteException: Unable to resolve the request "test1/kukushkin/bezoshibok_6/". in /home/test1/kukushkin/bezoshibok_6/vendor/yiisoft/yii2/base/Module.php:561
Stack trace:
#0 /home/test1/kukushkin/bezoshibok_6/vendor/yiisoft/yii2/web/Application.php(103): yii\base\Module->runAction('test1/kukushkin...', Array)
#1 /home/test1/kukushkin/bezoshibok_6/vendor/yiisoft/yii2/base/Application.php(384): yii\web\Application->handleRequest(Object(yii\web\Request))
#2 /home/test1/kukushkin/bezoshibok_6/web/index.php(12): yii\base\Application->run()
#3 {main}

Next yii\web\NotFoundHttpException: Страница не найдена. in /home/test1/kukushkin/bezoshibok_6/vendor/yiisoft/yii2/web/Application.php:115
Stack trace:
#0 /home/test1/kukushkin/bezoshibok_6/vendor/yiisoft/yii2/base/Application.php(384): yii\web\Application->handleRequest(Object(yii\web\Request))
#1 /home/test1/kukushkin/bezoshibok_6/web/index.php(12): yii\base\Application->run()
#2 {main}
2024-11-19 12:27:14 [10.179.101.29][-][att80r19b71uridimebiv65iej][info][application] $_GET = []

$_POST = []

$_FILES = []

$_COOKIE = []

$_SESSION = [
    '__flash' => []
]

$_SERVER = [
    'REDIRECT_UNIQUE_ID' => 'Zzx2EiNbE7MZ1lBXaxvoAwAAAAE'
    'REDIRECT_STATUS' => '200'
    'UNIQUE_ID' => 'Zzx2EiNbE7MZ1lBXaxvoAwAAAAE'
    'HTTP_HOST' => '10.179.101.51'
    'HTTP_CONNECTION' => 'keep-alive'
    'HTTP_UPGRADE_INSECURE_REQUESTS' => '1'
    'HTTP_USER_AGENT' => 'Mozilla/5.0 (X11; Linux x86_64; Chromium GOST) AppleWebKit/537.36 (KHTML, like Gecko) Chrome/128.0.0.0 Safari/537.36'
    'HTTP_ACCEPT' => 'text/html,application/xhtml+xml,application/xml;q=0.9,image/avif,image/webp,image/apng,*/*;q=0.8,application/signed-exchange;v=b3;q=0.7'
    'HTTP_REFERER' => 'http://10.179.101.51/test1/kukushkin/'
    'HTTP_ACCEPT_ENCODING' => 'gzip, deflate'
    'HTTP_ACCEPT_LANGUAGE' => 'ru-RU,ru;q=0.9,en-US;q=0.8,en;q=0.7'
    'PATH' => '/sbin:/bin:/usr/sbin:/usr/bin'
    'LD_LIBRARY_PATH' => '/opt/lampp/lib:/opt/lampp/lib'
    'SERVER_SIGNATURE' => ''
    'SERVER_SOFTWARE' => 'Apache/2.4.58 (Unix) OpenSSL/1.1.1w PHP/8.2.12 mod_perl/2.0.12 Perl/v5.34.1'
    'SERVER_NAME' => '10.179.101.51'
    'SERVER_ADDR' => '10.179.101.51'
    'SERVER_PORT' => '80'
    'REMOTE_ADDR' => '10.179.101.29'
    'DOCUMENT_ROOT' => '/home'
    'REQUEST_SCHEME' => 'http'
    'CONTEXT_PREFIX' => ''
    'CONTEXT_DOCUMENT_ROOT' => '/home'
    'SERVER_ADMIN' => 'you@example.com'
    'SCRIPT_FILENAME' => '/home/test1/kukushkin/bezoshibok_6/web/index.php'
    'REMOTE_PORT' => '41012'
    'REDIRECT_URL' => '/test1/kukushkin/bezoshibok_6/'
    'GATEWAY_INTERFACE' => 'CGI/1.1'
    'SERVER_PROTOCOL' => 'HTTP/1.1'
    'REQUEST_METHOD' => 'GET'
    'QUERY_STRING' => ''
    'REQUEST_URI' => '/test1/kukushkin/bezoshibok_6/'
    'SCRIPT_NAME' => '/test1/kukushkin/bezoshibok_6/web/index.php'
    'PHP_SELF' => '/test1/kukushkin/bezoshibok_6/web/index.php'
    'REQUEST_TIME_FLOAT' => 1732015634.3411
    'REQUEST_TIME' => 1732015634
]
2024-11-19 12:35:12 [10.179.101.10][-][ophoihqiqi7dcnablsgstjj7cs][error][yii\web\HttpException:404] yii\base\InvalidRouteException: Unable to resolve the request "test1/kukushkin/bezoshibok_6/". in /home/test1/kukushkin/bezoshibok_6/vendor/yiisoft/yii2/base/Module.php:561
Stack trace:
#0 /home/test1/kukushkin/bezoshibok_6/vendor/yiisoft/yii2/web/Application.php(103): yii\base\Module->runAction('test1/kukushkin...', Array)
#1 /home/test1/kukushkin/bezoshibok_6/vendor/yiisoft/yii2/base/Application.php(384): yii\web\Application->handleRequest(Object(yii\web\Request))
#2 /home/test1/kukushkin/bezoshibok_6/web/index.php(12): yii\base\Application->run()
#3 {main}

Next yii\web\NotFoundHttpException: Страница не найдена. in /home/test1/kukushkin/bezoshibok_6/vendor/yiisoft/yii2/web/Application.php:115
Stack trace:
#0 /home/test1/kukushkin/bezoshibok_6/vendor/yiisoft/yii2/base/Application.php(384): yii\web\Application->handleRequest(Object(yii\web\Request))
#1 /home/test1/kukushkin/bezoshibok_6/web/index.php(12): yii\base\Application->run()
#2 {main}
2024-11-19 12:35:12 [10.179.101.10][-][ophoihqiqi7dcnablsgstjj7cs][info][application] $_GET = []

$_POST = []

$_FILES = []

$_COOKIE = [
    'PHPSESSID' => 'ophoihqiqi7dcnablsgstjj7cs'
    '_csrf' => 'e5cb428c73df82b235148d20f659ff71a9bcba17fb29f79d8ce94a3ab4ef40e3a:2:{i:0;s:5:\"_csrf\";i:1;s:32:\"0E7pbeZciI1knuypy53sRZSOBv8-_N19\";}'
]

$_SESSION = [
    '__flash' => []
]

$_SERVER = [
    'REDIRECT_UNIQUE_ID' => 'Zzx38D1qBhI2g54ercz_lwAAAAg'
    'REDIRECT_STATUS' => '200'
    'UNIQUE_ID' => 'Zzx38D1qBhI2g54ercz_lwAAAAg'
    'HTTP_HOST' => '10.179.101.51'
    'HTTP_CONNECTION' => 'keep-alive'
    'HTTP_UPGRADE_INSECURE_REQUESTS' => '1'
    'HTTP_USER_AGENT' => 'Mozilla/5.0 (X11; Linux x86_64; Chromium GOST) AppleWebKit/537.36 (KHTML, like Gecko) Chrome/128.0.0.0 Safari/537.36'
    'HTTP_ACCEPT' => 'text/html,application/xhtml+xml,application/xml;q=0.9,image/avif,image/webp,image/apng,*/*;q=0.8,application/signed-exchange;v=b3;q=0.7'
    'HTTP_REFERER' => 'http://10.179.101.51/test1/kukushkin/'
    'HTTP_ACCEPT_ENCODING' => 'gzip, deflate'
    'HTTP_ACCEPT_LANGUAGE' => 'ru-RU,ru;q=0.9'
    'HTTP_COOKIE' => 'PHPSESSID=ophoihqiqi7dcnablsgstjj7cs; _csrf=e5cb428c73df82b235148d20f659ff71a9bcba17fb29f79d8ce94a3ab4ef40e3a%3A2%3A%7Bi%3A0%3Bs%3A5%3A%22_csrf%22%3Bi%3A1%3Bs%3A32%3A%220E7pbeZciI1knuypy53sRZSOBv8-_N19%22%3B%7D'
    'PATH' => '/sbin:/bin:/usr/sbin:/usr/bin'
    'LD_LIBRARY_PATH' => '/opt/lampp/lib:/opt/lampp/lib'
    'SERVER_SIGNATURE' => ''
    'SERVER_SOFTWARE' => 'Apache/2.4.58 (Unix) OpenSSL/1.1.1w PHP/8.2.12 mod_perl/2.0.12 Perl/v5.34.1'
    'SERVER_NAME' => '10.179.101.51'
    'SERVER_ADDR' => '10.179.101.51'
    'SERVER_PORT' => '80'
    'REMOTE_ADDR' => '10.179.101.10'
    'DOCUMENT_ROOT' => '/home'
    'REQUEST_SCHEME' => 'http'
    'CONTEXT_PREFIX' => ''
    'CONTEXT_DOCUMENT_ROOT' => '/home'
    'SERVER_ADMIN' => 'you@example.com'
    'SCRIPT_FILENAME' => '/home/test1/kukushkin/bezoshibok_6/web/index.php'
    'REMOTE_PORT' => '44832'
    'REDIRECT_URL' => '/test1/kukushkin/bezoshibok_6/'
    'GATEWAY_INTERFACE' => 'CGI/1.1'
    'SERVER_PROTOCOL' => 'HTTP/1.1'
    'REQUEST_METHOD' => 'GET'
    'QUERY_STRING' => ''
    'REQUEST_URI' => '/test1/kukushkin/bezoshibok_6/'
    'SCRIPT_NAME' => '/test1/kukushkin/bezoshibok_6/web/index.php'
    'PHP_SELF' => '/test1/kukushkin/bezoshibok_6/web/index.php'
    'REQUEST_TIME_FLOAT' => 1732016112.0732
    'REQUEST_TIME' => 1732016112
]
